<Protocol Name="DRG">
    <The_Simulation_Start_at>2013-11-23,04:00:06</The_Simulation_Start_at>
    <The_Simulation_End_at>2013-11-23,21:29:25</The_Simulation_End_at>
    <Playground_X>2025</Playground_X>
    <Playground_Y>2025</Playground_Y>
    <Road_Length>452.804</Road_Length>
    <Road_Building_Density_Ratio>0.0883385</Road_Building_Density_Ratio>
    <Number_of_CrossRoads>9</Number_of_CrossRoads>
    <Number_of_Polygons>9</Number_of_Polygons>
    <Vehicle_In_City>600</Vehicle_In_City>
    <The_Range_of_Transmission>300</The_Range_of_Transmission>
    <Network_Identification_Number ID="0">
        <Network_Created_by>905</Network_Created_by>
        <Network_Creating_Time>660.3</Network_Creating_Time>
        <Network_Time_to_live>232.698</Network_Time_to_live>
        <The_Location_of_ZOR>41.3513,1028.3,0</The_Location_of_ZOR>
        <The_Shape_of_ZOR>1</The_Shape_of_ZOR>
        <The_Length_of_ZOR>1000</The_Length_of_ZOR>
        <The_Width_of_ZOR>6.5</The_Width_of_ZOR>
        <The_Location_of_ZOF>41.3513,1025.05,0</The_Location_of_ZOF>
        <The_Shape_of_ZOF>1</The_Shape_of_ZOF>
        <The_Length_of_ZOF>1000</The_Length_of_ZOF>
        <The_Width_of_ZOF>13</The_Width_of_ZOF>
        <The_Number_of_Received_Message_Nodes_ZOR>59</The_Number_of_Received_Message_Nodes_ZOR>
        <The_Number_of_Received_Message_Nodes_ZOF>88</The_Number_of_Received_Message_Nodes_ZOF>
        <The_Max_Hops>6</The_Max_Hops>
        <The_Max_Delay_Time>20.38</The_Max_Delay_Time>
        <The_Number_of_Nodes_Which_Passing_Through_ZOR>77</The_Number_of_Nodes_Which_Passing_Through_ZOR>
        <The_Number_of_Nodes_Which_Passing_Through_ZOF>92</The_Number_of_Nodes_Which_Passing_Through_ZOF>
        <The_Packet_Delivery_Ratio>0.766234</The_Packet_Delivery_Ratio>
        <The_Efficiency>1.87986e-07</The_Efficiency>
    </Network_Identification_Number>
    <Network_Identification_Number ID="1">
        <Network_Created_by>895</Network_Created_by>
        <Network_Creating_Time>660.3</Network_Creating_Time>
        <Network_Time_to_live>208.837</Network_Time_to_live>
        <The_Location_of_ZOR>54.3604,1028.3,0</The_Location_of_ZOR>
        <The_Shape_of_ZOR>1</The_Shape_of_ZOR>
        <The_Length_of_ZOR>1000</The_Length_of_ZOR>
        <The_Width_of_ZOR>6.5</The_Width_of_ZOR>
        <The_Location_of_ZOF>54.3604,1025.05,0</The_Location_of_ZOF>
        <The_Shape_of_ZOF>1</The_Shape_of_ZOF>
        <The_Length_of_ZOF>1000</The_Length_of_ZOF>
        <The_Width_of_ZOF>13</The_Width_of_ZOF>
        <The_Number_of_Received_Message_Nodes_ZOR>60</The_Number_of_Received_Message_Nodes_ZOR>
        <The_Number_of_Received_Message_Nodes_ZOF>87</The_Number_of_Received_Message_Nodes_ZOF>
        <The_Max_Hops>9</The_Max_Hops>
        <The_Max_Delay_Time>2.68335</The_Max_Delay_Time>
        <The_Number_of_Nodes_Which_Passing_Through_ZOR>75</The_Number_of_Nodes_Which_Passing_Through_ZOR>
        <The_Number_of_Nodes_Which_Passing_Through_ZOF>90</The_Number_of_Nodes_Which_Passing_Through_ZOF>
        <The_Packet_Delivery_Ratio>0.8</The_Packet_Delivery_Ratio>
        <The_Efficiency>2.23601e-06</The_Efficiency>
    </Network_Identification_Number>
    <Network_Identification_Number ID="2">
        <Network_Created_by>870</Network_Created_by>
        <Network_Creating_Time>660.3</Network_Creating_Time>
        <Network_Time_to_live>190.868</Network_Time_to_live>
        <The_Location_of_ZOR>519.98,1026.23,0</The_Location_of_ZOR>
        <The_Shape_of_ZOR>1</The_Shape_of_ZOR>
        <The_Length_of_ZOR>1000</The_Length_of_ZOR>
        <The_Width_of_ZOR>1000</The_Width_of_ZOR>
        <The_Location_of_ZOF>519.98,1026.23,0</The_Location_of_ZOF>
        <The_Shape_of_ZOF>1</The_Shape_of_ZOF>
        <The_Length_of_ZOF>1000</The_Length_of_ZOF>
        <The_Width_of_ZOF>1000</The_Width_of_ZOF>
        <The_Number_of_Received_Message_Nodes_ZOR>267</The_Number_of_Received_Message_Nodes_ZOR>
        <The_Number_of_Received_Message_Nodes_ZOF>267</The_Number_of_Received_Message_Nodes_ZOF>
        <The_Max_Hops>9</The_Max_Hops>
        <The_Max_Delay_Time>0.0636994</The_Max_Delay_Time>
        <The_Number_of_Nodes_Which_Passing_Through_ZOR>268</The_Number_of_Nodes_Which_Passing_Through_ZOR>
        <The_Number_of_Nodes_Which_Passing_Through_ZOF>268</The_Number_of_Nodes_Which_Passing_Through_ZOF>
        <The_Packet_Delivery_Ratio>0.996269</The_Packet_Delivery_Ratio>
        <The_Efficiency>6.70292e-05</The_Efficiency>
    </Network_Identification_Number>
    <Network_Identification_Number ID="3">
        <Network_Created_by>771</Network_Created_by>
        <Network_Creating_Time>660.3</Network_Creating_Time>
        <Network_Time_to_live>198.053</Network_Time_to_live>
        <The_Location_of_ZOR>1525.24,523.33,0</The_Location_of_ZOR>
        <The_Shape_of_ZOR>1</The_Shape_of_ZOR>
        <The_Length_of_ZOR>1000</The_Length_of_ZOR>
        <The_Width_of_ZOR>1000</The_Width_of_ZOR>
        <The_Location_of_ZOF>1525.24,523.33,0</The_Location_of_ZOF>
        <The_Shape_of_ZOF>1</The_Shape_of_ZOF>
        <The_Length_of_ZOF>1000</The_Length_of_ZOF>
        <The_Width_of_ZOF>1000</The_Width_of_ZOF>
        <The_Number_of_Received_Message_Nodes_ZOR>291</The_Number_of_Received_Message_Nodes_ZOR>
        <The_Number_of_Received_Message_Nodes_ZOF>291</The_Number_of_Received_Message_Nodes_ZOF>
        <The_Max_Hops>10</The_Max_Hops>
        <The_Max_Delay_Time>2.7682</The_Max_Delay_Time>
        <The_Number_of_Nodes_Which_Passing_Through_ZOR>297</The_Number_of_Nodes_Which_Passing_Through_ZOR>
        <The_Number_of_Nodes_Which_Passing_Through_ZOF>297</The_Number_of_Nodes_Which_Passing_Through_ZOF>
        <The_Packet_Delivery_Ratio>0.979798</The_Packet_Delivery_Ratio>
        <The_Efficiency>1.68547e-06</The_Efficiency>
    </Network_Identification_Number>
    <Network_Identification_Number ID="4">
        <Network_Created_by>766</Network_Created_by>
        <Network_Creating_Time>660.3</Network_Creating_Time>
        <Network_Time_to_live>188.924</Network_Time_to_live>
        <The_Location_of_ZOR>2021.66,521.705,0</The_Location_of_ZOR>
        <The_Shape_of_ZOR>1</The_Shape_of_ZOR>
        <The_Length_of_ZOR>1000</The_Length_of_ZOR>
        <The_Width_of_ZOR>6.5</The_Width_of_ZOR>
        <The_Location_of_ZOF>2021.66,524.955,0</The_Location_of_ZOF>
        <The_Shape_of_ZOF>1</The_Shape_of_ZOF>
        <The_Length_of_ZOF>1000</The_Length_of_ZOF>
        <The_Width_of_ZOF>13</The_Width_of_ZOF>
        <The_Number_of_Received_Message_Nodes_ZOR>63</The_Number_of_Received_Message_Nodes_ZOR>
        <The_Number_of_Received_Message_Nodes_ZOF>84</The_Number_of_Received_Message_Nodes_ZOF>
        <The_Max_Hops>4</The_Max_Hops>
        <The_Max_Delay_Time>83.5559</The_Max_Delay_Time>
        <The_Number_of_Nodes_Which_Passing_Through_ZOR>86</The_Number_of_Nodes_Which_Passing_Through_ZOR>
        <The_Number_of_Nodes_Which_Passing_Through_ZOF>95</The_Number_of_Nodes_Which_Passing_Through_ZOF>
        <The_Packet_Delivery_Ratio>0.732558</The_Packet_Delivery_Ratio>
        <The_Efficiency>2.92243e-08</The_Efficiency>
    </Network_Identification_Number>
    <Network_Identification_Number ID="5">
        <Network_Created_by>761</Network_Created_by>
        <Network_Creating_Time>660.3</Network_Creating_Time>
        <Network_Time_to_live>131.825</Network_Time_to_live>
        <The_Location_of_ZOR>528.332,1528.31,0</The_Location_of_ZOR>
        <The_Shape_of_ZOR>1</The_Shape_of_ZOR>
        <The_Length_of_ZOR>1000</The_Length_of_ZOR>
        <The_Width_of_ZOR>6.5</The_Width_of_ZOR>
        <The_Location_of_ZOF>528.332,1525.06,0</The_Location_of_ZOF>
        <The_Shape_of_ZOF>1</The_Shape_of_ZOF>
        <The_Length_of_ZOF>1000</The_Length_of_ZOF>
        <The_Width_of_ZOF>13</The_Width_of_ZOF>
        <The_Number_of_Received_Message_Nodes_ZOR>66</The_Number_of_Received_Message_Nodes_ZOR>
        <The_Number_of_Received_Message_Nodes_ZOF>113</The_Number_of_Received_Message_Nodes_ZOF>
        <The_Max_Hops>6</The_Max_Hops>
        <The_Max_Delay_Time>0.0604191</The_Max_Delay_Time>
        <The_Number_of_Nodes_Which_Passing_Through_ZOR>89</The_Number_of_Nodes_Which_Passing_Through_ZOR>
        <The_Number_of_Nodes_Which_Passing_Through_ZOF>115</The_Number_of_Nodes_Which_Passing_Through_ZOF>
        <The_Packet_Delivery_Ratio>0.741573</The_Packet_Delivery_Ratio>
        <The_Efficiency>6.13691e-05</The_Efficiency>
    </Network_Identification_Number>
    <Network_Identification_Number ID="6">
        <Network_Created_by>751</Network_Created_by>
        <Network_Creating_Time>660.3</Network_Creating_Time>
        <Network_Time_to_live>130.682</Network_Time_to_live>
        <The_Location_of_ZOR>1530.03,523.77,0</The_Location_of_ZOR>
        <The_Shape_of_ZOR>1</The_Shape_of_ZOR>
        <The_Length_of_ZOR>1000</The_Length_of_ZOR>
        <The_Width_of_ZOR>1000</The_Width_of_ZOR>
        <The_Location_of_ZOF>1530.03,523.77,0</The_Location_of_ZOF>
        <The_Shape_of_ZOF>1</The_Shape_of_ZOF>
        <The_Length_of_ZOF>1000</The_Length_of_ZOF>
        <The_Width_of_ZOF>1000</The_Width_of_ZOF>
        <The_Number_of_Received_Message_Nodes_ZOR>222</The_Number_of_Received_Message_Nodes_ZOR>
        <The_Number_of_Received_Message_Nodes_ZOF>222</The_Number_of_Received_Message_Nodes_ZOF>
        <The_Max_Hops>18</The_Max_Hops>
        <The_Max_Delay_Time>0.0629178</The_Max_Delay_Time>
        <The_Number_of_Nodes_Which_Passing_Through_ZOR>223</The_Number_of_Nodes_Which_Passing_Through_ZOR>
        <The_Number_of_Nodes_Which_Passing_Through_ZOF>223</The_Number_of_Nodes_Which_Passing_Through_ZOF>
        <The_Packet_Delivery_Ratio>0.995516</The_Packet_Delivery_Ratio>
        <The_Efficiency>0.000135621</The_Efficiency>
    </Network_Identification_Number>
    <Network_Identification_Number ID="7">
        <Network_Created_by>743</Network_Created_by>
        <Network_Creating_Time>660.3</Network_Creating_Time>
        <Network_Time_to_live>157.06</Network_Time_to_live>
        <The_Location_of_ZOR>1995.64,521.705,0</The_Location_of_ZOR>
        <The_Shape_of_ZOR>1</The_Shape_of_ZOR>
        <The_Length_of_ZOR>1000</The_Length_of_ZOR>
        <The_Width_of_ZOR>6.5</The_Width_of_ZOR>
        <The_Location_of_ZOF>1995.64,524.955,0</The_Location_of_ZOF>
        <The_Shape_of_ZOF>1</The_Shape_of_ZOF>
        <The_Length_of_ZOF>1000</The_Length_of_ZOF>
        <The_Width_of_ZOF>13</The_Width_of_ZOF>
        <The_Number_of_Received_Message_Nodes_ZOR>65</The_Number_of_Received_Message_Nodes_ZOR>
        <The_Number_of_Received_Message_Nodes_ZOF>93</The_Number_of_Received_Message_Nodes_ZOF>
        <The_Max_Hops>6</The_Max_Hops>
        <The_Max_Delay_Time>0.167551</The_Max_Delay_Time>
        <The_Number_of_Nodes_Which_Passing_Through_ZOR>86</The_Number_of_Nodes_Which_Passing_Through_ZOR>
        <The_Number_of_Nodes_Which_Passing_Through_ZOF>98</The_Number_of_Nodes_Which_Passing_Through_ZOF>
        <The_Packet_Delivery_Ratio>0.755814</The_Packet_Delivery_Ratio>
        <The_Efficiency>2.25547e-05</The_Efficiency>
    </Network_Identification_Number>
    <Network_Identification_Number ID="8">
        <Network_Created_by>729</Network_Created_by>
        <Network_Creating_Time>660.3</Network_Creating_Time>
        <Network_Time_to_live>147.914</Network_Time_to_live>
        <The_Location_of_ZOR>2008.65,521.705,0</The_Location_of_ZOR>
        <The_Shape_of_ZOR>1</The_Shape_of_ZOR>
        <The_Length_of_ZOR>1000</The_Length_of_ZOR>
        <The_Width_of_ZOR>6.5</The_Width_of_ZOR>
        <The_Location_of_ZOF>2008.65,524.955,0</The_Location_of_ZOF>
        <The_Shape_of_ZOF>1</The_Shape_of_ZOF>
        <The_Length_of_ZOF>1000</The_Length_of_ZOF>
        <The_Width_of_ZOF>13</The_Width_of_ZOF>
        <The_Number_of_Received_Message_Nodes_ZOR>59</The_Number_of_Received_Message_Nodes_ZOR>
        <The_Number_of_Received_Message_Nodes_ZOF>82</The_Number_of_Received_Message_Nodes_ZOF>
        <The_Max_Hops>6</The_Max_Hops>
        <The_Max_Delay_Time>0.0639449</The_Max_Delay_Time>
        <The_Number_of_Nodes_Which_Passing_Through_ZOR>82</The_Number_of_Nodes_Which_Passing_Through_ZOR>
        <The_Number_of_Nodes_Which_Passing_Through_ZOF>92</The_Number_of_Nodes_Which_Passing_Through_ZOF>
        <The_Packet_Delivery_Ratio>0.719512</The_Packet_Delivery_Ratio>
        <The_Efficiency>5.62604e-05</The_Efficiency>
    </Network_Identification_Number>
    <Network_Identification_Number ID="9">
        <Network_Created_by>707</Network_Created_by>
        <Network_Creating_Time>660.3</Network_Creating_Time>
        <Network_Time_to_live>137.472</Network_Time_to_live>
        <The_Location_of_ZOR>1528.68,1521.69,0</The_Location_of_ZOR>
        <The_Shape_of_ZOR>1</The_Shape_of_ZOR>
        <The_Length_of_ZOR>1000</The_Length_of_ZOR>
        <The_Width_of_ZOR>6.5</The_Width_of_ZOR>
        <The_Location_of_ZOF>1528.68,1524.94,0</The_Location_of_ZOF>
        <The_Shape_of_ZOF>1</The_Shape_of_ZOF>
        <The_Length_of_ZOF>1000</The_Length_of_ZOF>
        <The_Width_of_ZOF>13</The_Width_of_ZOF>
        <The_Number_of_Received_Message_Nodes_ZOR>66</The_Number_of_Received_Message_Nodes_ZOR>
        <The_Number_of_Received_Message_Nodes_ZOF>118</The_Number_of_Received_Message_Nodes_ZOF>
        <The_Max_Hops>9</The_Max_Hops>
        <The_Max_Delay_Time>0.0639545</The_Max_Delay_Time>
        <The_Number_of_Nodes_Which_Passing_Through_ZOR>81</The_Number_of_Nodes_Which_Passing_Through_ZOR>
        <The_Number_of_Nodes_Which_Passing_Through_ZOF>122</The_Number_of_Nodes_Which_Passing_Through_ZOF>
        <The_Packet_Delivery_Ratio>0.814815</The_Packet_Delivery_Ratio>
        <The_Efficiency>9.5554e-05</The_Efficiency>
    </Network_Identification_Number>
    <Network_Identification_Number ID="10">
        <Network_Created_by>676</Network_Created_by>
        <Network_Creating_Time>660.3</Network_Creating_Time>
        <Network_Time_to_live>148.347</Network_Time_to_live>
        <The_Location_of_ZOR>1558.67,1521.69,0</The_Location_of_ZOR>
        <The_Shape_of_ZOR>1</The_Shape_of_ZOR>
        <The_Length_of_ZOR>1000</The_Length_of_ZOR>
        <The_Width_of_ZOR>6.5</The_Width_of_ZOR>
        <The_Location_of_ZOF>1558.67,1524.94,0</The_Location_of_ZOF>
        <The_Shape_of_ZOF>1</The_Shape_of_ZOF>
        <The_Length_of_ZOF>1000</The_Length_of_ZOF>
        <The_Width_of_ZOF>13</The_Width_of_ZOF>
        <The_Number_of_Received_Message_Nodes_ZOR>62</The_Number_of_Received_Message_Nodes_ZOR>
        <The_Number_of_Received_Message_Nodes_ZOF>116</The_Number_of_Received_Message_Nodes_ZOF>
        <The_Max_Hops>11</The_Max_Hops>
        <The_Max_Delay_Time>0.0939604</The_Max_Delay_Time>
        <The_Number_of_Nodes_Which_Passing_Through_ZOR>77</The_Number_of_Nodes_Which_Passing_Through_ZOR>
        <The_Number_of_Nodes_Which_Passing_Through_ZOF>118</The_Number_of_Nodes_Which_Passing_Through_ZOF>
        <The_Packet_Delivery_Ratio>0.805195</The_Packet_Delivery_Ratio>
        <The_Efficiency>7.85539e-05</The_Efficiency>
    </Network_Identification_Number>
    <Network_Identification_Number ID="11">
        <Network_Created_by>631</Network_Created_by>
        <Network_Creating_Time>660.3</Network_Creating_Time>
        <Network_Time_to_live>147.828</Network_Time_to_live>
        <The_Location_of_ZOR>1525,531.45,0</The_Location_of_ZOR>
        <The_Shape_of_ZOR>1</The_Shape_of_ZOR>
        <The_Length_of_ZOR>1000</The_Length_of_ZOR>
        <The_Width_of_ZOR>1000</The_Width_of_ZOR>
        <The_Location_of_ZOF>1525,531.45,0</The_Location_of_ZOF>
        <The_Shape_of_ZOF>1</The_Shape_of_ZOF>
        <The_Length_of_ZOF>1000</The_Length_of_ZOF>
        <The_Width_of_ZOF>1000</The_Width_of_ZOF>
        <The_Number_of_Received_Message_Nodes_ZOR>284</The_Number_of_Received_Message_Nodes_ZOR>
        <The_Number_of_Received_Message_Nodes_ZOF>284</The_Number_of_Received_Message_Nodes_ZOF>
        <The_Max_Hops>10</The_Max_Hops>
        <The_Max_Delay_Time>0.163258</The_Max_Delay_Time>
        <The_Number_of_Nodes_Which_Passing_Through_ZOR>286</The_Number_of_Nodes_Which_Passing_Through_ZOR>
        <The_Number_of_Nodes_Which_Passing_Through_ZOF>286</The_Number_of_Nodes_Which_Passing_Through_ZOF>
        <The_Packet_Delivery_Ratio>0.993007</The_Packet_Delivery_Ratio>
        <The_Efficiency>2.8964e-05</The_Efficiency>
    </Network_Identification_Number>
    <Network_Identification_Number ID="12">
        <Network_Created_by>629</Network_Created_by>
        <Network_Creating_Time>660.3</Network_Creating_Time>
        <Network_Time_to_live>106.105</Network_Time_to_live>
        <The_Location_of_ZOR>1015.32,528.295,0</The_Location_of_ZOR>
        <The_Shape_of_ZOR>1</The_Shape_of_ZOR>
        <The_Length_of_ZOR>1000</The_Length_of_ZOR>
        <The_Width_of_ZOR>6.5</The_Width_of_ZOR>
        <The_Location_of_ZOF>1015.32,525.045,0</The_Location_of_ZOF>
        <The_Shape_of_ZOF>1</The_Shape_of_ZOF>
        <The_Length_of_ZOF>1000</The_Length_of_ZOF>
        <The_Width_of_ZOF>13</The_Width_of_ZOF>
        <The_Number_of_Received_Message_Nodes_ZOR>51</The_Number_of_Received_Message_Nodes_ZOR>
        <The_Number_of_Received_Message_Nodes_ZOF>105</The_Number_of_Received_Message_Nodes_ZOF>
        <The_Max_Hops>7</The_Max_Hops>
        <The_Max_Delay_Time>0.0611164</The_Max_Delay_Time>
        <The_Number_of_Nodes_Which_Passing_Through_ZOR>83</The_Number_of_Nodes_Which_Passing_Through_ZOR>
        <The_Number_of_Nodes_Which_Passing_Through_ZOF>115</The_Number_of_Nodes_Which_Passing_Through_ZOF>
        <The_Packet_Delivery_Ratio>0.614458</The_Packet_Delivery_Ratio>
        <The_Efficiency>5.86477e-05</The_Efficiency>
    </Network_Identification_Number>
    <Network_Identification_Number ID="13">
        <Network_Created_by>571</Network_Created_by>
        <Network_Creating_Time>660.3</Network_Creating_Time>
        <Network_Time_to_live>182.645</Network_Time_to_live>
        <The_Location_of_ZOR>525.23,1523.32,0</The_Location_of_ZOR>
        <The_Shape_of_ZOR>1</The_Shape_of_ZOR>
        <The_Length_of_ZOR>1000</The_Length_of_ZOR>
        <The_Width_of_ZOR>1000</The_Width_of_ZOR>
        <The_Location_of_ZOF>525.23,1523.32,0</The_Location_of_ZOF>
        <The_Shape_of_ZOF>1</The_Shape_of_ZOF>
        <The_Length_of_ZOF>1000</The_Length_of_ZOF>
        <The_Width_of_ZOF>1000</The_Width_of_ZOF>
        <The_Number_of_Received_Message_Nodes_ZOR>237</The_Number_of_Received_Message_Nodes_ZOR>
        <The_Number_of_Received_Message_Nodes_ZOF>237</The_Number_of_Received_Message_Nodes_ZOF>
        <The_Max_Hops>7</The_Max_Hops>
        <The_Max_Delay_Time>20.355</The_Max_Delay_Time>
        <The_Number_of_Nodes_Which_Passing_Through_ZOR>238</The_Number_of_Nodes_Which_Passing_Through_ZOR>
        <The_Number_of_Nodes_Which_Passing_Through_ZOF>238</The_Number_of_Nodes_Which_Passing_Through_ZOF>
        <The_Packet_Delivery_Ratio>0.995798</The_Packet_Delivery_Ratio>
        <The_Efficiency>1.63072e-07</The_Efficiency>
    </Network_Identification_Number>
    <Network_Identification_Number ID="14">
        <Network_Created_by>567</Network_Created_by>
        <Network_Creating_Time>660.3</Network_Creating_Time>
        <Network_Time_to_live>174.491</Network_Time_to_live>
        <The_Location_of_ZOR>519.98,526.23,0</The_Location_of_ZOR>
        <The_Shape_of_ZOR>1</The_Shape_of_ZOR>
        <The_Length_of_ZOR>1000</The_Length_of_ZOR>
        <The_Width_of_ZOR>1000</The_Width_of_ZOR>
        <The_Location_of_ZOF>519.98,526.23,0</The_Location_of_ZOF>
        <The_Shape_of_ZOF>1</The_Shape_of_ZOF>
        <The_Length_of_ZOF>1000</The_Length_of_ZOF>
        <The_Width_of_ZOF>1000</The_Width_of_ZOF>
        <The_Number_of_Received_Message_Nodes_ZOR>197</The_Number_of_Received_Message_Nodes_ZOR>
        <The_Number_of_Received_Message_Nodes_ZOF>197</The_Number_of_Received_Message_Nodes_ZOF>
        <The_Max_Hops>7</The_Max_Hops>
        <The_Max_Delay_Time>0.0880264</The_Max_Delay_Time>
        <The_Number_of_Nodes_Which_Passing_Through_ZOR>198</The_Number_of_Nodes_Which_Passing_Through_ZOR>
        <The_Number_of_Nodes_Which_Passing_Through_ZOF>198</The_Number_of_Nodes_Which_Passing_Through_ZOF>
        <The_Packet_Delivery_Ratio>0.994949</The_Packet_Delivery_Ratio>
        <The_Efficiency>3.76762e-05</The_Efficiency>
    </Network_Identification_Number>
    <Network_Identification_Number ID="15">
        <Network_Created_by>553</Network_Created_by>
        <Network_Creating_Time>660.3</Network_Creating_Time>
        <Network_Time_to_live>222.717</Network_Time_to_live>
        <The_Location_of_ZOR>1028.3,899.242,0</The_Location_of_ZOR>
        <The_Shape_of_ZOR>1</The_Shape_of_ZOR>
        <The_Length_of_ZOR>1000</The_Length_of_ZOR>
        <The_Width_of_ZOR>6.5</The_Width_of_ZOR>
        <The_Location_of_ZOF>1025.05,899.242,0</The_Location_of_ZOF>
        <The_Shape_of_ZOF>1</The_Shape_of_ZOF>
        <The_Length_of_ZOF>1000</The_Length_of_ZOF>
        <The_Width_of_ZOF>13</The_Width_of_ZOF>
        <The_Number_of_Received_Message_Nodes_ZOR>59</The_Number_of_Received_Message_Nodes_ZOR>
        <The_Number_of_Received_Message_Nodes_ZOF>137</The_Number_of_Received_Message_Nodes_ZOF>
        <The_Max_Hops>10</The_Max_Hops>
        <The_Max_Delay_Time>0.0600756</The_Max_Delay_Time>
        <The_Number_of_Nodes_Which_Passing_Through_ZOR>104</The_Number_of_Nodes_Which_Passing_Through_ZOR>
        <The_Number_of_Nodes_Which_Passing_Through_ZOF>147</The_Number_of_Nodes_Which_Passing_Through_ZOF>
        <The_Packet_Delivery_Ratio>0.567308</The_Packet_Delivery_Ratio>
        <The_Efficiency>7.86936e-05</The_Efficiency>
    </Network_Identification_Number>
    <Network_Identification_Number ID="16">
        <Network_Created_by>549</Network_Created_by>
        <Network_Creating_Time>660.3</Network_Creating_Time>
        <Network_Time_to_live>139.563</Network_Time_to_live>
        <The_Location_of_ZOR>105.8,1528.31,0</The_Location_of_ZOR>
        <The_Shape_of_ZOR>1</The_Shape_of_ZOR>
        <The_Length_of_ZOR>1000</The_Length_of_ZOR>
        <The_Width_of_ZOR>6.5</The_Width_of_ZOR>
        <The_Location_of_ZOF>105.8,1525.06,0</The_Location_of_ZOF>
        <The_Shape_of_ZOF>1</The_Shape_of_ZOF>
        <The_Length_of_ZOF>1000</The_Length_of_ZOF>
        <The_Width_of_ZOF>13</The_Width_of_ZOF>
        <The_Number_of_Received_Message_Nodes_ZOR>44</The_Number_of_Received_Message_Nodes_ZOR>
        <The_Number_of_Received_Message_Nodes_ZOF>82</The_Number_of_Received_Message_Nodes_ZOF>
        <The_Max_Hops>4</The_Max_Hops>
        <The_Max_Delay_Time>2.59241</The_Max_Delay_Time>
        <The_Number_of_Nodes_Which_Passing_Through_ZOR>60</The_Number_of_Nodes_Which_Passing_Through_ZOR>
        <The_Number_of_Nodes_Which_Passing_Through_ZOF>85</The_Number_of_Nodes_Which_Passing_Through_ZOF>
        <The_Packet_Delivery_Ratio>0.733333</The_Packet_Delivery_Ratio>
        <The_Efficiency>9.42923e-07</The_Efficiency>
    </Network_Identification_Number>
    <Network_Identification_Number ID="17">
        <Network_Created_by>546</Network_Created_by>
        <Network_Creating_Time>660.3</Network_Creating_Time>
        <Network_Time_to_live>182.651</Network_Time_to_live>
        <The_Location_of_ZOR>551.351,528.295,0</The_Location_of_ZOR>
        <The_Shape_of_ZOR>1</The_Shape_of_ZOR>
        <The_Length_of_ZOR>1000</The_Length_of_ZOR>
        <The_Width_of_ZOR>6.5</The_Width_of_ZOR>
        <The_Location_of_ZOF>551.351,525.045,0</The_Location_of_ZOF>
        <The_Shape_of_ZOF>1</The_Shape_of_ZOF>
        <The_Length_of_ZOF>1000</The_Length_of_ZOF>
        <The_Width_of_ZOF>13</The_Width_of_ZOF>
        <The_Number_of_Received_Message_Nodes_ZOR>100</The_Number_of_Received_Message_Nodes_ZOR>
        <The_Number_of_Received_Message_Nodes_ZOF>162</The_Number_of_Received_Message_Nodes_ZOF>
        <The_Max_Hops>10</The_Max_Hops>
        <The_Max_Delay_Time>0.0607819</The_Max_Delay_Time>
        <The_Number_of_Nodes_Which_Passing_Through_ZOR>149</The_Number_of_Nodes_Which_Passing_Through_ZOR>
        <The_Number_of_Nodes_Which_Passing_Through_ZOF>173</The_Number_of_Nodes_Which_Passing_Through_ZOF>
        <The_Packet_Delivery_Ratio>0.671141</The_Packet_Delivery_Ratio>
        <The_Efficiency>9.20149e-05</The_Efficiency>
    </Network_Identification_Number>
    <Network_Identification_Number ID="18">
        <Network_Created_by>543</Network_Created_by>
        <Network_Creating_Time>660.3</Network_Creating_Time>
        <Network_Time_to_live>76.1285</Network_Time_to_live>
        <The_Location_of_ZOR>1528.3,874.106,0</The_Location_of_ZOR>
        <The_Shape_of_ZOR>1</The_Shape_of_ZOR>
        <The_Length_of_ZOR>1000</The_Length_of_ZOR>
        <The_Width_of_ZOR>6.5</The_Width_of_ZOR>
        <The_Location_of_ZOF>1525.05,874.106,0</The_Location_of_ZOF>
        <The_Shape_of_ZOF>1</The_Shape_of_ZOF>
        <The_Length_of_ZOF>1000</The_Length_of_ZOF>
        <The_Width_of_ZOF>13</The_Width_of_ZOF>
        <The_Number_of_Received_Message_Nodes_ZOR>46</The_Number_of_Received_Message_Nodes_ZOR>
        <The_Number_of_Received_Message_Nodes_ZOF>100</The_Number_of_Received_Message_Nodes_ZOF>
        <The_Max_Hops>6</The_Max_Hops>
        <The_Max_Delay_Time>0.0601653</The_Max_Delay_Time>
        <The_Number_of_Nodes_Which_Passing_Through_ZOR>63</The_Number_of_Nodes_Which_Passing_Through_ZOR>
        <The_Number_of_Nodes_Which_Passing_Through_ZOF>106</The_Number_of_Nodes_Which_Passing_Through_ZOF>
        <The_Packet_Delivery_Ratio>0.730159</The_Packet_Delivery_Ratio>
        <The_Efficiency>6.06794e-05</The_Efficiency>
    </Network_Identification_Number>
    <Network_Identification_Number ID="19">
        <Network_Created_by>533</Network_Created_by>
        <Network_Creating_Time>660.3</Network_Creating_Time>
        <Network_Time_to_live>185.932</Network_Time_to_live>
        <The_Location_of_ZOR>1508.16,1021.7,0</The_Location_of_ZOR>
        <The_Shape_of_ZOR>1</The_Shape_of_ZOR>
        <The_Length_of_ZOR>1000</The_Length_of_ZOR>
        <The_Width_of_ZOR>6.5</The_Width_of_ZOR>
        <The_Location_of_ZOF>1508.16,1024.95,0</The_Location_of_ZOF>
        <The_Shape_of_ZOF>1</The_Shape_of_ZOF>
        <The_Length_of_ZOF>1000</The_Length_of_ZOF>
        <The_Width_of_ZOF>13</The_Width_of_ZOF>
        <The_Number_of_Received_Message_Nodes_ZOR>103</The_Number_of_Received_Message_Nodes_ZOR>
        <The_Number_of_Received_Message_Nodes_ZOF>166</The_Number_of_Received_Message_Nodes_ZOF>
        <The_Max_Hops>9</The_Max_Hops>
        <The_Max_Delay_Time>32.9587</The_Max_Delay_Time>
        <The_Number_of_Nodes_Which_Passing_Through_ZOR>144</The_Number_of_Nodes_Which_Passing_Through_ZOR>
        <The_Number_of_Nodes_Which_Passing_Through_ZOF>173</The_Number_of_Nodes_Which_Passing_Through_ZOF>
        <The_Packet_Delivery_Ratio>0.715278</The_Packet_Delivery_Ratio>
        <The_Efficiency>1.62767e-07</The_Efficiency>
    </Network_Identification_Number>
    <Network_Identification_Number ID="20">
        <Network_Created_by>529</Network_Created_by>
        <Network_Creating_Time>660.3</Network_Creating_Time>
        <Network_Time_to_live>111.033</Network_Time_to_live>
        <The_Location_of_ZOR>1498.65,1521.61,0</The_Location_of_ZOR>
        <The_Shape_of_ZOR>1</The_Shape_of_ZOR>
        <The_Length_of_ZOR>1000</The_Length_of_ZOR>
        <The_Width_of_ZOR>6.5</The_Width_of_ZOR>
        <The_Location_of_ZOF>1498.65,1524.86,0</The_Location_of_ZOF>
        <The_Shape_of_ZOF>1</The_Shape_of_ZOF>
        <The_Length_of_ZOF>1000</The_Length_of_ZOF>
        <The_Width_of_ZOF>13</The_Width_of_ZOF>
        <The_Number_of_Received_Message_Nodes_ZOR>71</The_Number_of_Received_Message_Nodes_ZOR>
        <The_Number_of_Received_Message_Nodes_ZOF>133</The_Number_of_Received_Message_Nodes_ZOF>
        <The_Max_Hops>7</The_Max_Hops>
        <The_Max_Delay_Time>0.0607927</The_Max_Delay_Time>
        <The_Number_of_Nodes_Which_Passing_Through_ZOR>94</The_Number_of_Nodes_Which_Passing_Through_ZOR>
        <The_Number_of_Nodes_Which_Passing_Through_ZOF>136</The_Number_of_Nodes_Which_Passing_Through_ZOF>
        <The_Packet_Delivery_Ratio>0.755319</The_Packet_Delivery_Ratio>
        <The_Efficiency>7.24762e-05</The_Efficiency>
    </Network_Identification_Number>
    <Network_Identification_Number ID="21">
        <Network_Created_by>506</Network_Created_by>
        <Network_Creating_Time>660.3</Network_Creating_Time>
        <Network_Time_to_live>204.068</Network_Time_to_live>
        <The_Location_of_ZOR>1021.61,639.848,0</The_Location_of_ZOR>
        <The_Shape_of_ZOR>1</The_Shape_of_ZOR>
        <The_Length_of_ZOR>1000</The_Length_of_ZOR>
        <The_Width_of_ZOR>6.5</The_Width_of_ZOR>
        <The_Location_of_ZOF>1024.86,639.848,0</The_Location_of_ZOF>
        <The_Shape_of_ZOF>1</The_Shape_of_ZOF>
        <The_Length_of_ZOF>1000</The_Length_of_ZOF>
        <The_Width_of_ZOF>13</The_Width_of_ZOF>
        <The_Number_of_Received_Message_Nodes_ZOR>65</The_Number_of_Received_Message_Nodes_ZOR>
        <The_Number_of_Received_Message_Nodes_ZOF>115</The_Number_of_Received_Message_Nodes_ZOF>
        <The_Max_Hops>6</The_Max_Hops>
        <The_Max_Delay_Time>0.0601111</The_Max_Delay_Time>
        <The_Number_of_Nodes_Which_Passing_Through_ZOR>90</The_Number_of_Nodes_Which_Passing_Through_ZOR>
        <The_Number_of_Nodes_Which_Passing_Through_ZOF>119</The_Number_of_Nodes_Which_Passing_Through_ZOF>
        <The_Packet_Delivery_Ratio>0.722222</The_Packet_Delivery_Ratio>
        <The_Efficiency>6.00739e-05</The_Efficiency>
    </Network_Identification_Number>
    <Network_Identification_Number ID="22">
        <Network_Created_by>493</Network_Created_by>
        <Network_Creating_Time>660.3</Network_Creating_Time>
        <Network_Time_to_live>76.6068</Network_Time_to_live>
        <The_Location_of_ZOR>646.419,1028.3,0</The_Location_of_ZOR>
        <The_Shape_of_ZOR>1</The_Shape_of_ZOR>
        <The_Length_of_ZOR>1000</The_Length_of_ZOR>
        <The_Width_of_ZOR>6.5</The_Width_of_ZOR>
        <The_Location_of_ZOF>646.419,1025.05,0</The_Location_of_ZOF>
        <The_Shape_of_ZOF>1</The_Shape_of_ZOF>
        <The_Length_of_ZOF>1000</The_Length_of_ZOF>
        <The_Width_of_ZOF>13</The_Width_of_ZOF>
        <The_Number_of_Received_Message_Nodes_ZOR>47</The_Number_of_Received_Message_Nodes_ZOR>
        <The_Number_of_Received_Message_Nodes_ZOF>77</The_Number_of_Received_Message_Nodes_ZOF>
        <The_Max_Hops>6</The_Max_Hops>
        <The_Max_Delay_Time>0.09275</The_Max_Delay_Time>
        <The_Number_of_Nodes_Which_Passing_Through_ZOR>55</The_Number_of_Nodes_Which_Passing_Through_ZOR>
        <The_Number_of_Nodes_Which_Passing_Through_ZOF>80</The_Number_of_Nodes_Which_Passing_Through_ZOF>
        <The_Packet_Delivery_Ratio>0.854545</The_Packet_Delivery_Ratio>
        <The_Efficiency>4.60671e-05</The_Efficiency>
    </Network_Identification_Number>
    <Network_Identification_Number ID="23">
        <Network_Created_by>425</Network_Created_by>
        <Network_Creating_Time>660.3</Network_Creating_Time>
        <Network_Time_to_live>88.7761</Network_Time_to_live>
        <The_Location_of_ZOR>1030.02,1023.77,0</The_Location_of_ZOR>
        <The_Shape_of_ZOR>1</The_Shape_of_ZOR>
        <The_Length_of_ZOR>1000</The_Length_of_ZOR>
        <The_Width_of_ZOR>1000</The_Width_of_ZOR>
        <The_Location_of_ZOF>1030.02,1023.77,0</The_Location_of_ZOF>
        <The_Shape_of_ZOF>1</The_Shape_of_ZOF>
        <The_Length_of_ZOF>1000</The_Length_of_ZOF>
        <The_Width_of_ZOF>1000</The_Width_of_ZOF>
        <The_Number_of_Received_Message_Nodes_ZOR>253</The_Number_of_Received_Message_Nodes_ZOR>
        <The_Number_of_Received_Message_Nodes_ZOF>253</The_Number_of_Received_Message_Nodes_ZOF>
        <The_Max_Hops>14</The_Max_Hops>
        <The_Max_Delay_Time>0.0915136</The_Max_Delay_Time>
        <The_Number_of_Nodes_Which_Passing_Through_ZOR>254</The_Number_of_Nodes_Which_Passing_Through_ZOR>
        <The_Number_of_Nodes_Which_Passing_Through_ZOF>254</The_Number_of_Nodes_Which_Passing_Through_ZOF>
        <The_Packet_Delivery_Ratio>0.996063</The_Packet_Delivery_Ratio>
        <The_Efficiency>7.25621e-05</The_Efficiency>
    </Network_Identification_Number>
    <Network_Identification_Number ID="24">
        <Network_Created_by>423</Network_Created_by>
        <Network_Creating_Time>660.3</Network_Creating_Time>
        <Network_Time_to_live>153.39</Network_Time_to_live>
        <The_Location_of_ZOR>1498.65,1021.7,0</The_Location_of_ZOR>
        <The_Shape_of_ZOR>1</The_Shape_of_ZOR>
        <The_Length_of_ZOR>1000</The_Length_of_ZOR>
        <The_Width_of_ZOR>6.5</The_Width_of_ZOR>
        <The_Location_of_ZOF>1498.65,1024.95,0</The_Location_of_ZOF>
        <The_Shape_of_ZOF>1</The_Shape_of_ZOF>
        <The_Length_of_ZOF>1000</The_Length_of_ZOF>
        <The_Width_of_ZOF>13</The_Width_of_ZOF>
        <The_Number_of_Received_Message_Nodes_ZOR>76</The_Number_of_Received_Message_Nodes_ZOR>
        <The_Number_of_Received_Message_Nodes_ZOF>129</The_Number_of_Received_Message_Nodes_ZOF>
        <The_Max_Hops>8</The_Max_Hops>
        <The_Max_Delay_Time>0.0608915</The_Max_Delay_Time>
        <The_Number_of_Nodes_Which_Passing_Through_ZOR>108</The_Number_of_Nodes_Which_Passing_Through_ZOR>
        <The_Number_of_Nodes_Which_Passing_Through_ZOF>133</The_Number_of_Nodes_Which_Passing_Through_ZOF>
        <The_Packet_Delivery_Ratio>0.703704</The_Packet_Delivery_Ratio>
        <The_Efficiency>7.70446e-05</The_Efficiency>
    </Network_Identification_Number>
    <Network_Identification_Number ID="25">
        <Network_Created_by>416</Network_Created_by>
        <Network_Creating_Time>660.3</Network_Creating_Time>
        <Network_Time_to_live>200.255</Network_Time_to_live>
        <The_Location_of_ZOR>1019.98,526.23,0</The_Location_of_ZOR>
        <The_Shape_of_ZOR>1</The_Shape_of_ZOR>
        <The_Length_of_ZOR>1000</The_Length_of_ZOR>
        <The_Width_of_ZOR>1000</The_Width_of_ZOR>
        <The_Location_of_ZOF>1019.98,526.23,0</The_Location_of_ZOF>
        <The_Shape_of_ZOF>1</The_Shape_of_ZOF>
        <The_Length_of_ZOF>1000</The_Length_of_ZOF>
        <The_Width_of_ZOF>1000</The_Width_of_ZOF>
        <The_Number_of_Received_Message_Nodes_ZOR>291</The_Number_of_Received_Message_Nodes_ZOR>
        <The_Number_of_Received_Message_Nodes_ZOF>291</The_Number_of_Received_Message_Nodes_ZOF>
        <The_Max_Hops>9</The_Max_Hops>
        <The_Max_Delay_Time>0.0691486</The_Max_Delay_Time>
        <The_Number_of_Nodes_Which_Passing_Through_ZOR>292</The_Number_of_Nodes_Which_Passing_Through_ZOR>
        <The_Number_of_Nodes_Which_Passing_Through_ZOF>292</The_Number_of_Nodes_Which_Passing_Through_ZOF>
        <The_Packet_Delivery_Ratio>0.996575</The_Packet_Delivery_Ratio>
        <The_Efficiency>6.17661e-05</The_Efficiency>
    </Network_Identification_Number>
    <Network_Identification_Number ID="26">
        <Network_Created_by>409</Network_Created_by>
        <Network_Creating_Time>660.3</Network_Creating_Time>
        <Network_Time_to_live>69.6169</Network_Time_to_live>
        <The_Location_of_ZOR>1528.4,814.263,0</The_Location_of_ZOR>
        <The_Shape_of_ZOR>1</The_Shape_of_ZOR>
        <The_Length_of_ZOR>1000</The_Length_of_ZOR>
        <The_Width_of_ZOR>6.5</The_Width_of_ZOR>
        <The_Location_of_ZOF>1525.15,814.263,0</The_Location_of_ZOF>
        <The_Shape_of_ZOF>1</The_Shape_of_ZOF>
        <The_Length_of_ZOF>1000</The_Length_of_ZOF>
        <The_Width_of_ZOF>13</The_Width_of_ZOF>
        <The_Number_of_Received_Message_Nodes_ZOR>50</The_Number_of_Received_Message_Nodes_ZOR>
        <The_Number_of_Received_Message_Nodes_ZOF>108</The_Number_of_Received_Message_Nodes_ZOF>
        <The_Max_Hops>8</The_Max_Hops>
        <The_Max_Delay_Time>0.0631108</The_Max_Delay_Time>
        <The_Number_of_Nodes_Which_Passing_Through_ZOR>65</The_Number_of_Nodes_Which_Passing_Through_ZOR>
        <The_Number_of_Nodes_Which_Passing_Through_ZOF>112</The_Number_of_Nodes_Which_Passing_Through_ZOF>
        <The_Packet_Delivery_Ratio>0.769231</The_Packet_Delivery_Ratio>
        <The_Efficiency>8.12571e-05</The_Efficiency>
    </Network_Identification_Number>
    <Network_Identification_Number ID="27">
        <Network_Created_by>401</Network_Created_by>
        <Network_Creating_Time>660.3</Network_Creating_Time>
        <Network_Time_to_live>127.286</Network_Time_to_live>
        <The_Location_of_ZOR>1021.71,190.097,0</The_Location_of_ZOR>
        <The_Shape_of_ZOR>1</The_Shape_of_ZOR>
        <The_Length_of_ZOR>1000</The_Length_of_ZOR>
        <The_Width_of_ZOR>6.5</The_Width_of_ZOR>
        <The_Location_of_ZOF>1024.95,190.097,0</The_Location_of_ZOF>
        <The_Shape_of_ZOF>1</The_Shape_of_ZOF>
        <The_Length_of_ZOF>1000</The_Length_of_ZOF>
        <The_Width_of_ZOF>13</The_Width_of_ZOF>
        <The_Number_of_Received_Message_Nodes_ZOR>30</The_Number_of_Received_Message_Nodes_ZOR>
        <The_Number_of_Received_Message_Nodes_ZOF>56</The_Number_of_Received_Message_Nodes_ZOF>
        <The_Max_Hops>5</The_Max_Hops>
        <The_Max_Delay_Time>0.0632059</The_Max_Delay_Time>
        <The_Number_of_Nodes_Which_Passing_Through_ZOR>38</The_Number_of_Nodes_Which_Passing_Through_ZOR>
        <The_Number_of_Nodes_Which_Passing_Through_ZOF>59</The_Number_of_Nodes_Which_Passing_Through_ZOF>
        <The_Packet_Delivery_Ratio>0.789474</The_Packet_Delivery_Ratio>
        <The_Efficiency>5.20438e-05</The_Efficiency>
    </Network_Identification_Number>
    <Network_Identification_Number ID="28">
        <Network_Created_by>290</Network_Created_by>
        <Network_Creating_Time>660.3</Network_Creating_Time>
        <Network_Time_to_live>205.876</Network_Time_to_live>
        <The_Location_of_ZOR>1024.67,1521.69,0</The_Location_of_ZOR>
        <The_Shape_of_ZOR>1</The_Shape_of_ZOR>
        <The_Length_of_ZOR>1000</The_Length_of_ZOR>
        <The_Width_of_ZOR>6.5</The_Width_of_ZOR>
        <The_Location_of_ZOF>1024.67,1524.94,0</The_Location_of_ZOF>
        <The_Shape_of_ZOF>1</The_Shape_of_ZOF>
        <The_Length_of_ZOF>1000</The_Length_of_ZOF>
        <The_Width_of_ZOF>13</The_Width_of_ZOF>
        <The_Number_of_Received_Message_Nodes_ZOR>69</The_Number_of_Received_Message_Nodes_ZOR>
        <The_Number_of_Received_Message_Nodes_ZOF>155</The_Number_of_Received_Message_Nodes_ZOF>
        <The_Max_Hops>9</The_Max_Hops>
        <The_Max_Delay_Time>0.0672179</The_Max_Delay_Time>
        <The_Number_of_Nodes_Which_Passing_Through_ZOR>112</The_Number_of_Nodes_Which_Passing_Through_ZOR>
        <The_Number_of_Nodes_Which_Passing_Through_ZOF>164</The_Number_of_Nodes_Which_Passing_Through_ZOF>
        <The_Packet_Delivery_Ratio>0.616071</The_Packet_Delivery_Ratio>
        <The_Efficiency>6.87397e-05</The_Efficiency>
    </Network_Identification_Number>
    <Network_Identification_Number ID="29">
        <Network_Created_by>285</Network_Created_by>
        <Network_Creating_Time>660.3</Network_Creating_Time>
        <Network_Time_to_live>136.735</Network_Time_to_live>
        <The_Location_of_ZOR>934.237,1528.31,0</The_Location_of_ZOR>
        <The_Shape_of_ZOR>1</The_Shape_of_ZOR>
        <The_Length_of_ZOR>1000</The_Length_of_ZOR>
        <The_Width_of_ZOR>6.5</The_Width_of_ZOR>
        <The_Location_of_ZOF>934.237,1525.06,0</The_Location_of_ZOF>
        <The_Shape_of_ZOF>1</The_Shape_of_ZOF>
        <The_Length_of_ZOF>1000</The_Length_of_ZOF>
        <The_Width_of_ZOF>13</The_Width_of_ZOF>
        <The_Number_of_Received_Message_Nodes_ZOR>68</The_Number_of_Received_Message_Nodes_ZOR>
        <The_Number_of_Received_Message_Nodes_ZOF>134</The_Number_of_Received_Message_Nodes_ZOF>
        <The_Max_Hops>9</The_Max_Hops>
        <The_Max_Delay_Time>0.0607078</The_Max_Delay_Time>
        <The_Number_of_Nodes_Which_Passing_Through_ZOR>96</The_Number_of_Nodes_Which_Passing_Through_ZOR>
        <The_Number_of_Nodes_Which_Passing_Through_ZOF>136</The_Number_of_Nodes_Which_Passing_Through_ZOF>
        <The_Packet_Delivery_Ratio>0.708333</The_Packet_Delivery_Ratio>
        <The_Efficiency>8.75094e-05</The_Efficiency>
    </Network_Identification_Number>
    <Network_Identification_Number ID="30">
        <Network_Created_by>276</Network_Created_by>
        <Network_Creating_Time>660.3</Network_Creating_Time>
        <Network_Time_to_live>135.697</Network_Time_to_live>
        <The_Location_of_ZOR>1021.17,1021.7,0</The_Location_of_ZOR>
        <The_Shape_of_ZOR>1</The_Shape_of_ZOR>
        <The_Length_of_ZOR>1000</The_Length_of_ZOR>
        <The_Width_of_ZOR>6.5</The_Width_of_ZOR>
        <The_Location_of_ZOF>1021.17,1024.95,0</The_Location_of_ZOF>
        <The_Shape_of_ZOF>1</The_Shape_of_ZOF>
        <The_Length_of_ZOF>1000</The_Length_of_ZOF>
        <The_Width_of_ZOF>13</The_Width_of_ZOF>
        <The_Number_of_Received_Message_Nodes_ZOR>49</The_Number_of_Received_Message_Nodes_ZOR>
        <The_Number_of_Received_Message_Nodes_ZOF>94</The_Number_of_Received_Message_Nodes_ZOF>
        <The_Max_Hops>11</The_Max_Hops>
        <The_Max_Delay_Time>0.0638595</The_Max_Delay_Time>
        <The_Number_of_Nodes_Which_Passing_Through_ZOR>74</The_Number_of_Nodes_Which_Passing_Through_ZOR>
        <The_Number_of_Nodes_Which_Passing_Through_ZOF>100</The_Number_of_Nodes_Which_Passing_Through_ZOF>
        <The_Packet_Delivery_Ratio>0.662162</The_Packet_Delivery_Ratio>
        <The_Efficiency>9.50497e-05</The_Efficiency>
    </Network_Identification_Number>
    <Network_Identification_Number ID="31">
        <Network_Created_by>264</Network_Created_by>
        <Network_Creating_Time>660.3</Network_Creating_Time>
        <Network_Time_to_live>201.938</Network_Time_to_live>
        <The_Location_of_ZOR>1031.45,1025,0</The_Location_of_ZOR>
        <The_Shape_of_ZOR>1</The_Shape_of_ZOR>
        <The_Length_of_ZOR>1000</The_Length_of_ZOR>
        <The_Width_of_ZOR>1000</The_Width_of_ZOR>
        <The_Location_of_ZOF>1031.45,1025,0</The_Location_of_ZOF>
        <The_Shape_of_ZOF>1</The_Shape_of_ZOF>
        <The_Length_of_ZOF>1000</The_Length_of_ZOF>
        <The_Width_of_ZOF>1000</The_Width_of_ZOF>
        <The_Number_of_Received_Message_Nodes_ZOR>334</The_Number_of_Received_Message_Nodes_ZOR>
        <The_Number_of_Received_Message_Nodes_ZOF>334</The_Number_of_Received_Message_Nodes_ZOF>
        <The_Max_Hops>14</The_Max_Hops>
        <The_Max_Delay_Time>0.0650268</The_Max_Delay_Time>
        <The_Number_of_Nodes_Which_Passing_Through_ZOR>338</The_Number_of_Nodes_Which_Passing_Through_ZOR>
        <The_Number_of_Nodes_Which_Passing_Through_ZOF>338</The_Number_of_Nodes_Which_Passing_Through_ZOF>
        <The_Packet_Delivery_Ratio>0.988166</The_Packet_Delivery_Ratio>
        <The_Efficiency>0.000101309</The_Efficiency>
    </Network_Identification_Number>
    <Network_Identification_Number ID="32">
        <Network_Created_by>241</Network_Created_by>
        <Network_Creating_Time>660.3</Network_Creating_Time>
        <Network_Time_to_live>218.767</Network_Time_to_live>
        <The_Location_of_ZOR>1054.85,1528.31,0</The_Location_of_ZOR>
        <The_Shape_of_ZOR>1</The_Shape_of_ZOR>
        <The_Length_of_ZOR>1000</The_Length_of_ZOR>
        <The_Width_of_ZOR>6.5</The_Width_of_ZOR>
        <The_Location_of_ZOF>1054.85,1525.06,0</The_Location_of_ZOF>
        <The_Shape_of_ZOF>1</The_Shape_of_ZOF>
        <The_Length_of_ZOF>1000</The_Length_of_ZOF>
        <The_Width_of_ZOF>13</The_Width_of_ZOF>
        <The_Number_of_Received_Message_Nodes_ZOR>87</The_Number_of_Received_Message_Nodes_ZOR>
        <The_Number_of_Received_Message_Nodes_ZOF>169</The_Number_of_Received_Message_Nodes_ZOF>
        <The_Max_Hops>10</The_Max_Hops>
        <The_Max_Delay_Time>0.0621278</The_Max_Delay_Time>
        <The_Number_of_Nodes_Which_Passing_Through_ZOR>137</The_Number_of_Nodes_Which_Passing_Through_ZOR>
        <The_Number_of_Nodes_Which_Passing_Through_ZOF>179</The_Number_of_Nodes_Which_Passing_Through_ZOF>
        <The_Packet_Delivery_Ratio>0.635036</The_Packet_Delivery_Ratio>
        <The_Efficiency>8.51788e-05</The_Efficiency>
    </Network_Identification_Number>
    <Network_Identification_Number ID="33">
        <Network_Created_by>231</Network_Created_by>
        <Network_Creating_Time>660.3</Network_Creating_Time>
        <Network_Time_to_live>142.105</Network_Time_to_live>
        <The_Location_of_ZOR>1028.3,1500.81,0</The_Location_of_ZOR>
        <The_Shape_of_ZOR>1</The_Shape_of_ZOR>
        <The_Length_of_ZOR>1000</The_Length_of_ZOR>
        <The_Width_of_ZOR>6.5</The_Width_of_ZOR>
        <The_Location_of_ZOF>1025.05,1500.81,0</The_Location_of_ZOF>
        <The_Shape_of_ZOF>1</The_Shape_of_ZOF>
        <The_Length_of_ZOF>1000</The_Length_of_ZOF>
        <The_Width_of_ZOF>13</The_Width_of_ZOF>
        <The_Number_of_Received_Message_Nodes_ZOR>50</The_Number_of_Received_Message_Nodes_ZOR>
        <The_Number_of_Received_Message_Nodes_ZOF>95</The_Number_of_Received_Message_Nodes_ZOF>
        <The_Max_Hops>8</The_Max_Hops>
        <The_Max_Delay_Time>0.0604714</The_Max_Delay_Time>
        <The_Number_of_Nodes_Which_Passing_Through_ZOR>73</The_Number_of_Nodes_Which_Passing_Through_ZOR>
        <The_Number_of_Nodes_Which_Passing_Through_ZOF>102</The_Number_of_Nodes_Which_Passing_Through_ZOF>
        <The_Packet_Delivery_Ratio>0.684932</The_Packet_Delivery_Ratio>
        <The_Efficiency>7.55103e-05</The_Efficiency>
    </Network_Identification_Number>
    <Network_Identification_Number ID="34">
        <Network_Created_by>223</Network_Created_by>
        <Network_Creating_Time>660.3</Network_Creating_Time>
        <Network_Time_to_live>200.165</Network_Time_to_live>
        <The_Location_of_ZOR>455.265,528.295,0</The_Location_of_ZOR>
        <The_Shape_of_ZOR>1</The_Shape_of_ZOR>
        <The_Length_of_ZOR>1000</The_Length_of_ZOR>
        <The_Width_of_ZOR>6.5</The_Width_of_ZOR>
        <The_Location_of_ZOF>455.265,525.045,0</The_Location_of_ZOF>
        <The_Shape_of_ZOF>1</The_Shape_of_ZOF>
        <The_Length_of_ZOF>1000</The_Length_of_ZOF>
        <The_Width_of_ZOF>13</The_Width_of_ZOF>
        <The_Number_of_Received_Message_Nodes_ZOR>80</The_Number_of_Received_Message_Nodes_ZOR>
        <The_Number_of_Received_Message_Nodes_ZOF>124</The_Number_of_Received_Message_Nodes_ZOF>
        <The_Max_Hops>5</The_Max_Hops>
        <The_Max_Delay_Time>0.0602293</The_Max_Delay_Time>
        <The_Number_of_Nodes_Which_Passing_Through_ZOR>111</The_Number_of_Nodes_Which_Passing_Through_ZOR>
        <The_Number_of_Nodes_Which_Passing_Through_ZOF>129</The_Number_of_Nodes_Which_Passing_Through_ZOF>
        <The_Packet_Delivery_Ratio>0.720721</The_Packet_Delivery_Ratio>
        <The_Efficiency>4.98595e-05</The_Efficiency>
    </Network_Identification_Number>
    <Network_Identification_Number ID="35">
        <Network_Created_by>222</Network_Created_by>
        <Network_Creating_Time>660.3</Network_Creating_Time>
        <Network_Time_to_live>226.718</Network_Time_to_live>
        <The_Location_of_ZOR>989.305,528.295,0</The_Location_of_ZOR>
        <The_Shape_of_ZOR>1</The_Shape_of_ZOR>
        <The_Length_of_ZOR>1000</The_Length_of_ZOR>
        <The_Width_of_ZOR>6.5</The_Width_of_ZOR>
        <The_Location_of_ZOF>989.305,525.045,0</The_Location_of_ZOF>
        <The_Shape_of_ZOF>1</The_Shape_of_ZOF>
        <The_Length_of_ZOF>1000</The_Length_of_ZOF>
        <The_Width_of_ZOF>13</The_Width_of_ZOF>
        <The_Number_of_Received_Message_Nodes_ZOR>73</The_Number_of_Received_Message_Nodes_ZOR>
        <The_Number_of_Received_Message_Nodes_ZOF>157</The_Number_of_Received_Message_Nodes_ZOF>
        <The_Max_Hops>11</The_Max_Hops>
        <The_Max_Delay_Time>36.8852</The_Max_Delay_Time>
        <The_Number_of_Nodes_Which_Passing_Through_ZOR>132</The_Number_of_Nodes_Which_Passing_Through_ZOR>
        <The_Number_of_Nodes_Which_Passing_Through_ZOF>168</The_Number_of_Nodes_Which_Passing_Through_ZOF>
        <The_Packet_Delivery_Ratio>0.55303</The_Packet_Delivery_Ratio>
        <The_Efficiency>1.37439e-07</The_Efficiency>
    </Network_Identification_Number>
    <Network_Identification_Number ID="36">
        <Network_Created_by>219</Network_Created_by>
        <Network_Creating_Time>660.3</Network_Creating_Time>
        <Network_Time_to_live>145.552</Network_Time_to_live>
        <The_Location_of_ZOR>1046.84,1028.3,0</The_Location_of_ZOR>
        <The_Shape_of_ZOR>1</The_Shape_of_ZOR>
        <The_Length_of_ZOR>1000</The_Length_of_ZOR>
        <The_Width_of_ZOR>6.5</The_Width_of_ZOR>
        <The_Location_of_ZOF>1046.84,1025.05,0</The_Location_of_ZOF>
        <The_Shape_of_ZOF>1</The_Shape_of_ZOF>
        <The_Length_of_ZOF>1000</The_Length_of_ZOF>
        <The_Width_of_ZOF>13</The_Width_of_ZOF>
        <The_Number_of_Received_Message_Nodes_ZOR>60</The_Number_of_Received_Message_Nodes_ZOR>
        <The_Number_of_Received_Message_Nodes_ZOF>123</The_Number_of_Received_Message_Nodes_ZOF>
        <The_Max_Hops>9</The_Max_Hops>
        <The_Max_Delay_Time>0.0624452</The_Max_Delay_Time>
        <The_Number_of_Nodes_Which_Passing_Through_ZOR>92</The_Number_of_Nodes_Which_Passing_Through_ZOR>
        <The_Number_of_Nodes_Which_Passing_Through_ZOF>127</The_Number_of_Nodes_Which_Passing_Through_ZOF>
        <The_Packet_Delivery_Ratio>0.652174</The_Packet_Delivery_Ratio>
        <The_Efficiency>7.83295e-05</The_Efficiency>
    </Network_Identification_Number>
    <Network_Identification_Number ID="37">
        <Network_Created_by>217</Network_Created_by>
        <Network_Creating_Time>660.3</Network_Creating_Time>
        <Network_Time_to_live>133.303</Network_Time_to_live>
        <The_Location_of_ZOR>1521.7,202.896,0</The_Location_of_ZOR>
        <The_Shape_of_ZOR>1</The_Shape_of_ZOR>
        <The_Length_of_ZOR>1000</The_Length_of_ZOR>
        <The_Width_of_ZOR>6.5</The_Width_of_ZOR>
        <The_Location_of_ZOF>1524.95,202.896,0</The_Location_of_ZOF>
        <The_Shape_of_ZOF>1</The_Shape_of_ZOF>
        <The_Length_of_ZOF>1000</The_Length_of_ZOF>
        <The_Width_of_ZOF>13</The_Width_of_ZOF>
        <The_Number_of_Received_Message_Nodes_ZOR>53</The_Number_of_Received_Message_Nodes_ZOR>
        <The_Number_of_Received_Message_Nodes_ZOF>92</The_Number_of_Received_Message_Nodes_ZOF>
        <The_Max_Hops>8</The_Max_Hops>
        <The_Max_Delay_Time>0.0728028</The_Max_Delay_Time>
        <The_Number_of_Nodes_Which_Passing_Through_ZOR>65</The_Number_of_Nodes_Which_Passing_Through_ZOR>
        <The_Number_of_Nodes_Which_Passing_Through_ZOF>94</The_Number_of_Nodes_Which_Passing_Through_ZOF>
        <The_Packet_Delivery_Ratio>0.815385</The_Packet_Delivery_Ratio>
        <The_Efficiency>7.46661e-05</The_Efficiency>
    </Network_Identification_Number>
    <Network_Identification_Number ID="38">
        <Network_Created_by>212</Network_Created_by>
        <Network_Creating_Time>660.3</Network_Creating_Time>
        <Network_Time_to_live>61.7439</Network_Time_to_live>
        <The_Location_of_ZOR>1521.7,545.605,0</The_Location_of_ZOR>
        <The_Shape_of_ZOR>1</The_Shape_of_ZOR>
        <The_Length_of_ZOR>1000</The_Length_of_ZOR>
        <The_Width_of_ZOR>6.5</The_Width_of_ZOR>
        <The_Location_of_ZOF>1524.95,545.605,0</The_Location_of_ZOF>
        <The_Shape_of_ZOF>1</The_Shape_of_ZOF>
        <The_Length_of_ZOF>1000</The_Length_of_ZOF>
        <The_Width_of_ZOF>13</The_Width_of_ZOF>
        <The_Number_of_Received_Message_Nodes_ZOR>57</The_Number_of_Received_Message_Nodes_ZOR>
        <The_Number_of_Received_Message_Nodes_ZOF>90</The_Number_of_Received_Message_Nodes_ZOF>
        <The_Max_Hops>6</The_Max_Hops>
        <The_Max_Delay_Time>0.06426</The_Max_Delay_Time>
        <The_Number_of_Nodes_Which_Passing_Through_ZOR>64</The_Number_of_Nodes_Which_Passing_Through_ZOR>
        <The_Number_of_Nodes_Which_Passing_Through_ZOF>91</The_Number_of_Nodes_Which_Passing_Through_ZOF>
        <The_Packet_Delivery_Ratio>0.890625</The_Packet_Delivery_Ratio>
        <The_Efficiency>6.92985e-05</The_Efficiency>
    </Network_Identification_Number>
    <Network_Identification_Number ID="39">
        <Network_Created_by>208</Network_Created_by>
        <Network_Creating_Time>660.3</Network_Creating_Time>
        <Network_Time_to_live>69.9674</Network_Time_to_live>
        <The_Location_of_ZOR>1525.24,1023.33,0</The_Location_of_ZOR>
        <The_Shape_of_ZOR>1</The_Shape_of_ZOR>
        <The_Length_of_ZOR>1000</The_Length_of_ZOR>
        <The_Width_of_ZOR>1000</The_Width_of_ZOR>
        <The_Location_of_ZOF>1525.24,1023.33,0</The_Location_of_ZOF>
        <The_Shape_of_ZOF>1</The_Shape_of_ZOF>
        <The_Length_of_ZOF>1000</The_Length_of_ZOF>
        <The_Width_of_ZOF>1000</The_Width_of_ZOF>
        <The_Number_of_Received_Message_Nodes_ZOR>251</The_Number_of_Received_Message_Nodes_ZOR>
        <The_Number_of_Received_Message_Nodes_ZOF>251</The_Number_of_Received_Message_Nodes_ZOF>
        <The_Max_Hops>9</The_Max_Hops>
        <The_Max_Delay_Time>0.156513</The_Max_Delay_Time>
        <The_Number_of_Nodes_Which_Passing_Through_ZOR>253</The_Number_of_Nodes_Which_Passing_Through_ZOR>
        <The_Number_of_Nodes_Which_Passing_Through_ZOF>253</The_Number_of_Nodes_Which_Passing_Through_ZOF>
        <The_Packet_Delivery_Ratio>0.992095</The_Packet_Delivery_Ratio>
        <The_Efficiency>2.7166e-05</The_Efficiency>
    </Network_Identification_Number>
    <Network_Identification_Number ID="40">
        <Network_Created_by>203</Network_Created_by>
        <Network_Creating_Time>660.3</Network_Creating_Time>
        <Network_Time_to_live>88.7766</Network_Time_to_live>
        <The_Location_of_ZOR>1519.97,1526.23,0</The_Location_of_ZOR>
        <The_Shape_of_ZOR>1</The_Shape_of_ZOR>
        <The_Length_of_ZOR>1000</The_Length_of_ZOR>
        <The_Width_of_ZOR>1000</The_Width_of_ZOR>
        <The_Location_of_ZOF>1519.97,1526.23,0</The_Location_of_ZOF>
        <The_Shape_of_ZOF>1</The_Shape_of_ZOF>
        <The_Length_of_ZOF>1000</The_Length_of_ZOF>
        <The_Width_of_ZOF>1000</The_Width_of_ZOF>
        <The_Number_of_Received_Message_Nodes_ZOR>215</The_Number_of_Received_Message_Nodes_ZOR>
        <The_Number_of_Received_Message_Nodes_ZOF>215</The_Number_of_Received_Message_Nodes_ZOF>
        <The_Max_Hops>11</The_Max_Hops>
        <The_Max_Delay_Time>0.0633893</The_Max_Delay_Time>
        <The_Number_of_Nodes_Which_Passing_Through_ZOR>216</The_Number_of_Nodes_Which_Passing_Through_ZOR>
        <The_Number_of_Nodes_Which_Passing_Through_ZOF>216</The_Number_of_Nodes_Which_Passing_Through_ZOF>
        <The_Packet_Delivery_Ratio>0.99537</The_Packet_Delivery_Ratio>
        <The_Efficiency>8.22512e-05</The_Efficiency>
    </Network_Identification_Number>
    <Network_Identification_Number ID="41">
        <Network_Created_by>136</Network_Created_by>
        <Network_Creating_Time>660.3</Network_Creating_Time>
        <Network_Time_to_live>218.915</Network_Time_to_live>
        <The_Location_of_ZOR>1519.67,521.705,0</The_Location_of_ZOR>
        <The_Shape_of_ZOR>1</The_Shape_of_ZOR>
        <The_Length_of_ZOR>1000</The_Length_of_ZOR>
        <The_Width_of_ZOR>6.5</The_Width_of_ZOR>
        <The_Location_of_ZOF>1519.67,524.955,0</The_Location_of_ZOF>
        <The_Shape_of_ZOF>1</The_Shape_of_ZOF>
        <The_Length_of_ZOF>1000</The_Length_of_ZOF>
        <The_Width_of_ZOF>13</The_Width_of_ZOF>
        <The_Number_of_Received_Message_Nodes_ZOR>101</The_Number_of_Received_Message_Nodes_ZOR>
        <The_Number_of_Received_Message_Nodes_ZOF>152</The_Number_of_Received_Message_Nodes_ZOF>
        <The_Max_Hops>7</The_Max_Hops>
        <The_Max_Delay_Time>0.07849</The_Max_Delay_Time>
        <The_Number_of_Nodes_Which_Passing_Through_ZOR>151</The_Number_of_Nodes_Which_Passing_Through_ZOR>
        <The_Number_of_Nodes_Which_Passing_Through_ZOF>168</The_Number_of_Nodes_Which_Passing_Through_ZOF>
        <The_Packet_Delivery_Ratio>0.668874</The_Packet_Delivery_Ratio>
        <The_Efficiency>4.97104e-05</The_Efficiency>
    </Network_Identification_Number>
    <Network_Identification_Number ID="42">
        <Network_Created_by>125</Network_Created_by>
        <Network_Creating_Time>660.3</Network_Creating_Time>
        <Network_Time_to_live>178.807</Network_Time_to_live>
        <The_Location_of_ZOR>116.63,528.295,0</The_Location_of_ZOR>
        <The_Shape_of_ZOR>1</The_Shape_of_ZOR>
        <The_Length_of_ZOR>1000</The_Length_of_ZOR>
        <The_Width_of_ZOR>6.5</The_Width_of_ZOR>
        <The_Location_of_ZOF>116.63,525.045,0</The_Location_of_ZOF>
        <The_Shape_of_ZOF>1</The_Shape_of_ZOF>
        <The_Length_of_ZOF>1000</The_Length_of_ZOF>
        <The_Width_of_ZOF>13</The_Width_of_ZOF>
        <The_Number_of_Received_Message_Nodes_ZOR>75</The_Number_of_Received_Message_Nodes_ZOR>
        <The_Number_of_Received_Message_Nodes_ZOF>111</The_Number_of_Received_Message_Nodes_ZOF>
        <The_Max_Hops>9</The_Max_Hops>
        <The_Max_Delay_Time>0.0639674</The_Max_Delay_Time>
        <The_Number_of_Nodes_Which_Passing_Through_ZOR>100</The_Number_of_Nodes_Which_Passing_Through_ZOR>
        <The_Number_of_Nodes_Which_Passing_Through_ZOF>116</The_Number_of_Nodes_Which_Passing_Through_ZOF>
        <The_Packet_Delivery_Ratio>0.75</The_Packet_Delivery_Ratio>
        <The_Efficiency>8.79354e-05</The_Efficiency>
    </Network_Identification_Number>
    <Network_Identification_Number ID="43">
        <Network_Created_by>100</Network_Created_by>
        <Network_Creating_Time>660.3</Network_Creating_Time>
        <Network_Time_to_live>68.0302</Network_Time_to_live>
        <The_Location_of_ZOR>1525.24,1523.32,0</The_Location_of_ZOR>
        <The_Shape_of_ZOR>1</The_Shape_of_ZOR>
        <The_Length_of_ZOR>1000</The_Length_of_ZOR>
        <The_Width_of_ZOR>1000</The_Width_of_ZOR>
        <The_Location_of_ZOF>1525.24,1523.32,0</The_Location_of_ZOF>
        <The_Shape_of_ZOF>1</The_Shape_of_ZOF>
        <The_Length_of_ZOF>1000</The_Length_of_ZOF>
        <The_Width_of_ZOF>1000</The_Width_of_ZOF>
        <The_Number_of_Received_Message_Nodes_ZOR>218</The_Number_of_Received_Message_Nodes_ZOR>
        <The_Number_of_Received_Message_Nodes_ZOF>218</The_Number_of_Received_Message_Nodes_ZOF>
        <The_Max_Hops>9</The_Max_Hops>
        <The_Max_Delay_Time>0.0608738</The_Max_Delay_Time>
        <The_Number_of_Nodes_Which_Passing_Through_ZOR>222</The_Number_of_Nodes_Which_Passing_Through_ZOR>
        <The_Number_of_Nodes_Which_Passing_Through_ZOF>222</The_Number_of_Nodes_Which_Passing_Through_ZOF>
        <The_Packet_Delivery_Ratio>0.981982</The_Packet_Delivery_Ratio>
        <The_Efficiency>6.91348e-05</The_Efficiency>
    </Network_Identification_Number>
    <Network_Identification_Number ID="44">
        <Network_Created_by>99</Network_Created_by>
        <Network_Creating_Time>660.3</Network_Creating_Time>
        <Network_Time_to_live>198.705</Network_Time_to_live>
        <The_Location_of_ZOR>1021.71,523.366,0</The_Location_of_ZOR>
        <The_Shape_of_ZOR>1</The_Shape_of_ZOR>
        <The_Length_of_ZOR>1000</The_Length_of_ZOR>
        <The_Width_of_ZOR>6.5</The_Width_of_ZOR>
        <The_Location_of_ZOF>1024.95,523.366,0</The_Location_of_ZOF>
        <The_Shape_of_ZOF>1</The_Shape_of_ZOF>
        <The_Length_of_ZOF>1000</The_Length_of_ZOF>
        <The_Width_of_ZOF>13</The_Width_of_ZOF>
        <The_Number_of_Received_Message_Nodes_ZOR>45</The_Number_of_Received_Message_Nodes_ZOR>
        <The_Number_of_Received_Message_Nodes_ZOF>79</The_Number_of_Received_Message_Nodes_ZOF>
        <The_Max_Hops>8</The_Max_Hops>
        <The_Max_Delay_Time>0.0635114</The_Max_Delay_Time>
        <The_Number_of_Nodes_Which_Passing_Through_ZOR>64</The_Number_of_Nodes_Which_Passing_Through_ZOR>
        <The_Number_of_Nodes_Which_Passing_Through_ZOF>86</The_Number_of_Nodes_Which_Passing_Through_ZOF>
        <The_Packet_Delivery_Ratio>0.703125</The_Packet_Delivery_Ratio>
        <The_Efficiency>7.38057e-05</The_Efficiency>
    </Network_Identification_Number>
    <Network_Identification_Number ID="45">
        <Network_Created_by>49</Network_Created_by>
        <Network_Creating_Time>660.3</Network_Creating_Time>
        <Network_Time_to_live>62.5107</Network_Time_to_live>
        <The_Location_of_ZOR>521.605,1038.74,0</The_Location_of_ZOR>
        <The_Shape_of_ZOR>1</The_Shape_of_ZOR>
        <The_Length_of_ZOR>1000</The_Length_of_ZOR>
        <The_Width_of_ZOR>6.5</The_Width_of_ZOR>
        <The_Location_of_ZOF>524.855,1038.74,0</The_Location_of_ZOF>
        <The_Shape_of_ZOF>1</The_Shape_of_ZOF>
        <The_Length_of_ZOF>1000</The_Length_of_ZOF>
        <The_Width_of_ZOF>13</The_Width_of_ZOF>
        <The_Number_of_Received_Message_Nodes_ZOR>31</The_Number_of_Received_Message_Nodes_ZOR>
        <The_Number_of_Received_Message_Nodes_ZOF>58</The_Number_of_Received_Message_Nodes_ZOF>
        <The_Max_Hops>8</The_Max_Hops>
        <The_Max_Delay_Time>0.0786606</The_Max_Delay_Time>
        <The_Number_of_Nodes_Which_Passing_Through_ZOR>43</The_Number_of_Nodes_Which_Passing_Through_ZOR>
        <The_Number_of_Nodes_Which_Passing_Through_ZOF>61</The_Number_of_Nodes_Which_Passing_Through_ZOF>
        <The_Packet_Delivery_Ratio>0.72093</The_Packet_Delivery_Ratio>
        <The_Efficiency>6.11005e-05</The_Efficiency>
    </Network_Identification_Number>
    <Network_Identification_Number ID="46">
        <Network_Created_by>42</Network_Created_by>
        <Network_Creating_Time>660.3</Network_Creating_Time>
        <Network_Time_to_live>126.754</Network_Time_to_live>
        <The_Location_of_ZOR>987.284,1528.31,0</The_Location_of_ZOR>
        <The_Shape_of_ZOR>1</The_Shape_of_ZOR>
        <The_Length_of_ZOR>1000</The_Length_of_ZOR>
        <The_Width_of_ZOR>6.5</The_Width_of_ZOR>
        <The_Location_of_ZOF>987.284,1525.06,0</The_Location_of_ZOF>
        <The_Shape_of_ZOF>1</The_Shape_of_ZOF>
        <The_Length_of_ZOF>1000</The_Length_of_ZOF>
        <The_Width_of_ZOF>13</The_Width_of_ZOF>
        <The_Number_of_Received_Message_Nodes_ZOR>69</The_Number_of_Received_Message_Nodes_ZOR>
        <The_Number_of_Received_Message_Nodes_ZOF>133</The_Number_of_Received_Message_Nodes_ZOF>
        <The_Max_Hops>9</The_Max_Hops>
        <The_Max_Delay_Time>0.0603732</The_Max_Delay_Time>
        <The_Number_of_Nodes_Which_Passing_Through_ZOR>94</The_Number_of_Nodes_Which_Passing_Through_ZOR>
        <The_Number_of_Nodes_Which_Passing_Through_ZOF>135</The_Number_of_Nodes_Which_Passing_Through_ZOF>
        <The_Packet_Delivery_Ratio>0.734043</The_Packet_Delivery_Ratio>
        <The_Efficiency>9.11882e-05</The_Efficiency>
    </Network_Identification_Number>
    <Network_Identification_Number ID="47">
        <Network_Created_by>40</Network_Created_by>
        <Network_Creating_Time>660.3</Network_Creating_Time>
        <Network_Time_to_live>209.328</Network_Time_to_live>
        <The_Location_of_ZOR>1034.33,1028.3,0</The_Location_of_ZOR>
        <The_Shape_of_ZOR>1</The_Shape_of_ZOR>
        <The_Length_of_ZOR>1000</The_Length_of_ZOR>
        <The_Width_of_ZOR>6.5</The_Width_of_ZOR>
        <The_Location_of_ZOF>1034.33,1025.05,0</The_Location_of_ZOF>
        <The_Shape_of_ZOF>1</The_Shape_of_ZOF>
        <The_Length_of_ZOF>1000</The_Length_of_ZOF>
        <The_Width_of_ZOF>13</The_Width_of_ZOF>
        <The_Number_of_Received_Message_Nodes_ZOR>81</The_Number_of_Received_Message_Nodes_ZOR>
        <The_Number_of_Received_Message_Nodes_ZOF>158</The_Number_of_Received_Message_Nodes_ZOF>
        <The_Max_Hops>7</The_Max_Hops>
        <The_Max_Delay_Time>5.16916</The_Max_Delay_Time>
        <The_Number_of_Nodes_Which_Passing_Through_ZOR>134</The_Number_of_Nodes_Which_Passing_Through_ZOR>
        <The_Number_of_Nodes_Which_Passing_Through_ZOF>172</The_Number_of_Nodes_Which_Passing_Through_ZOF>
        <The_Packet_Delivery_Ratio>0.604478</The_Packet_Delivery_Ratio>
        <The_Efficiency>6.82145e-07</The_Efficiency>
    </Network_Identification_Number>
    <Network_Identification_Number ID="48">
        <Network_Created_by>27</Network_Created_by>
        <Network_Creating_Time>660.3</Network_Creating_Time>
        <Network_Time_to_live>199.329</Network_Time_to_live>
        <The_Location_of_ZOR>521.695,555.576,0</The_Location_of_ZOR>
        <The_Shape_of_ZOR>1</The_Shape_of_ZOR>
        <The_Length_of_ZOR>1000</The_Length_of_ZOR>
        <The_Width_of_ZOR>6.5</The_Width_of_ZOR>
        <The_Location_of_ZOF>524.945,555.576,0</The_Location_of_ZOF>
        <The_Shape_of_ZOF>1</The_Shape_of_ZOF>
        <The_Length_of_ZOF>1000</The_Length_of_ZOF>
        <The_Width_of_ZOF>13</The_Width_of_ZOF>
        <The_Number_of_Received_Message_Nodes_ZOR>70</The_Number_of_Received_Message_Nodes_ZOR>
        <The_Number_of_Received_Message_Nodes_ZOF>127</The_Number_of_Received_Message_Nodes_ZOF>
        <The_Max_Hops>10</The_Max_Hops>
        <The_Max_Delay_Time>2.59452</The_Max_Delay_Time>
        <The_Number_of_Nodes_Which_Passing_Through_ZOR>109</The_Number_of_Nodes_Which_Passing_Through_ZOR>
        <The_Number_of_Nodes_Which_Passing_Through_ZOF>133</The_Number_of_Nodes_Which_Passing_Through_ZOF>
        <The_Packet_Delivery_Ratio>0.642202</The_Packet_Delivery_Ratio>
        <The_Efficiency>2.06269e-06</The_Efficiency>
    </Network_Identification_Number>
    <Network_Identification_Number ID="49">
        <Network_Created_by>0</Network_Created_by>
        <Network_Creating_Time>660.3</Network_Creating_Time>
        <Network_Time_to_live>131.91</Network_Time_to_live>
        <The_Location_of_ZOR>1525.24,523.33,0</The_Location_of_ZOR>
        <The_Shape_of_ZOR>1</The_Shape_of_ZOR>
        <The_Length_of_ZOR>1000</The_Length_of_ZOR>
        <The_Width_of_ZOR>1000</The_Width_of_ZOR>
        <The_Location_of_ZOF>1525.24,523.33,0</The_Location_of_ZOF>
        <The_Shape_of_ZOF>1</The_Shape_of_ZOF>
        <The_Length_of_ZOF>1000</The_Length_of_ZOF>
        <The_Width_of_ZOF>1000</The_Width_of_ZOF>
        <The_Number_of_Received_Message_Nodes_ZOR>255</The_Number_of_Received_Message_Nodes_ZOR>
        <The_Number_of_Received_Message_Nodes_ZOF>255</The_Number_of_Received_Message_Nodes_ZOF>
        <The_Max_Hops>14</The_Max_Hops>
        <The_Max_Delay_Time>0.0917458</The_Max_Delay_Time>
        <The_Number_of_Nodes_Which_Passing_Through_ZOR>257</The_Number_of_Nodes_Which_Passing_Through_ZOR>
        <The_Number_of_Nodes_Which_Passing_Through_ZOF>257</The_Number_of_Nodes_Which_Passing_Through_ZOF>
        <The_Packet_Delivery_Ratio>0.992218</The_Packet_Delivery_Ratio>
        <The_Efficiency>7.20991e-05</The_Efficiency>
    </Network_Identification_Number>
</Protocol>
