<Protocol Name="DRG">
    <The_Simulation_Start_at>2013-11-21,15:21:22</The_Simulation_Start_at>
    <The_Simulation_End_at>2013-11-22,03:25:31</The_Simulation_End_at>
    <Playground_X>2025</Playground_X>
    <Playground_Y>2025</Playground_Y>
    <Road_Length>452.804</Road_Length>
    <Road_Building_Density_Ratio>0.0883385</Road_Building_Density_Ratio>
    <Number_of_CrossRoads>9</Number_of_CrossRoads>
    <Number_of_Polygons>9</Number_of_Polygons>
    <Vehicle_In_City>400</Vehicle_In_City>
    <The_Range_of_Transmission>300</The_Range_of_Transmission>
    <Network_Identification_Number ID="0">
        <Network_Created_by>393</Network_Created_by>
        <Network_Creating_Time>480.3</Network_Creating_Time>
        <Network_Time_to_live>237.179</Network_Time_to_live>
        <The_Location_of_ZOR>530.832,1528.31,0</The_Location_of_ZOR>
        <The_Shape_of_ZOR>1</The_Shape_of_ZOR>
        <The_Length_of_ZOR>1500</The_Length_of_ZOR>
        <The_Width_of_ZOR>6.5</The_Width_of_ZOR>
        <The_Location_of_ZOF>530.832,1525.06,0</The_Location_of_ZOF>
        <The_Shape_of_ZOF>1</The_Shape_of_ZOF>
        <The_Length_of_ZOF>1500</The_Length_of_ZOF>
        <The_Width_of_ZOF>13</The_Width_of_ZOF>
        <The_Number_of_Received_Message_Nodes_ZOR>71</The_Number_of_Received_Message_Nodes_ZOR>
        <The_Number_of_Received_Message_Nodes_ZOF>149</The_Number_of_Received_Message_Nodes_ZOF>
        <The_Max_Hops>10</The_Max_Hops>
        <The_Max_Delay_Time>0.0681978</The_Max_Delay_Time>
        <The_Number_of_Nodes_Which_Passing_Through_ZOR>126</The_Number_of_Nodes_Which_Passing_Through_ZOR>
        <The_Number_of_Nodes_Which_Passing_Through_ZOF>159</The_Number_of_Nodes_Which_Passing_Through_ZOF>
        <The_Packet_Delivery_Ratio>0.563492</The_Packet_Delivery_Ratio>
        <The_Efficiency>6.88551e-05</The_Efficiency>
    </Network_Identification_Number>
    <Network_Identification_Number ID="1">
        <Network_Created_by>361</Network_Created_by>
        <Network_Creating_Time>480.3</Network_Creating_Time>
        <Network_Time_to_live>186.805</Network_Time_to_live>
        <The_Location_of_ZOR>530.02,1523.77,0</The_Location_of_ZOR>
        <The_Shape_of_ZOR>1</The_Shape_of_ZOR>
        <The_Length_of_ZOR>1500</The_Length_of_ZOR>
        <The_Width_of_ZOR>1500</The_Width_of_ZOR>
        <The_Location_of_ZOF>530.02,1523.77,0</The_Location_of_ZOF>
        <The_Shape_of_ZOF>1</The_Shape_of_ZOF>
        <The_Length_of_ZOF>1500</The_Length_of_ZOF>
        <The_Width_of_ZOF>1500</The_Width_of_ZOF>
        <The_Number_of_Received_Message_Nodes_ZOR>299</The_Number_of_Received_Message_Nodes_ZOR>
        <The_Number_of_Received_Message_Nodes_ZOF>299</The_Number_of_Received_Message_Nodes_ZOF>
        <The_Max_Hops>11</The_Max_Hops>
        <The_Max_Delay_Time>0.155785</The_Max_Delay_Time>
        <The_Number_of_Nodes_Which_Passing_Through_ZOR>300</The_Number_of_Nodes_Which_Passing_Through_ZOR>
        <The_Number_of_Nodes_Which_Passing_Through_ZOF>300</The_Number_of_Nodes_Which_Passing_Through_ZOF>
        <The_Packet_Delivery_Ratio>0.996667</The_Packet_Delivery_Ratio>
        <The_Efficiency>3.51875e-05</The_Efficiency>
    </Network_Identification_Number>
    <Network_Identification_Number ID="2">
        <Network_Created_by>338</Network_Created_by>
        <Network_Creating_Time>480.3</Network_Creating_Time>
        <Network_Time_to_live>189.975</Network_Time_to_live>
        <The_Location_of_ZOR>51.3609,1028.3,0</The_Location_of_ZOR>
        <The_Shape_of_ZOR>1</The_Shape_of_ZOR>
        <The_Length_of_ZOR>1500</The_Length_of_ZOR>
        <The_Width_of_ZOR>6.5</The_Width_of_ZOR>
        <The_Location_of_ZOF>51.3609,1025.05,0</The_Location_of_ZOF>
        <The_Shape_of_ZOF>1</The_Shape_of_ZOF>
        <The_Length_of_ZOF>1500</The_Length_of_ZOF>
        <The_Width_of_ZOF>13</The_Width_of_ZOF>
        <The_Number_of_Received_Message_Nodes_ZOR>60</The_Number_of_Received_Message_Nodes_ZOR>
        <The_Number_of_Received_Message_Nodes_ZOF>84</The_Number_of_Received_Message_Nodes_ZOF>
        <The_Max_Hops>5</The_Max_Hops>
        <The_Max_Delay_Time>0.063909</The_Max_Delay_Time>
        <The_Number_of_Nodes_Which_Passing_Through_ZOR>69</The_Number_of_Nodes_Which_Passing_Through_ZOR>
        <The_Number_of_Nodes_Which_Passing_Through_ZOF>86</The_Number_of_Nodes_Which_Passing_Through_ZOF>
        <The_Packet_Delivery_Ratio>0.869565</The_Packet_Delivery_Ratio>
        <The_Efficiency>5.66929e-05</The_Efficiency>
    </Network_Identification_Number>
    <Network_Identification_Number ID="3">
        <Network_Created_by>326</Network_Created_by>
        <Network_Creating_Time>480.3</Network_Creating_Time>
        <Network_Time_to_live>197.759</Network_Time_to_live>
        <The_Location_of_ZOR>1024.67,521.705,0</The_Location_of_ZOR>
        <The_Shape_of_ZOR>1</The_Shape_of_ZOR>
        <The_Length_of_ZOR>1500</The_Length_of_ZOR>
        <The_Width_of_ZOR>6.5</The_Width_of_ZOR>
        <The_Location_of_ZOF>1024.67,524.955,0</The_Location_of_ZOF>
        <The_Shape_of_ZOF>1</The_Shape_of_ZOF>
        <The_Length_of_ZOF>1500</The_Length_of_ZOF>
        <The_Width_of_ZOF>13</The_Width_of_ZOF>
        <The_Number_of_Received_Message_Nodes_ZOR>111</The_Number_of_Received_Message_Nodes_ZOR>
        <The_Number_of_Received_Message_Nodes_ZOF>201</The_Number_of_Received_Message_Nodes_ZOF>
        <The_Max_Hops>12</The_Max_Hops>
        <The_Max_Delay_Time>22.8597</The_Max_Delay_Time>
        <The_Number_of_Nodes_Which_Passing_Through_ZOR>162</The_Number_of_Nodes_Which_Passing_Through_ZOR>
        <The_Number_of_Nodes_Which_Passing_Through_ZOF>209</The_Number_of_Nodes_Which_Passing_Through_ZOF>
        <The_Packet_Delivery_Ratio>0.685185</The_Packet_Delivery_Ratio>
        <The_Efficiency>2.99735e-07</The_Efficiency>
    </Network_Identification_Number>
    <Network_Identification_Number ID="4">
        <Network_Created_by>321</Network_Created_by>
        <Network_Creating_Time>480.3</Network_Creating_Time>
        <Network_Time_to_live>97.3446</Network_Time_to_live>
        <The_Location_of_ZOR>1042.7,1521.69,0</The_Location_of_ZOR>
        <The_Shape_of_ZOR>1</The_Shape_of_ZOR>
        <The_Length_of_ZOR>1500</The_Length_of_ZOR>
        <The_Width_of_ZOR>6.5</The_Width_of_ZOR>
        <The_Location_of_ZOF>1042.7,1524.94,0</The_Location_of_ZOF>
        <The_Shape_of_ZOF>1</The_Shape_of_ZOF>
        <The_Length_of_ZOF>1500</The_Length_of_ZOF>
        <The_Width_of_ZOF>13</The_Width_of_ZOF>
        <The_Number_of_Received_Message_Nodes_ZOR>69</The_Number_of_Received_Message_Nodes_ZOR>
        <The_Number_of_Received_Message_Nodes_ZOF>132</The_Number_of_Received_Message_Nodes_ZOF>
        <The_Max_Hops>9</The_Max_Hops>
        <The_Max_Delay_Time>0.0618014</The_Max_Delay_Time>
        <The_Number_of_Nodes_Which_Passing_Through_ZOR>96</The_Number_of_Nodes_Which_Passing_Through_ZOR>
        <The_Number_of_Nodes_Which_Passing_Through_ZOF>137</The_Number_of_Nodes_Which_Passing_Through_ZOF>
        <The_Packet_Delivery_Ratio>0.71875</The_Packet_Delivery_Ratio>
        <The_Efficiency>8.7225e-05</The_Efficiency>
    </Network_Identification_Number>
    <Network_Identification_Number ID="5">
        <Network_Created_by>320</Network_Created_by>
        <Network_Creating_Time>480.3</Network_Creating_Time>
        <Network_Time_to_live>215.494</Network_Time_to_live>
        <The_Location_of_ZOR>1028.3,1916.78,0</The_Location_of_ZOR>
        <The_Shape_of_ZOR>1</The_Shape_of_ZOR>
        <The_Length_of_ZOR>1500</The_Length_of_ZOR>
        <The_Width_of_ZOR>6.5</The_Width_of_ZOR>
        <The_Location_of_ZOF>1025.05,1916.78,0</The_Location_of_ZOF>
        <The_Shape_of_ZOF>1</The_Shape_of_ZOF>
        <The_Length_of_ZOF>1500</The_Length_of_ZOF>
        <The_Width_of_ZOF>13</The_Width_of_ZOF>
        <The_Number_of_Received_Message_Nodes_ZOR>41</The_Number_of_Received_Message_Nodes_ZOR>
        <The_Number_of_Received_Message_Nodes_ZOF>87</The_Number_of_Received_Message_Nodes_ZOF>
        <The_Max_Hops>12</The_Max_Hops>
        <The_Max_Delay_Time>0.0617038</The_Max_Delay_Time>
        <The_Number_of_Nodes_Which_Passing_Through_ZOR>61</The_Number_of_Nodes_Which_Passing_Through_ZOR>
        <The_Number_of_Nodes_Which_Passing_Through_ZOF>90</The_Number_of_Nodes_Which_Passing_Through_ZOF>
        <The_Packet_Delivery_Ratio>0.672131</The_Packet_Delivery_Ratio>
        <The_Efficiency>0.000108929</The_Efficiency>
    </Network_Identification_Number>
    <Network_Identification_Number ID="6">
        <Network_Created_by>319</Network_Created_by>
        <Network_Creating_Time>480.3</Network_Creating_Time>
        <Network_Time_to_live>233.083</Network_Time_to_live>
        <The_Location_of_ZOR>515.823,528.295,0</The_Location_of_ZOR>
        <The_Shape_of_ZOR>1</The_Shape_of_ZOR>
        <The_Length_of_ZOR>1500</The_Length_of_ZOR>
        <The_Width_of_ZOR>6.5</The_Width_of_ZOR>
        <The_Location_of_ZOF>515.823,525.045,0</The_Location_of_ZOF>
        <The_Shape_of_ZOF>1</The_Shape_of_ZOF>
        <The_Length_of_ZOF>1500</The_Length_of_ZOF>
        <The_Width_of_ZOF>13</The_Width_of_ZOF>
        <The_Number_of_Received_Message_Nodes_ZOR>86</The_Number_of_Received_Message_Nodes_ZOR>
        <The_Number_of_Received_Message_Nodes_ZOF>171</The_Number_of_Received_Message_Nodes_ZOF>
        <The_Max_Hops>9</The_Max_Hops>
        <The_Max_Delay_Time>0.0678607</The_Max_Delay_Time>
        <The_Number_of_Nodes_Which_Passing_Through_ZOR>130</The_Number_of_Nodes_Which_Passing_Through_ZOR>
        <The_Number_of_Nodes_Which_Passing_Through_ZOF>176</The_Number_of_Nodes_Which_Passing_Through_ZOF>
        <The_Packet_Delivery_Ratio>0.661538</The_Packet_Delivery_Ratio>
        <The_Efficiency>7.31136e-05</The_Efficiency>
    </Network_Identification_Number>
    <Network_Identification_Number ID="7">
        <Network_Created_by>280</Network_Created_by>
        <Network_Creating_Time>480.3</Network_Creating_Time>
        <Network_Time_to_live>75.016</Network_Time_to_live>
        <The_Location_of_ZOR>1028.3,1003.58,0</The_Location_of_ZOR>
        <The_Shape_of_ZOR>1</The_Shape_of_ZOR>
        <The_Length_of_ZOR>1500</The_Length_of_ZOR>
        <The_Width_of_ZOR>6.5</The_Width_of_ZOR>
        <The_Location_of_ZOF>1025.05,1003.58,0</The_Location_of_ZOF>
        <The_Shape_of_ZOF>1</The_Shape_of_ZOF>
        <The_Length_of_ZOF>1500</The_Length_of_ZOF>
        <The_Width_of_ZOF>13</The_Width_of_ZOF>
        <The_Number_of_Received_Message_Nodes_ZOR>39</The_Number_of_Received_Message_Nodes_ZOR>
        <The_Number_of_Received_Message_Nodes_ZOF>76</The_Number_of_Received_Message_Nodes_ZOF>
        <The_Max_Hops>9</The_Max_Hops>
        <The_Max_Delay_Time>0.0631182</The_Max_Delay_Time>
        <The_Number_of_Nodes_Which_Passing_Through_ZOR>62</The_Number_of_Nodes_Which_Passing_Through_ZOR>
        <The_Number_of_Nodes_Which_Passing_Through_ZOF>81</The_Number_of_Nodes_Which_Passing_Through_ZOF>
        <The_Packet_Delivery_Ratio>0.629032</The_Packet_Delivery_Ratio>
        <The_Efficiency>7.47446e-05</The_Efficiency>
    </Network_Identification_Number>
    <Network_Identification_Number ID="8">
        <Network_Created_by>272</Network_Created_by>
        <Network_Creating_Time>480.3</Network_Creating_Time>
        <Network_Time_to_live>218.454</Network_Time_to_live>
        <The_Location_of_ZOR>1014.17,1521.69,0</The_Location_of_ZOR>
        <The_Shape_of_ZOR>1</The_Shape_of_ZOR>
        <The_Length_of_ZOR>1500</The_Length_of_ZOR>
        <The_Width_of_ZOR>6.5</The_Width_of_ZOR>
        <The_Location_of_ZOF>1014.17,1524.94,0</The_Location_of_ZOF>
        <The_Shape_of_ZOF>1</The_Shape_of_ZOF>
        <The_Length_of_ZOF>1500</The_Length_of_ZOF>
        <The_Width_of_ZOF>13</The_Width_of_ZOF>
        <The_Number_of_Received_Message_Nodes_ZOR>105</The_Number_of_Received_Message_Nodes_ZOR>
        <The_Number_of_Received_Message_Nodes_ZOF>189</The_Number_of_Received_Message_Nodes_ZOF>
        <The_Max_Hops>9</The_Max_Hops>
        <The_Max_Delay_Time>0.0704434</The_Max_Delay_Time>
        <The_Number_of_Nodes_Which_Passing_Through_ZOR>161</The_Number_of_Nodes_Which_Passing_Through_ZOR>
        <The_Number_of_Nodes_Which_Passing_Through_ZOF>195</The_Number_of_Nodes_Which_Passing_Through_ZOF>
        <The_Packet_Delivery_Ratio>0.652174</The_Packet_Delivery_Ratio>
        <The_Efficiency>6.9436e-05</The_Efficiency>
    </Network_Identification_Number>
    <Network_Identification_Number ID="9">
        <Network_Created_by>270</Network_Created_by>
        <Network_Creating_Time>480.3</Network_Creating_Time>
        <Network_Time_to_live>107.398</Network_Time_to_live>
        <The_Location_of_ZOR>1519.97,1526.23,0</The_Location_of_ZOR>
        <The_Shape_of_ZOR>1</The_Shape_of_ZOR>
        <The_Length_of_ZOR>1500</The_Length_of_ZOR>
        <The_Width_of_ZOR>1500</The_Width_of_ZOR>
        <The_Location_of_ZOF>1519.97,1526.23,0</The_Location_of_ZOF>
        <The_Shape_of_ZOF>1</The_Shape_of_ZOF>
        <The_Length_of_ZOF>1500</The_Length_of_ZOF>
        <The_Width_of_ZOF>1500</The_Width_of_ZOF>
        <The_Number_of_Received_Message_Nodes_ZOR>205</The_Number_of_Received_Message_Nodes_ZOR>
        <The_Number_of_Received_Message_Nodes_ZOF>205</The_Number_of_Received_Message_Nodes_ZOF>
        <The_Max_Hops>10</The_Max_Hops>
        <The_Max_Delay_Time>0.0608659</The_Max_Delay_Time>
        <The_Number_of_Nodes_Which_Passing_Through_ZOR>206</The_Number_of_Nodes_Which_Passing_Through_ZOR>
        <The_Number_of_Nodes_Which_Passing_Through_ZOF>206</The_Number_of_Nodes_Which_Passing_Through_ZOF>
        <The_Packet_Delivery_Ratio>0.995146</The_Packet_Delivery_Ratio>
        <The_Efficiency>8.1749e-05</The_Efficiency>
    </Network_Identification_Number>
    <Network_Identification_Number ID="10">
        <Network_Created_by>250</Network_Created_by>
        <Network_Creating_Time>480.3</Network_Creating_Time>
        <Network_Time_to_live>230.527</Network_Time_to_live>
        <The_Location_of_ZOR>475.775,1528.31,0</The_Location_of_ZOR>
        <The_Shape_of_ZOR>1</The_Shape_of_ZOR>
        <The_Length_of_ZOR>1500</The_Length_of_ZOR>
        <The_Width_of_ZOR>6.5</The_Width_of_ZOR>
        <The_Location_of_ZOF>475.775,1525.06,0</The_Location_of_ZOF>
        <The_Shape_of_ZOF>1</The_Shape_of_ZOF>
        <The_Length_of_ZOF>1500</The_Length_of_ZOF>
        <The_Width_of_ZOF>13</The_Width_of_ZOF>
        <The_Number_of_Received_Message_Nodes_ZOR>67</The_Number_of_Received_Message_Nodes_ZOR>
        <The_Number_of_Received_Message_Nodes_ZOF>144</The_Number_of_Received_Message_Nodes_ZOF>
        <The_Max_Hops>7</The_Max_Hops>
        <The_Max_Delay_Time>63.5656</The_Max_Delay_Time>
        <The_Number_of_Nodes_Which_Passing_Through_ZOR>120</The_Number_of_Nodes_Which_Passing_Through_ZOR>
        <The_Number_of_Nodes_Which_Passing_Through_ZOF>155</The_Number_of_Nodes_Which_Passing_Through_ZOF>
        <The_Packet_Delivery_Ratio>0.558333</The_Packet_Delivery_Ratio>
        <The_Efficiency>5.12375e-08</The_Efficiency>
    </Network_Identification_Number>
    <Network_Identification_Number ID="11">
        <Network_Created_by>238</Network_Created_by>
        <Network_Creating_Time>480.3</Network_Creating_Time>
        <Network_Time_to_live>209.589</Network_Time_to_live>
        <The_Location_of_ZOR>1519.97,526.23,0</The_Location_of_ZOR>
        <The_Shape_of_ZOR>1</The_Shape_of_ZOR>
        <The_Length_of_ZOR>1500</The_Length_of_ZOR>
        <The_Width_of_ZOR>1500</The_Width_of_ZOR>
        <The_Location_of_ZOF>1519.97,526.23,0</The_Location_of_ZOF>
        <The_Shape_of_ZOF>1</The_Shape_of_ZOF>
        <The_Length_of_ZOF>1500</The_Length_of_ZOF>
        <The_Width_of_ZOF>1500</The_Width_of_ZOF>
        <The_Number_of_Received_Message_Nodes_ZOR>286</The_Number_of_Received_Message_Nodes_ZOR>
        <The_Number_of_Received_Message_Nodes_ZOF>286</The_Number_of_Received_Message_Nodes_ZOF>
        <The_Max_Hops>13</The_Max_Hops>
        <The_Max_Delay_Time>0.0608668</The_Max_Delay_Time>
        <The_Number_of_Nodes_Which_Passing_Through_ZOR>288</The_Number_of_Nodes_Which_Passing_Through_ZOR>
        <The_Number_of_Nodes_Which_Passing_Through_ZOF>288</The_Number_of_Nodes_Which_Passing_Through_ZOF>
        <The_Packet_Delivery_Ratio>0.993056</The_Packet_Delivery_Ratio>
        <The_Efficiency>0.000106049</The_Efficiency>
    </Network_Identification_Number>
    <Network_Identification_Number ID="12">
        <Network_Created_by>235</Network_Created_by>
        <Network_Creating_Time>480.3</Network_Creating_Time>
        <Network_Time_to_live>101.259</Network_Time_to_live>
        <The_Location_of_ZOR>521.695,93.9579,0</The_Location_of_ZOR>
        <The_Shape_of_ZOR>1</The_Shape_of_ZOR>
        <The_Length_of_ZOR>1500</The_Length_of_ZOR>
        <The_Width_of_ZOR>6.5</The_Width_of_ZOR>
        <The_Location_of_ZOF>524.945,93.9579,0</The_Location_of_ZOF>
        <The_Shape_of_ZOF>1</The_Shape_of_ZOF>
        <The_Length_of_ZOF>1500</The_Length_of_ZOF>
        <The_Width_of_ZOF>13</The_Width_of_ZOF>
        <The_Number_of_Received_Message_Nodes_ZOR>19</The_Number_of_Received_Message_Nodes_ZOR>
        <The_Number_of_Received_Message_Nodes_ZOF>42</The_Number_of_Received_Message_Nodes_ZOF>
        <The_Max_Hops>4</The_Max_Hops>
        <The_Max_Delay_Time>0.097576</The_Max_Delay_Time>
        <The_Number_of_Nodes_Which_Passing_Through_ZOR>28</The_Number_of_Nodes_Which_Passing_Through_ZOR>
        <The_Number_of_Nodes_Which_Passing_Through_ZOF>45</The_Number_of_Nodes_Which_Passing_Through_ZOF>
        <The_Packet_Delivery_Ratio>0.678571</The_Packet_Delivery_Ratio>
        <The_Efficiency>2.31809e-05</The_Efficiency>
    </Network_Identification_Number>
    <Network_Identification_Number ID="13">
        <Network_Created_by>233</Network_Created_by>
        <Network_Creating_Time>480.3</Network_Creating_Time>
        <Network_Time_to_live>147.85</Network_Time_to_live>
        <The_Location_of_ZOR>1028.3,989.189,0</The_Location_of_ZOR>
        <The_Shape_of_ZOR>1</The_Shape_of_ZOR>
        <The_Length_of_ZOR>1500</The_Length_of_ZOR>
        <The_Width_of_ZOR>6.5</The_Width_of_ZOR>
        <The_Location_of_ZOF>1025.05,989.189,0</The_Location_of_ZOF>
        <The_Shape_of_ZOF>1</The_Shape_of_ZOF>
        <The_Length_of_ZOF>1500</The_Length_of_ZOF>
        <The_Width_of_ZOF>13</The_Width_of_ZOF>
        <The_Number_of_Received_Message_Nodes_ZOR>63</The_Number_of_Received_Message_Nodes_ZOR>
        <The_Number_of_Received_Message_Nodes_ZOF>124</The_Number_of_Received_Message_Nodes_ZOF>
        <The_Max_Hops>8</The_Max_Hops>
        <The_Max_Delay_Time>20.465</The_Max_Delay_Time>
        <The_Number_of_Nodes_Which_Passing_Through_ZOR>105</The_Number_of_Nodes_Which_Passing_Through_ZOR>
        <The_Number_of_Nodes_Which_Passing_Through_ZOF>139</The_Number_of_Nodes_Which_Passing_Through_ZOF>
        <The_Packet_Delivery_Ratio>0.6</The_Packet_Delivery_Ratio>
        <The_Efficiency>1.95456e-07</The_Efficiency>
    </Network_Identification_Number>
    <Network_Identification_Number ID="14">
        <Network_Created_by>222</Network_Created_by>
        <Network_Creating_Time>480.3</Network_Creating_Time>
        <Network_Time_to_live>219.361</Network_Time_to_live>
        <The_Location_of_ZOR>1028.3,1952.01,0</The_Location_of_ZOR>
        <The_Shape_of_ZOR>1</The_Shape_of_ZOR>
        <The_Length_of_ZOR>1500</The_Length_of_ZOR>
        <The_Width_of_ZOR>6.5</The_Width_of_ZOR>
        <The_Location_of_ZOF>1025.05,1952.01,0</The_Location_of_ZOF>
        <The_Shape_of_ZOF>1</The_Shape_of_ZOF>
        <The_Length_of_ZOF>1500</The_Length_of_ZOF>
        <The_Width_of_ZOF>13</The_Width_of_ZOF>
        <The_Number_of_Received_Message_Nodes_ZOR>40</The_Number_of_Received_Message_Nodes_ZOR>
        <The_Number_of_Received_Message_Nodes_ZOF>89</The_Number_of_Received_Message_Nodes_ZOF>
        <The_Max_Hops>8</The_Max_Hops>
        <The_Max_Delay_Time>0.0605218</The_Max_Delay_Time>
        <The_Number_of_Nodes_Which_Passing_Through_ZOR>63</The_Number_of_Nodes_Which_Passing_Through_ZOR>
        <The_Number_of_Nodes_Which_Passing_Through_ZOF>94</The_Number_of_Nodes_Which_Passing_Through_ZOF>
        <The_Packet_Delivery_Ratio>0.634921</The_Packet_Delivery_Ratio>
        <The_Efficiency>6.99385e-05</The_Efficiency>
    </Network_Identification_Number>
    <Network_Identification_Number ID="15">
        <Network_Created_by>219</Network_Created_by>
        <Network_Creating_Time>480.3</Network_Creating_Time>
        <Network_Time_to_live>96.8758</Network_Time_to_live>
        <The_Location_of_ZOR>1025.24,523.33,0</The_Location_of_ZOR>
        <The_Shape_of_ZOR>1</The_Shape_of_ZOR>
        <The_Length_of_ZOR>1500</The_Length_of_ZOR>
        <The_Width_of_ZOR>1500</The_Width_of_ZOR>
        <The_Location_of_ZOF>1025.24,523.33,0</The_Location_of_ZOF>
        <The_Shape_of_ZOF>1</The_Shape_of_ZOF>
        <The_Length_of_ZOF>1500</The_Length_of_ZOF>
        <The_Width_of_ZOF>1500</The_Width_of_ZOF>
        <The_Number_of_Received_Message_Nodes_ZOR>322</The_Number_of_Received_Message_Nodes_ZOR>
        <The_Number_of_Received_Message_Nodes_ZOF>322</The_Number_of_Received_Message_Nodes_ZOF>
        <The_Max_Hops>13</The_Max_Hops>
        <The_Max_Delay_Time>0.0980901</The_Max_Delay_Time>
        <The_Number_of_Nodes_Which_Passing_Through_ZOR>324</The_Number_of_Nodes_Which_Passing_Through_ZOR>
        <The_Number_of_Nodes_Which_Passing_Through_ZOF>324</The_Number_of_Nodes_Which_Passing_Through_ZOF>
        <The_Packet_Delivery_Ratio>0.993827</The_Packet_Delivery_Ratio>
        <The_Efficiency>6.58566e-05</The_Efficiency>
    </Network_Identification_Number>
    <Network_Identification_Number ID="16">
        <Network_Created_by>200</Network_Created_by>
        <Network_Creating_Time>480.3</Network_Creating_Time>
        <Network_Time_to_live>117.603</Network_Time_to_live>
        <The_Location_of_ZOR>1025.24,1523.32,0</The_Location_of_ZOR>
        <The_Shape_of_ZOR>1</The_Shape_of_ZOR>
        <The_Length_of_ZOR>1500</The_Length_of_ZOR>
        <The_Width_of_ZOR>1500</The_Width_of_ZOR>
        <The_Location_of_ZOF>1025.24,1523.32,0</The_Location_of_ZOF>
        <The_Shape_of_ZOF>1</The_Shape_of_ZOF>
        <The_Length_of_ZOF>1500</The_Length_of_ZOF>
        <The_Width_of_ZOF>1500</The_Width_of_ZOF>
        <The_Number_of_Received_Message_Nodes_ZOR>324</The_Number_of_Received_Message_Nodes_ZOR>
        <The_Number_of_Received_Message_Nodes_ZOF>324</The_Number_of_Received_Message_Nodes_ZOF>
        <The_Max_Hops>11</The_Max_Hops>
        <The_Max_Delay_Time>0.0608692</The_Max_Delay_Time>
        <The_Number_of_Nodes_Which_Passing_Through_ZOR>325</The_Number_of_Nodes_Which_Passing_Through_ZOR>
        <The_Number_of_Nodes_Which_Passing_Through_ZOF>325</The_Number_of_Nodes_Which_Passing_Through_ZOF>
        <The_Packet_Delivery_Ratio>0.996923</The_Packet_Delivery_Ratio>
        <The_Efficiency>9.00796e-05</The_Efficiency>
    </Network_Identification_Number>
    <Network_Identification_Number ID="17">
        <Network_Created_by>197</Network_Created_by>
        <Network_Creating_Time>480.3</Network_Creating_Time>
        <Network_Time_to_live>147.014</Network_Time_to_live>
        <The_Location_of_ZOR>521.695,1057.78,0</The_Location_of_ZOR>
        <The_Shape_of_ZOR>1</The_Shape_of_ZOR>
        <The_Length_of_ZOR>1500</The_Length_of_ZOR>
        <The_Width_of_ZOR>6.5</The_Width_of_ZOR>
        <The_Location_of_ZOF>524.945,1057.78,0</The_Location_of_ZOF>
        <The_Shape_of_ZOF>1</The_Shape_of_ZOF>
        <The_Length_of_ZOF>1500</The_Length_of_ZOF>
        <The_Width_of_ZOF>13</The_Width_of_ZOF>
        <The_Number_of_Received_Message_Nodes_ZOR>66</The_Number_of_Received_Message_Nodes_ZOR>
        <The_Number_of_Received_Message_Nodes_ZOF>127</The_Number_of_Received_Message_Nodes_ZOF>
        <The_Max_Hops>9</The_Max_Hops>
        <The_Max_Delay_Time>15.2606</The_Max_Delay_Time>
        <The_Number_of_Nodes_Which_Passing_Through_ZOR>112</The_Number_of_Nodes_Which_Passing_Through_ZOR>
        <The_Number_of_Nodes_Which_Passing_Through_ZOF>145</The_Number_of_Nodes_Which_Passing_Through_ZOF>
        <The_Packet_Delivery_Ratio>0.589286</The_Packet_Delivery_Ratio>
        <The_Efficiency>2.89611e-07</The_Efficiency>
    </Network_Identification_Number>
    <Network_Identification_Number ID="18">
        <Network_Created_by>192</Network_Created_by>
        <Network_Creating_Time>480.3</Network_Creating_Time>
        <Network_Time_to_live>235.949</Network_Time_to_live>
        <The_Location_of_ZOR>1528.4,1533.48,0</The_Location_of_ZOR>
        <The_Shape_of_ZOR>1</The_Shape_of_ZOR>
        <The_Length_of_ZOR>1500</The_Length_of_ZOR>
        <The_Width_of_ZOR>6.5</The_Width_of_ZOR>
        <The_Location_of_ZOF>1525.15,1533.48,0</The_Location_of_ZOF>
        <The_Shape_of_ZOF>1</The_Shape_of_ZOF>
        <The_Length_of_ZOF>1500</The_Length_of_ZOF>
        <The_Width_of_ZOF>13</The_Width_of_ZOF>
        <The_Number_of_Received_Message_Nodes_ZOR>78</The_Number_of_Received_Message_Nodes_ZOR>
        <The_Number_of_Received_Message_Nodes_ZOF>131</The_Number_of_Received_Message_Nodes_ZOF>
        <The_Max_Hops>9</The_Max_Hops>
        <The_Max_Delay_Time>0.0605857</The_Max_Delay_Time>
        <The_Number_of_Nodes_Which_Passing_Through_ZOR>117</The_Number_of_Nodes_Which_Passing_Through_ZOR>
        <The_Number_of_Nodes_Which_Passing_Through_ZOF>143</The_Number_of_Nodes_Which_Passing_Through_ZOF>
        <The_Packet_Delivery_Ratio>0.666667</The_Packet_Delivery_Ratio>
        <The_Efficiency>8.25277e-05</The_Efficiency>
    </Network_Identification_Number>
    <Network_Identification_Number ID="19">
        <Network_Created_by>188</Network_Created_by>
        <Network_Creating_Time>480.3</Network_Creating_Time>
        <Network_Time_to_live>143.444</Network_Time_to_live>
        <The_Location_of_ZOR>1519.97,1026.23,0</The_Location_of_ZOR>
        <The_Shape_of_ZOR>1</The_Shape_of_ZOR>
        <The_Length_of_ZOR>1500</The_Length_of_ZOR>
        <The_Width_of_ZOR>1500</The_Width_of_ZOR>
        <The_Location_of_ZOF>1519.97,1026.23,0</The_Location_of_ZOF>
        <The_Shape_of_ZOF>1</The_Shape_of_ZOF>
        <The_Length_of_ZOF>1500</The_Length_of_ZOF>
        <The_Width_of_ZOF>1500</The_Width_of_ZOF>
        <The_Number_of_Received_Message_Nodes_ZOR>341</The_Number_of_Received_Message_Nodes_ZOR>
        <The_Number_of_Received_Message_Nodes_ZOF>341</The_Number_of_Received_Message_Nodes_ZOF>
        <The_Max_Hops>15</The_Max_Hops>
        <The_Max_Delay_Time>0.0715708</The_Max_Delay_Time>
        <The_Number_of_Nodes_Which_Passing_Through_ZOR>342</The_Number_of_Nodes_Which_Passing_Through_ZOR>
        <The_Number_of_Nodes_Which_Passing_Through_ZOF>342</The_Number_of_Nodes_Which_Passing_Through_ZOF>
        <The_Packet_Delivery_Ratio>0.997076</The_Packet_Delivery_Ratio>
        <The_Efficiency>0.000104485</The_Efficiency>
    </Network_Identification_Number>
    <Network_Identification_Number ID="20">
        <Network_Created_by>175</Network_Created_by>
        <Network_Creating_Time>480.3</Network_Creating_Time>
        <Network_Time_to_live>191.48</Network_Time_to_live>
        <The_Location_of_ZOR>530.02,1023.77,0</The_Location_of_ZOR>
        <The_Shape_of_ZOR>1</The_Shape_of_ZOR>
        <The_Length_of_ZOR>1500</The_Length_of_ZOR>
        <The_Width_of_ZOR>1500</The_Width_of_ZOR>
        <The_Location_of_ZOF>530.02,1023.77,0</The_Location_of_ZOF>
        <The_Shape_of_ZOF>1</The_Shape_of_ZOF>
        <The_Length_of_ZOF>1500</The_Length_of_ZOF>
        <The_Width_of_ZOF>1500</The_Width_of_ZOF>
        <The_Number_of_Received_Message_Nodes_ZOR>440</The_Number_of_Received_Message_Nodes_ZOR>
        <The_Number_of_Received_Message_Nodes_ZOF>440</The_Number_of_Received_Message_Nodes_ZOF>
        <The_Max_Hops>12</The_Max_Hops>
        <The_Max_Delay_Time>0.0607836</The_Max_Delay_Time>
        <The_Number_of_Nodes_Which_Passing_Through_ZOR>441</The_Number_of_Nodes_Which_Passing_Through_ZOR>
        <The_Number_of_Nodes_Which_Passing_Through_ZOF>441</The_Number_of_Nodes_Which_Passing_Through_ZOF>
        <The_Packet_Delivery_Ratio>0.997732</The_Packet_Delivery_Ratio>
        <The_Efficiency>9.8487e-05</The_Efficiency>
    </Network_Identification_Number>
    <Network_Identification_Number ID="21">
        <Network_Created_by>173</Network_Created_by>
        <Network_Creating_Time>480.3</Network_Creating_Time>
        <Network_Time_to_live>176.241</Network_Time_to_live>
        <The_Location_of_ZOR>521.695,521.124,0</The_Location_of_ZOR>
        <The_Shape_of_ZOR>1</The_Shape_of_ZOR>
        <The_Length_of_ZOR>1500</The_Length_of_ZOR>
        <The_Width_of_ZOR>6.5</The_Width_of_ZOR>
        <The_Location_of_ZOF>524.945,521.124,0</The_Location_of_ZOF>
        <The_Shape_of_ZOF>1</The_Shape_of_ZOF>
        <The_Length_of_ZOF>1500</The_Length_of_ZOF>
        <The_Width_of_ZOF>13</The_Width_of_ZOF>
        <The_Number_of_Received_Message_Nodes_ZOR>54</The_Number_of_Received_Message_Nodes_ZOR>
        <The_Number_of_Received_Message_Nodes_ZOF>93</The_Number_of_Received_Message_Nodes_ZOF>
        <The_Max_Hops>10</The_Max_Hops>
        <The_Max_Delay_Time>0.060101</The_Max_Delay_Time>
        <The_Number_of_Nodes_Which_Passing_Through_ZOR>85</The_Number_of_Nodes_Which_Passing_Through_ZOR>
        <The_Number_of_Nodes_Which_Passing_Through_ZOF>103</The_Number_of_Nodes_Which_Passing_Through_ZOF>
        <The_Packet_Delivery_Ratio>0.635294</The_Packet_Delivery_Ratio>
        <The_Efficiency>8.80871e-05</The_Efficiency>
    </Network_Identification_Number>
    <Network_Identification_Number ID="22">
        <Network_Created_by>137</Network_Created_by>
        <Network_Creating_Time>480.3</Network_Creating_Time>
        <Network_Time_to_live>181.473</Network_Time_to_live>
        <The_Location_of_ZOR>1030.02,523.77,0</The_Location_of_ZOR>
        <The_Shape_of_ZOR>1</The_Shape_of_ZOR>
        <The_Length_of_ZOR>1500</The_Length_of_ZOR>
        <The_Width_of_ZOR>1500</The_Width_of_ZOR>
        <The_Location_of_ZOF>1030.02,523.77,0</The_Location_of_ZOF>
        <The_Shape_of_ZOF>1</The_Shape_of_ZOF>
        <The_Length_of_ZOF>1500</The_Length_of_ZOF>
        <The_Width_of_ZOF>1500</The_Width_of_ZOF>
        <The_Number_of_Received_Message_Nodes_ZOR>391</The_Number_of_Received_Message_Nodes_ZOR>
        <The_Number_of_Received_Message_Nodes_ZOF>391</The_Number_of_Received_Message_Nodes_ZOF>
        <The_Max_Hops>12</The_Max_Hops>
        <The_Max_Delay_Time>0.0602703</The_Max_Delay_Time>
        <The_Number_of_Nodes_Which_Passing_Through_ZOR>393</The_Number_of_Nodes_Which_Passing_Through_ZOR>
        <The_Number_of_Nodes_Which_Passing_Through_ZOF>393</The_Number_of_Nodes_Which_Passing_Through_ZOF>
        <The_Packet_Delivery_Ratio>0.994911</The_Packet_Delivery_Ratio>
        <The_Efficiency>9.90449e-05</The_Efficiency>
    </Network_Identification_Number>
    <Network_Identification_Number ID="23">
        <Network_Created_by>132</Network_Created_by>
        <Network_Creating_Time>480.3</Network_Creating_Time>
        <Network_Time_to_live>231.502</Network_Time_to_live>
        <The_Location_of_ZOR>525.23,1523.32,0</The_Location_of_ZOR>
        <The_Shape_of_ZOR>1</The_Shape_of_ZOR>
        <The_Length_of_ZOR>1500</The_Length_of_ZOR>
        <The_Width_of_ZOR>1500</The_Width_of_ZOR>
        <The_Location_of_ZOF>525.23,1523.32,0</The_Location_of_ZOF>
        <The_Shape_of_ZOF>1</The_Shape_of_ZOF>
        <The_Length_of_ZOF>1500</The_Length_of_ZOF>
        <The_Width_of_ZOF>1500</The_Width_of_ZOF>
        <The_Number_of_Received_Message_Nodes_ZOR>328</The_Number_of_Received_Message_Nodes_ZOR>
        <The_Number_of_Received_Message_Nodes_ZOF>328</The_Number_of_Received_Message_Nodes_ZOF>
        <The_Max_Hops>13</The_Max_Hops>
        <The_Max_Delay_Time>0.0605161</The_Max_Delay_Time>
        <The_Number_of_Nodes_Which_Passing_Through_ZOR>329</The_Number_of_Nodes_Which_Passing_Through_ZOR>
        <The_Number_of_Nodes_Which_Passing_Through_ZOF>329</The_Number_of_Nodes_Which_Passing_Through_ZOF>
        <The_Packet_Delivery_Ratio>0.99696</The_Packet_Delivery_Ratio>
        <The_Efficiency>0.000107083</The_Efficiency>
    </Network_Identification_Number>
    <Network_Identification_Number ID="24">
        <Network_Created_by>112</Network_Created_by>
        <Network_Creating_Time>480.3</Network_Creating_Time>
        <Network_Time_to_live>171.178</Network_Time_to_live>
        <The_Location_of_ZOR>525.24,1023.33,0</The_Location_of_ZOR>
        <The_Shape_of_ZOR>1</The_Shape_of_ZOR>
        <The_Length_of_ZOR>1500</The_Length_of_ZOR>
        <The_Width_of_ZOR>1500</The_Width_of_ZOR>
        <The_Location_of_ZOF>525.24,1023.33,0</The_Location_of_ZOF>
        <The_Shape_of_ZOF>1</The_Shape_of_ZOF>
        <The_Length_of_ZOF>1500</The_Length_of_ZOF>
        <The_Width_of_ZOF>1500</The_Width_of_ZOF>
        <The_Number_of_Received_Message_Nodes_ZOR>419</The_Number_of_Received_Message_Nodes_ZOR>
        <The_Number_of_Received_Message_Nodes_ZOF>419</The_Number_of_Received_Message_Nodes_ZOF>
        <The_Max_Hops>18</The_Max_Hops>
        <The_Max_Delay_Time>0.17458</The_Max_Delay_Time>
        <The_Number_of_Nodes_Which_Passing_Through_ZOR>425</The_Number_of_Nodes_Which_Passing_Through_ZOR>
        <The_Number_of_Nodes_Which_Passing_Through_ZOF>425</The_Number_of_Nodes_Which_Passing_Through_ZOF>
        <The_Packet_Delivery_Ratio>0.985882</The_Packet_Delivery_Ratio>
        <The_Efficiency>5.08244e-05</The_Efficiency>
    </Network_Identification_Number>
    <Network_Identification_Number ID="25">
        <Network_Created_by>95</Network_Created_by>
        <Network_Creating_Time>480.3</Network_Creating_Time>
        <Network_Time_to_live>60.01</Network_Time_to_live>
        <The_Location_of_ZOR>1528.4,1509.79,0</The_Location_of_ZOR>
        <The_Shape_of_ZOR>1</The_Shape_of_ZOR>
        <The_Length_of_ZOR>1500</The_Length_of_ZOR>
        <The_Width_of_ZOR>6.5</The_Width_of_ZOR>
        <The_Location_of_ZOF>1525.15,1509.79,0</The_Location_of_ZOF>
        <The_Shape_of_ZOF>1</The_Shape_of_ZOF>
        <The_Length_of_ZOF>1500</The_Length_of_ZOF>
        <The_Width_of_ZOF>13</The_Width_of_ZOF>
        <The_Number_of_Received_Message_Nodes_ZOR>31</The_Number_of_Received_Message_Nodes_ZOR>
        <The_Number_of_Received_Message_Nodes_ZOF>55</The_Number_of_Received_Message_Nodes_ZOF>
        <The_Max_Hops>6</The_Max_Hops>
        <The_Max_Delay_Time>0.0613078</The_Max_Delay_Time>
        <The_Number_of_Nodes_Which_Passing_Through_ZOR>44</The_Number_of_Nodes_Which_Passing_Through_ZOR>
        <The_Number_of_Nodes_Which_Passing_Through_ZOF>61</The_Number_of_Nodes_Which_Passing_Through_ZOF>
        <The_Packet_Delivery_Ratio>0.704545</The_Packet_Delivery_Ratio>
        <The_Efficiency>5.74597e-05</The_Efficiency>
    </Network_Identification_Number>
    <Network_Identification_Number ID="26">
        <Network_Created_by>90</Network_Created_by>
        <Network_Creating_Time>480.3</Network_Creating_Time>
        <Network_Time_to_live>193.89</Network_Time_to_live>
        <The_Location_of_ZOR>999.15,521.705,0</The_Location_of_ZOR>
        <The_Shape_of_ZOR>1</The_Shape_of_ZOR>
        <The_Length_of_ZOR>1500</The_Length_of_ZOR>
        <The_Width_of_ZOR>6.5</The_Width_of_ZOR>
        <The_Location_of_ZOF>999.15,524.955,0</The_Location_of_ZOF>
        <The_Shape_of_ZOF>1</The_Shape_of_ZOF>
        <The_Length_of_ZOF>1500</The_Length_of_ZOF>
        <The_Width_of_ZOF>13</The_Width_of_ZOF>
        <The_Number_of_Received_Message_Nodes_ZOR>113</The_Number_of_Received_Message_Nodes_ZOR>
        <The_Number_of_Received_Message_Nodes_ZOF>203</The_Number_of_Received_Message_Nodes_ZOF>
        <The_Max_Hops>8</The_Max_Hops>
        <The_Max_Delay_Time>0.0774357</The_Max_Delay_Time>
        <The_Number_of_Nodes_Which_Passing_Through_ZOR>163</The_Number_of_Nodes_Which_Passing_Through_ZOR>
        <The_Number_of_Nodes_Which_Passing_Through_ZOF>210</The_Number_of_Nodes_Which_Passing_Through_ZOF>
        <The_Packet_Delivery_Ratio>0.693252</The_Packet_Delivery_Ratio>
        <The_Efficiency>5.9684e-05</The_Efficiency>
    </Network_Identification_Number>
    <Network_Identification_Number ID="27">
        <Network_Created_by>84</Network_Created_by>
        <Network_Creating_Time>480.3</Network_Creating_Time>
        <Network_Time_to_live>142.083</Network_Time_to_live>
        <The_Location_of_ZOR>1511.66,521.705,0</The_Location_of_ZOR>
        <The_Shape_of_ZOR>1</The_Shape_of_ZOR>
        <The_Length_of_ZOR>1500</The_Length_of_ZOR>
        <The_Width_of_ZOR>6.5</The_Width_of_ZOR>
        <The_Location_of_ZOF>1511.66,524.955,0</The_Location_of_ZOF>
        <The_Shape_of_ZOF>1</The_Shape_of_ZOF>
        <The_Length_of_ZOF>1500</The_Length_of_ZOF>
        <The_Width_of_ZOF>13</The_Width_of_ZOF>
        <The_Number_of_Received_Message_Nodes_ZOR>66</The_Number_of_Received_Message_Nodes_ZOR>
        <The_Number_of_Received_Message_Nodes_ZOF>114</The_Number_of_Received_Message_Nodes_ZOF>
        <The_Max_Hops>10</The_Max_Hops>
        <The_Max_Delay_Time>0.0633084</The_Max_Delay_Time>
        <The_Number_of_Nodes_Which_Passing_Through_ZOR>98</The_Number_of_Nodes_Which_Passing_Through_ZOR>
        <The_Number_of_Nodes_Which_Passing_Through_ZOF>120</The_Number_of_Nodes_Which_Passing_Through_ZOF>
        <The_Packet_Delivery_Ratio>0.673469</The_Packet_Delivery_Ratio>
        <The_Efficiency>8.86493e-05</The_Efficiency>
    </Network_Identification_Number>
    <Network_Identification_Number ID="28">
        <Network_Created_by>36</Network_Created_by>
        <Network_Creating_Time>480.3</Network_Creating_Time>
        <Network_Time_to_live>169.268</Network_Time_to_live>
        <The_Location_of_ZOR>543.842,1028.3,0</The_Location_of_ZOR>
        <The_Shape_of_ZOR>1</The_Shape_of_ZOR>
        <The_Length_of_ZOR>1500</The_Length_of_ZOR>
        <The_Width_of_ZOR>6.5</The_Width_of_ZOR>
        <The_Location_of_ZOF>543.842,1025.05,0</The_Location_of_ZOF>
        <The_Shape_of_ZOF>1</The_Shape_of_ZOF>
        <The_Length_of_ZOF>1500</The_Length_of_ZOF>
        <The_Width_of_ZOF>13</The_Width_of_ZOF>
        <The_Number_of_Received_Message_Nodes_ZOR>69</The_Number_of_Received_Message_Nodes_ZOR>
        <The_Number_of_Received_Message_Nodes_ZOF>112</The_Number_of_Received_Message_Nodes_ZOF>
        <The_Max_Hops>7</The_Max_Hops>
        <The_Max_Delay_Time>0.0606593</The_Max_Delay_Time>
        <The_Number_of_Nodes_Which_Passing_Through_ZOR>93</The_Number_of_Nodes_Which_Passing_Through_ZOR>
        <The_Number_of_Nodes_Which_Passing_Through_ZOF>114</The_Number_of_Nodes_Which_Passing_Through_ZOF>
        <The_Packet_Delivery_Ratio>0.741935</The_Packet_Delivery_Ratio>
        <The_Efficiency>7.13486e-05</The_Efficiency>
    </Network_Identification_Number>
    <Network_Identification_Number ID="29">
        <Network_Created_by>24</Network_Created_by>
        <Network_Creating_Time>480.3</Network_Creating_Time>
        <Network_Time_to_live>141.665</Network_Time_to_live>
        <The_Location_of_ZOR>1030.02,1023.77,0</The_Location_of_ZOR>
        <The_Shape_of_ZOR>1</The_Shape_of_ZOR>
        <The_Length_of_ZOR>1500</The_Length_of_ZOR>
        <The_Width_of_ZOR>1500</The_Width_of_ZOR>
        <The_Location_of_ZOF>1030.02,1023.77,0</The_Location_of_ZOF>
        <The_Shape_of_ZOF>1</The_Shape_of_ZOF>
        <The_Length_of_ZOF>1500</The_Length_of_ZOF>
        <The_Width_of_ZOF>1500</The_Width_of_ZOF>
        <The_Number_of_Received_Message_Nodes_ZOR>506</The_Number_of_Received_Message_Nodes_ZOR>
        <The_Number_of_Received_Message_Nodes_ZOF>506</The_Number_of_Received_Message_Nodes_ZOF>
        <The_Max_Hops>13</The_Max_Hops>
        <The_Max_Delay_Time>0.0792853</The_Max_Delay_Time>
        <The_Number_of_Nodes_Which_Passing_Through_ZOR>507</The_Number_of_Nodes_Which_Passing_Through_ZOR>
        <The_Number_of_Nodes_Which_Passing_Through_ZOF>507</The_Number_of_Nodes_Which_Passing_Through_ZOF>
        <The_Packet_Delivery_Ratio>0.998028</The_Packet_Delivery_Ratio>
        <The_Efficiency>8.18208e-05</The_Efficiency>
    </Network_Identification_Number>
    <Network_Identification_Number ID="30">
        <Network_Created_by>21</Network_Created_by>
        <Network_Creating_Time>480.3</Network_Creating_Time>
        <Network_Time_to_live>238.261</Network_Time_to_live>
        <The_Location_of_ZOR>531.45,1525,0</The_Location_of_ZOR>
        <The_Shape_of_ZOR>1</The_Shape_of_ZOR>
        <The_Length_of_ZOR>1500</The_Length_of_ZOR>
        <The_Width_of_ZOR>1500</The_Width_of_ZOR>
        <The_Location_of_ZOF>531.45,1525,0</The_Location_of_ZOF>
        <The_Shape_of_ZOF>1</The_Shape_of_ZOF>
        <The_Length_of_ZOF>1500</The_Length_of_ZOF>
        <The_Width_of_ZOF>1500</The_Width_of_ZOF>
        <The_Number_of_Received_Message_Nodes_ZOR>336</The_Number_of_Received_Message_Nodes_ZOR>
        <The_Number_of_Received_Message_Nodes_ZOF>336</The_Number_of_Received_Message_Nodes_ZOF>
        <The_Max_Hops>16</The_Max_Hops>
        <The_Max_Delay_Time>0.0608507</The_Max_Delay_Time>
        <The_Number_of_Nodes_Which_Passing_Through_ZOR>337</The_Number_of_Nodes_Which_Passing_Through_ZOR>
        <The_Number_of_Nodes_Which_Passing_Through_ZOF>337</The_Number_of_Nodes_Which_Passing_Through_ZOF>
        <The_Packet_Delivery_Ratio>0.997033</The_Packet_Delivery_Ratio>
        <The_Efficiency>0.000131079</The_Efficiency>
    </Network_Identification_Number>
    <Network_Identification_Number ID="31">
        <Network_Created_by>12</Network_Created_by>
        <Network_Creating_Time>480.3</Network_Creating_Time>
        <Network_Time_to_live>64.4422</Network_Time_to_live>
        <The_Location_of_ZOR>1493.15,1021.7,0</The_Location_of_ZOR>
        <The_Shape_of_ZOR>1</The_Shape_of_ZOR>
        <The_Length_of_ZOR>1500</The_Length_of_ZOR>
        <The_Width_of_ZOR>6.5</The_Width_of_ZOR>
        <The_Location_of_ZOF>1493.15,1024.95,0</The_Location_of_ZOF>
        <The_Shape_of_ZOF>1</The_Shape_of_ZOF>
        <The_Length_of_ZOF>1500</The_Length_of_ZOF>
        <The_Width_of_ZOF>13</The_Width_of_ZOF>
        <The_Number_of_Received_Message_Nodes_ZOR>36</The_Number_of_Received_Message_Nodes_ZOR>
        <The_Number_of_Received_Message_Nodes_ZOF>57</The_Number_of_Received_Message_Nodes_ZOF>
        <The_Max_Hops>6</The_Max_Hops>
        <The_Max_Delay_Time>0.0602977</The_Max_Delay_Time>
        <The_Number_of_Nodes_Which_Passing_Through_ZOR>48</The_Number_of_Nodes_Which_Passing_Through_ZOR>
        <The_Number_of_Nodes_Which_Passing_Through_ZOF>60</The_Number_of_Nodes_Which_Passing_Through_ZOF>
        <The_Packet_Delivery_Ratio>0.75</The_Packet_Delivery_Ratio>
        <The_Efficiency>6.21914e-05</The_Efficiency>
    </Network_Identification_Number>
    <Network_Identification_Number ID="32">
        <Network_Created_by>5</Network_Created_by>
        <Network_Creating_Time>480.3</Network_Creating_Time>
        <Network_Time_to_live>185.342</Network_Time_to_live>
        <The_Location_of_ZOR>1562.72,1521.69,0</The_Location_of_ZOR>
        <The_Shape_of_ZOR>1</The_Shape_of_ZOR>
        <The_Length_of_ZOR>1500</The_Length_of_ZOR>
        <The_Width_of_ZOR>6.5</The_Width_of_ZOR>
        <The_Location_of_ZOF>1562.72,1524.94,0</The_Location_of_ZOF>
        <The_Shape_of_ZOF>1</The_Shape_of_ZOF>
        <The_Length_of_ZOF>1500</The_Length_of_ZOF>
        <The_Width_of_ZOF>13</The_Width_of_ZOF>
        <The_Number_of_Received_Message_Nodes_ZOR>79</The_Number_of_Received_Message_Nodes_ZOR>
        <The_Number_of_Received_Message_Nodes_ZOF>135</The_Number_of_Received_Message_Nodes_ZOF>
        <The_Max_Hops>10</The_Max_Hops>
        <The_Max_Delay_Time>2.59205</The_Max_Delay_Time>
        <The_Number_of_Nodes_Which_Passing_Through_ZOR>111</The_Number_of_Nodes_Which_Passing_Through_ZOR>
        <The_Number_of_Nodes_Which_Passing_Through_ZOF>141</The_Number_of_Nodes_Which_Passing_Through_ZOF>
        <The_Packet_Delivery_Ratio>0.711712</The_Packet_Delivery_Ratio>
        <The_Efficiency>2.28812e-06</The_Efficiency>
    </Network_Identification_Number>
    <Network_Identification_Number ID="33">
        <Network_Created_by>256</Network_Created_by>
        <Network_Creating_Time>480.4</Network_Creating_Time>
        <Network_Time_to_live>152.231</Network_Time_to_live>
        <The_Location_of_ZOR>1012.16,521.705,0</The_Location_of_ZOR>
        <The_Shape_of_ZOR>1</The_Shape_of_ZOR>
        <The_Length_of_ZOR>1500</The_Length_of_ZOR>
        <The_Width_of_ZOR>6.5</The_Width_of_ZOR>
        <The_Location_of_ZOF>1012.16,524.955,0</The_Location_of_ZOF>
        <The_Shape_of_ZOF>1</The_Shape_of_ZOF>
        <The_Length_of_ZOF>1500</The_Length_of_ZOF>
        <The_Width_of_ZOF>13</The_Width_of_ZOF>
        <The_Number_of_Received_Message_Nodes_ZOR>88</The_Number_of_Received_Message_Nodes_ZOR>
        <The_Number_of_Received_Message_Nodes_ZOF>170</The_Number_of_Received_Message_Nodes_ZOF>
        <The_Max_Hops>9</The_Max_Hops>
        <The_Max_Delay_Time>0.0688116</The_Max_Delay_Time>
        <The_Number_of_Nodes_Which_Passing_Through_ZOR>132</The_Number_of_Nodes_Which_Passing_Through_ZOR>
        <The_Number_of_Nodes_Which_Passing_Through_ZOF>176</The_Number_of_Nodes_Which_Passing_Through_ZOF>
        <The_Packet_Delivery_Ratio>0.666667</The_Packet_Delivery_Ratio>
        <The_Efficiency>7.26621e-05</The_Efficiency>
    </Network_Identification_Number>
    <Network_Identification_Number ID="34">
        <Network_Created_by>249</Network_Created_by>
        <Network_Creating_Time>480.4</Network_Creating_Time>
        <Network_Time_to_live>180.585</Network_Time_to_live>
        <The_Location_of_ZOR>528.305,988.994,0</The_Location_of_ZOR>
        <The_Shape_of_ZOR>1</The_Shape_of_ZOR>
        <The_Length_of_ZOR>1500</The_Length_of_ZOR>
        <The_Width_of_ZOR>6.5</The_Width_of_ZOR>
        <The_Location_of_ZOF>525.055,988.994,0</The_Location_of_ZOF>
        <The_Shape_of_ZOF>1</The_Shape_of_ZOF>
        <The_Length_of_ZOF>1500</The_Length_of_ZOF>
        <The_Width_of_ZOF>13</The_Width_of_ZOF>
        <The_Number_of_Received_Message_Nodes_ZOR>69</The_Number_of_Received_Message_Nodes_ZOR>
        <The_Number_of_Received_Message_Nodes_ZOF>139</The_Number_of_Received_Message_Nodes_ZOF>
        <The_Max_Hops>10</The_Max_Hops>
        <The_Max_Delay_Time>0.082725</The_Max_Delay_Time>
        <The_Number_of_Nodes_Which_Passing_Through_ZOR>120</The_Number_of_Nodes_Which_Passing_Through_ZOR>
        <The_Number_of_Nodes_Which_Passing_Through_ZOF>144</The_Number_of_Nodes_Which_Passing_Through_ZOF>
        <The_Packet_Delivery_Ratio>0.575</The_Packet_Delivery_Ratio>
        <The_Efficiency>5.79228e-05</The_Efficiency>
    </Network_Identification_Number>
    <Network_Identification_Number ID="35">
        <Network_Created_by>56</Network_Created_by>
        <Network_Creating_Time>480.4</Network_Creating_Time>
        <Network_Time_to_live>160.017</Network_Time_to_live>
        <The_Location_of_ZOR>528.305,1007.47,0</The_Location_of_ZOR>
        <The_Shape_of_ZOR>1</The_Shape_of_ZOR>
        <The_Length_of_ZOR>1500</The_Length_of_ZOR>
        <The_Width_of_ZOR>6.5</The_Width_of_ZOR>
        <The_Location_of_ZOF>525.055,1007.47,0</The_Location_of_ZOF>
        <The_Shape_of_ZOF>1</The_Shape_of_ZOF>
        <The_Length_of_ZOF>1500</The_Length_of_ZOF>
        <The_Width_of_ZOF>13</The_Width_of_ZOF>
        <The_Number_of_Received_Message_Nodes_ZOR>64</The_Number_of_Received_Message_Nodes_ZOR>
        <The_Number_of_Received_Message_Nodes_ZOF>134</The_Number_of_Received_Message_Nodes_ZOF>
        <The_Max_Hops>9</The_Max_Hops>
        <The_Max_Delay_Time>18.4964</The_Max_Delay_Time>
        <The_Number_of_Nodes_Which_Passing_Through_ZOR>111</The_Number_of_Nodes_Which_Passing_Through_ZOR>
        <The_Number_of_Nodes_Which_Passing_Through_ZOF>138</The_Number_of_Nodes_Which_Passing_Through_ZOF>
        <The_Packet_Delivery_Ratio>0.576577</The_Packet_Delivery_Ratio>
        <The_Efficiency>2.33793e-07</The_Efficiency>
    </Network_Identification_Number>
    <Network_Identification_Number ID="36">
        <Network_Created_by>50</Network_Created_by>
        <Network_Creating_Time>480.4</Network_Creating_Time>
        <Network_Time_to_live>233.149</Network_Time_to_live>
        <The_Location_of_ZOR>1032.68,521.705,0</The_Location_of_ZOR>
        <The_Shape_of_ZOR>1</The_Shape_of_ZOR>
        <The_Length_of_ZOR>1500</The_Length_of_ZOR>
        <The_Width_of_ZOR>6.5</The_Width_of_ZOR>
        <The_Location_of_ZOF>1032.68,524.955,0</The_Location_of_ZOF>
        <The_Shape_of_ZOF>1</The_Shape_of_ZOF>
        <The_Length_of_ZOF>1500</The_Length_of_ZOF>
        <The_Width_of_ZOF>13</The_Width_of_ZOF>
        <The_Number_of_Received_Message_Nodes_ZOR>114</The_Number_of_Received_Message_Nodes_ZOR>
        <The_Number_of_Received_Message_Nodes_ZOF>209</The_Number_of_Received_Message_Nodes_ZOF>
        <The_Max_Hops>8</The_Max_Hops>
        <The_Max_Delay_Time>0.0715875</The_Max_Delay_Time>
        <The_Number_of_Nodes_Which_Passing_Through_ZOR>170</The_Number_of_Nodes_Which_Passing_Through_ZOR>
        <The_Number_of_Nodes_Which_Passing_Through_ZOF>215</The_Number_of_Nodes_Which_Passing_Through_ZOF>
        <The_Packet_Delivery_Ratio>0.670588</The_Packet_Delivery_Ratio>
        <The_Efficiency>6.24493e-05</The_Efficiency>
    </Network_Identification_Number>
    <Network_Identification_Number ID="37">
        <Network_Created_by>387</Network_Created_by>
        <Network_Creating_Time>492.5</Network_Creating_Time>
        <Network_Time_to_live>78.0529</Network_Time_to_live>
        <The_Location_of_ZOR>1022.18,1521.69,0</The_Location_of_ZOR>
        <The_Shape_of_ZOR>1</The_Shape_of_ZOR>
        <The_Length_of_ZOR>1500</The_Length_of_ZOR>
        <The_Width_of_ZOR>6.5</The_Width_of_ZOR>
        <The_Location_of_ZOF>1022.18,1524.94,0</The_Location_of_ZOF>
        <The_Shape_of_ZOF>1</The_Shape_of_ZOF>
        <The_Length_of_ZOF>1500</The_Length_of_ZOF>
        <The_Width_of_ZOF>13</The_Width_of_ZOF>
        <The_Number_of_Received_Message_Nodes_ZOR>65</The_Number_of_Received_Message_Nodes_ZOR>
        <The_Number_of_Received_Message_Nodes_ZOF>121</The_Number_of_Received_Message_Nodes_ZOF>
        <The_Max_Hops>8</The_Max_Hops>
        <The_Max_Delay_Time>45.6544</The_Max_Delay_Time>
        <The_Number_of_Nodes_Which_Passing_Through_ZOR>87</The_Number_of_Nodes_Which_Passing_Through_ZOR>
        <The_Number_of_Nodes_Which_Passing_Through_ZOF>125</The_Number_of_Nodes_Which_Passing_Through_ZOF>
        <The_Packet_Delivery_Ratio>0.747126</The_Packet_Delivery_Ratio>
        <The_Efficiency>1.09099e-07</The_Efficiency>
    </Network_Identification_Number>
    <Network_Identification_Number ID="38">
        <Network_Created_by>373</Network_Created_by>
        <Network_Creating_Time>492.5</Network_Creating_Time>
        <Network_Time_to_live>76.6673</Network_Time_to_live>
        <The_Location_of_ZOR>521.695,971.46,0</The_Location_of_ZOR>
        <The_Shape_of_ZOR>1</The_Shape_of_ZOR>
        <The_Length_of_ZOR>1500</The_Length_of_ZOR>
        <The_Width_of_ZOR>6.5</The_Width_of_ZOR>
        <The_Location_of_ZOF>524.945,971.46,0</The_Location_of_ZOF>
        <The_Shape_of_ZOF>1</The_Shape_of_ZOF>
        <The_Length_of_ZOF>1500</The_Length_of_ZOF>
        <The_Width_of_ZOF>13</The_Width_of_ZOF>
        <The_Number_of_Received_Message_Nodes_ZOR>40</The_Number_of_Received_Message_Nodes_ZOR>
        <The_Number_of_Received_Message_Nodes_ZOF>78</The_Number_of_Received_Message_Nodes_ZOF>
        <The_Max_Hops>7</The_Max_Hops>
        <The_Max_Delay_Time>0.0619504</The_Max_Delay_Time>
        <The_Number_of_Nodes_Which_Passing_Through_ZOR>63</The_Number_of_Nodes_Which_Passing_Through_ZOR>
        <The_Number_of_Nodes_Which_Passing_Through_ZOF>92</The_Number_of_Nodes_Which_Passing_Through_ZOF>
        <The_Packet_Delivery_Ratio>0.634921</The_Packet_Delivery_Ratio>
        <The_Efficiency>5.9785e-05</The_Efficiency>
    </Network_Identification_Number>
    <Network_Identification_Number ID="39">
        <Network_Created_by>62</Network_Created_by>
        <Network_Creating_Time>492.6</Network_Creating_Time>
        <Network_Time_to_live>165.554</Network_Time_to_live>
        <The_Location_of_ZOR>1105.11,1521.69,0</The_Location_of_ZOR>
        <The_Shape_of_ZOR>1</The_Shape_of_ZOR>
        <The_Length_of_ZOR>1500</The_Length_of_ZOR>
        <The_Width_of_ZOR>6.5</The_Width_of_ZOR>
        <The_Location_of_ZOF>1105.11,1524.94,0</The_Location_of_ZOF>
        <The_Shape_of_ZOF>1</The_Shape_of_ZOF>
        <The_Length_of_ZOF>1500</The_Length_of_ZOF>
        <The_Width_of_ZOF>13</The_Width_of_ZOF>
        <The_Number_of_Received_Message_Nodes_ZOR>91</The_Number_of_Received_Message_Nodes_ZOR>
        <The_Number_of_Received_Message_Nodes_ZOF>170</The_Number_of_Received_Message_Nodes_ZOF>
        <The_Max_Hops>10</The_Max_Hops>
        <The_Max_Delay_Time>0.0614687</The_Max_Delay_Time>
        <The_Number_of_Nodes_Which_Passing_Through_ZOR>141</The_Number_of_Nodes_Which_Passing_Through_ZOR>
        <The_Number_of_Nodes_Which_Passing_Through_ZOF>178</The_Number_of_Nodes_Which_Passing_Through_ZOF>
        <The_Packet_Delivery_Ratio>0.64539</The_Packet_Delivery_Ratio>
        <The_Efficiency>8.74958e-05</The_Efficiency>
    </Network_Identification_Number>
    <Network_Identification_Number ID="40">
        <Network_Created_by>370</Network_Created_by>
        <Network_Creating_Time>498.5</Network_Creating_Time>
        <Network_Time_to_live>109.238</Network_Time_to_live>
        <The_Location_of_ZOR>1528.3,997.266,0</The_Location_of_ZOR>
        <The_Shape_of_ZOR>1</The_Shape_of_ZOR>
        <The_Length_of_ZOR>1500</The_Length_of_ZOR>
        <The_Width_of_ZOR>6.5</The_Width_of_ZOR>
        <The_Location_of_ZOF>1525.05,997.266,0</The_Location_of_ZOF>
        <The_Shape_of_ZOF>1</The_Shape_of_ZOF>
        <The_Length_of_ZOF>1500</The_Length_of_ZOF>
        <The_Width_of_ZOF>13</The_Width_of_ZOF>
        <The_Number_of_Received_Message_Nodes_ZOR>52</The_Number_of_Received_Message_Nodes_ZOR>
        <The_Number_of_Received_Message_Nodes_ZOF>96</The_Number_of_Received_Message_Nodes_ZOF>
        <The_Max_Hops>8</The_Max_Hops>
        <The_Max_Delay_Time>0.0626723</The_Max_Delay_Time>
        <The_Number_of_Nodes_Which_Passing_Through_ZOR>81</The_Number_of_Nodes_Which_Passing_Through_ZOR>
        <The_Number_of_Nodes_Which_Passing_Through_ZOF>105</The_Number_of_Nodes_Which_Passing_Through_ZOF>
        <The_Packet_Delivery_Ratio>0.641975</The_Packet_Delivery_Ratio>
        <The_Efficiency>6.82891e-05</The_Efficiency>
    </Network_Identification_Number>
    <Network_Identification_Number ID="41">
        <Network_Created_by>243</Network_Created_by>
        <Network_Creating_Time>498.6</Network_Creating_Time>
        <Network_Time_to_live>93.5625</Network_Time_to_live>
        <The_Location_of_ZOR>1057.29,528.295,0</The_Location_of_ZOR>
        <The_Shape_of_ZOR>1</The_Shape_of_ZOR>
        <The_Length_of_ZOR>1500</The_Length_of_ZOR>
        <The_Width_of_ZOR>6.5</The_Width_of_ZOR>
        <The_Location_of_ZOF>1057.29,525.045,0</The_Location_of_ZOF>
        <The_Shape_of_ZOF>1</The_Shape_of_ZOF>
        <The_Length_of_ZOF>1500</The_Length_of_ZOF>
        <The_Width_of_ZOF>13</The_Width_of_ZOF>
        <The_Number_of_Received_Message_Nodes_ZOR>73</The_Number_of_Received_Message_Nodes_ZOR>
        <The_Number_of_Received_Message_Nodes_ZOF>152</The_Number_of_Received_Message_Nodes_ZOF>
        <The_Max_Hops>7</The_Max_Hops>
        <The_Max_Delay_Time>0.0611345</The_Max_Delay_Time>
        <The_Number_of_Nodes_Which_Passing_Through_ZOR>103</The_Number_of_Nodes_Which_Passing_Through_ZOR>
        <The_Number_of_Nodes_Which_Passing_Through_ZOF>160</The_Number_of_Nodes_Which_Passing_Through_ZOF>
        <The_Packet_Delivery_Ratio>0.708738</The_Packet_Delivery_Ratio>
        <The_Efficiency>6.76263e-05</The_Efficiency>
    </Network_Identification_Number>
    <Network_Identification_Number ID="42">
        <Network_Created_by>239</Network_Created_by>
        <Network_Creating_Time>498.6</Network_Creating_Time>
        <Network_Time_to_live>98.3962</Network_Time_to_live>
        <The_Location_of_ZOR>1026.89,528.295,0</The_Location_of_ZOR>
        <The_Shape_of_ZOR>1</The_Shape_of_ZOR>
        <The_Length_of_ZOR>1500</The_Length_of_ZOR>
        <The_Width_of_ZOR>6.5</The_Width_of_ZOR>
        <The_Location_of_ZOF>1026.89,525.045,0</The_Location_of_ZOF>
        <The_Shape_of_ZOF>1</The_Shape_of_ZOF>
        <The_Length_of_ZOF>1500</The_Length_of_ZOF>
        <The_Width_of_ZOF>13</The_Width_of_ZOF>
        <The_Number_of_Received_Message_Nodes_ZOR>78</The_Number_of_Received_Message_Nodes_ZOR>
        <The_Number_of_Received_Message_Nodes_ZOF>156</The_Number_of_Received_Message_Nodes_ZOF>
        <The_Max_Hops>7</The_Max_Hops>
        <The_Max_Delay_Time>0.0608007</The_Max_Delay_Time>
        <The_Number_of_Nodes_Which_Passing_Through_ZOR>107</The_Number_of_Nodes_Which_Passing_Through_ZOR>
        <The_Number_of_Nodes_Which_Passing_Through_ZOF>163</The_Number_of_Nodes_Which_Passing_Through_ZOF>
        <The_Packet_Delivery_Ratio>0.728972</The_Packet_Delivery_Ratio>
        <The_Efficiency>6.9939e-05</The_Efficiency>
    </Network_Identification_Number>
    <Network_Identification_Number ID="43">
        <Network_Created_by>316</Network_Created_by>
        <Network_Creating_Time>501.6</Network_Creating_Time>
        <Network_Time_to_live>161.776</Network_Time_to_live>
        <The_Location_of_ZOR>1504,1021.7,0</The_Location_of_ZOR>
        <The_Shape_of_ZOR>1</The_Shape_of_ZOR>
        <The_Length_of_ZOR>1500</The_Length_of_ZOR>
        <The_Width_of_ZOR>6.5</The_Width_of_ZOR>
        <The_Location_of_ZOF>1504,1024.95,0</The_Location_of_ZOF>
        <The_Shape_of_ZOF>1</The_Shape_of_ZOF>
        <The_Length_of_ZOF>1500</The_Length_of_ZOF>
        <The_Width_of_ZOF>13</The_Width_of_ZOF>
        <The_Number_of_Received_Message_Nodes_ZOR>58</The_Number_of_Received_Message_Nodes_ZOR>
        <The_Number_of_Received_Message_Nodes_ZOF>104</The_Number_of_Received_Message_Nodes_ZOF>
        <The_Max_Hops>9</The_Max_Hops>
        <The_Max_Delay_Time>137.454</The_Max_Delay_Time>
        <The_Number_of_Nodes_Which_Passing_Through_ZOR>82</The_Number_of_Nodes_Which_Passing_Through_ZOR>
        <The_Number_of_Nodes_Which_Passing_Through_ZOF>110</The_Number_of_Nodes_Which_Passing_Through_ZOF>
        <The_Packet_Delivery_Ratio>0.707317</The_Packet_Delivery_Ratio>
        <The_Efficiency>3.85938e-08</The_Efficiency>
    </Network_Identification_Number>
    <Network_Identification_Number ID="44">
        <Network_Created_by>306</Network_Created_by>
        <Network_Creating_Time>501.6</Network_Creating_Time>
        <Network_Time_to_live>144.915</Network_Time_to_live>
        <The_Location_of_ZOR>1019.98,1026.23,0</The_Location_of_ZOR>
        <The_Shape_of_ZOR>1</The_Shape_of_ZOR>
        <The_Length_of_ZOR>1500</The_Length_of_ZOR>
        <The_Width_of_ZOR>1500</The_Width_of_ZOR>
        <The_Location_of_ZOF>1019.98,1026.23,0</The_Location_of_ZOF>
        <The_Shape_of_ZOF>1</The_Shape_of_ZOF>
        <The_Length_of_ZOF>1500</The_Length_of_ZOF>
        <The_Width_of_ZOF>1500</The_Width_of_ZOF>
        <The_Number_of_Received_Message_Nodes_ZOR>501</The_Number_of_Received_Message_Nodes_ZOR>
        <The_Number_of_Received_Message_Nodes_ZOF>501</The_Number_of_Received_Message_Nodes_ZOF>
        <The_Max_Hops>14</The_Max_Hops>
        <The_Max_Delay_Time>0.0728367</The_Max_Delay_Time>
        <The_Number_of_Nodes_Which_Passing_Through_ZOR>502</The_Number_of_Nodes_Which_Passing_Through_ZOR>
        <The_Number_of_Nodes_Which_Passing_Through_ZOF>502</The_Number_of_Nodes_Which_Passing_Through_ZOF>
        <The_Packet_Delivery_Ratio>0.998008</The_Packet_Delivery_Ratio>
        <The_Efficiency>9.59139e-05</The_Efficiency>
    </Network_Identification_Number>
    <Network_Identification_Number ID="45">
        <Network_Created_by>212</Network_Created_by>
        <Network_Creating_Time>501.7</Network_Creating_Time>
        <Network_Time_to_live>191.705</Network_Time_to_live>
        <The_Location_of_ZOR>1021.71,560.41,0</The_Location_of_ZOR>
        <The_Shape_of_ZOR>1</The_Shape_of_ZOR>
        <The_Length_of_ZOR>1500</The_Length_of_ZOR>
        <The_Width_of_ZOR>6.5</The_Width_of_ZOR>
        <The_Location_of_ZOF>1024.95,560.41,0</The_Location_of_ZOF>
        <The_Shape_of_ZOF>1</The_Shape_of_ZOF>
        <The_Length_of_ZOF>1500</The_Length_of_ZOF>
        <The_Width_of_ZOF>13</The_Width_of_ZOF>
        <The_Number_of_Received_Message_Nodes_ZOR>58</The_Number_of_Received_Message_Nodes_ZOR>
        <The_Number_of_Received_Message_Nodes_ZOF>101</The_Number_of_Received_Message_Nodes_ZOF>
        <The_Max_Hops>8</The_Max_Hops>
        <The_Max_Delay_Time>7.6543</The_Max_Delay_Time>
        <The_Number_of_Nodes_Which_Passing_Through_ZOR>85</The_Number_of_Nodes_Which_Passing_Through_ZOR>
        <The_Number_of_Nodes_Which_Passing_Through_ZOF>108</The_Number_of_Nodes_Which_Passing_Through_ZOF>
        <The_Packet_Delivery_Ratio>0.682353</The_Packet_Delivery_Ratio>
        <The_Efficiency>5.94309e-07</The_Efficiency>
    </Network_Identification_Number>
    <Network_Identification_Number ID="46">
        <Network_Created_by>309</Network_Created_by>
        <Network_Creating_Time>508.5</Network_Creating_Time>
        <Network_Time_to_live>169.166</Network_Time_to_live>
        <The_Location_of_ZOR>1021.61,999.369,0</The_Location_of_ZOR>
        <The_Shape_of_ZOR>1</The_Shape_of_ZOR>
        <The_Length_of_ZOR>1500</The_Length_of_ZOR>
        <The_Width_of_ZOR>6.5</The_Width_of_ZOR>
        <The_Location_of_ZOF>1024.86,999.369,0</The_Location_of_ZOF>
        <The_Shape_of_ZOF>1</The_Shape_of_ZOF>
        <The_Length_of_ZOF>1500</The_Length_of_ZOF>
        <The_Width_of_ZOF>13</The_Width_of_ZOF>
        <The_Number_of_Received_Message_Nodes_ZOR>61</The_Number_of_Received_Message_Nodes_ZOR>
        <The_Number_of_Received_Message_Nodes_ZOF>115</The_Number_of_Received_Message_Nodes_ZOF>
        <The_Max_Hops>10</The_Max_Hops>
        <The_Max_Delay_Time>65.4543</The_Max_Delay_Time>
        <The_Number_of_Nodes_Which_Passing_Through_ZOR>103</The_Number_of_Nodes_Which_Passing_Through_ZOR>
        <The_Number_of_Nodes_Which_Passing_Through_ZOF>125</The_Number_of_Nodes_Which_Passing_Through_ZOF>
        <The_Packet_Delivery_Ratio>0.592233</The_Packet_Delivery_Ratio>
        <The_Efficiency>7.54003e-08</The_Efficiency>
    </Network_Identification_Number>
    <Network_Identification_Number ID="47">
        <Network_Created_by>210</Network_Created_by>
        <Network_Creating_Time>544.1</Network_Creating_Time>
        <Network_Time_to_live>83.7723</Network_Time_to_live>
        <The_Location_of_ZOR>1528.4,1040.89,0</The_Location_of_ZOR>
        <The_Shape_of_ZOR>1</The_Shape_of_ZOR>
        <The_Length_of_ZOR>1500</The_Length_of_ZOR>
        <The_Width_of_ZOR>6.5</The_Width_of_ZOR>
        <The_Location_of_ZOF>1525.15,1040.89,0</The_Location_of_ZOF>
        <The_Shape_of_ZOF>1</The_Shape_of_ZOF>
        <The_Length_of_ZOF>1500</The_Length_of_ZOF>
        <The_Width_of_ZOF>13</The_Width_of_ZOF>
        <The_Number_of_Received_Message_Nodes_ZOR>52</The_Number_of_Received_Message_Nodes_ZOR>
        <The_Number_of_Received_Message_Nodes_ZOF>94</The_Number_of_Received_Message_Nodes_ZOF>
        <The_Max_Hops>8</The_Max_Hops>
        <The_Max_Delay_Time>0.0613234</The_Max_Delay_Time>
        <The_Number_of_Nodes_Which_Passing_Through_ZOR>78</The_Number_of_Nodes_Which_Passing_Through_ZOR>
        <The_Number_of_Nodes_Which_Passing_Through_ZOF>101</The_Number_of_Nodes_Which_Passing_Through_ZOF>
        <The_Packet_Delivery_Ratio>0.666667</The_Packet_Delivery_Ratio>
        <The_Efficiency>7.24755e-05</The_Efficiency>
    </Network_Identification_Number>
    <Network_Identification_Number ID="48">
        <Network_Created_by>323</Network_Created_by>
        <Network_Creating_Time>626.8</Network_Creating_Time>
        <Network_Time_to_live>111.645</Network_Time_to_live>
        <The_Location_of_ZOR>1002.38,528.295,0</The_Location_of_ZOR>
        <The_Shape_of_ZOR>1</The_Shape_of_ZOR>
        <The_Length_of_ZOR>1500</The_Length_of_ZOR>
        <The_Width_of_ZOR>6.5</The_Width_of_ZOR>
        <The_Location_of_ZOF>1002.38,525.045,0</The_Location_of_ZOF>
        <The_Shape_of_ZOF>1</The_Shape_of_ZOF>
        <The_Length_of_ZOF>1500</The_Length_of_ZOF>
        <The_Width_of_ZOF>13</The_Width_of_ZOF>
        <The_Number_of_Received_Message_Nodes_ZOR>76</The_Number_of_Received_Message_Nodes_ZOR>
        <The_Number_of_Received_Message_Nodes_ZOF>166</The_Number_of_Received_Message_Nodes_ZOF>
        <The_Max_Hops>10</The_Max_Hops>
        <The_Max_Delay_Time>0.0620115</The_Max_Delay_Time>
        <The_Number_of_Nodes_Which_Passing_Through_ZOR>102</The_Number_of_Nodes_Which_Passing_Through_ZOR>
        <The_Number_of_Nodes_Which_Passing_Through_ZOF>170</The_Number_of_Nodes_Which_Passing_Through_ZOF>
        <The_Packet_Delivery_Ratio>0.745098</The_Packet_Delivery_Ratio>
        <The_Efficiency>0.000100129</The_Efficiency>
    </Network_Identification_Number>
    <Network_Identification_Number ID="49">
        <Network_Created_by>311</Network_Created_by>
        <Network_Creating_Time>667.1</Network_Creating_Time>
        <Network_Time_to_live>218.197</Network_Time_to_live>
        <The_Location_of_ZOR>1528.4,1121.9,0</The_Location_of_ZOR>
        <The_Shape_of_ZOR>1</The_Shape_of_ZOR>
        <The_Length_of_ZOR>1500</The_Length_of_ZOR>
        <The_Width_of_ZOR>6.5</The_Width_of_ZOR>
        <The_Location_of_ZOF>1525.15,1121.9,0</The_Location_of_ZOF>
        <The_Shape_of_ZOF>1</The_Shape_of_ZOF>
        <The_Length_of_ZOF>1500</The_Length_of_ZOF>
        <The_Width_of_ZOF>13</The_Width_of_ZOF>
        <The_Number_of_Received_Message_Nodes_ZOR>89</The_Number_of_Received_Message_Nodes_ZOR>
        <The_Number_of_Received_Message_Nodes_ZOF>178</The_Number_of_Received_Message_Nodes_ZOF>
        <The_Max_Hops>11</The_Max_Hops>
        <The_Max_Delay_Time>0.0614811</The_Max_Delay_Time>
        <The_Number_of_Nodes_Which_Passing_Through_ZOR>144</The_Number_of_Nodes_Which_Passing_Through_ZOR>
        <The_Number_of_Nodes_Which_Passing_Through_ZOF>183</The_Number_of_Nodes_Which_Passing_Through_ZOF>
        <The_Packet_Delivery_Ratio>0.618056</The_Packet_Delivery_Ratio>
        <The_Efficiency>9.21504e-05</The_Efficiency>
    </Network_Identification_Number>
</Protocol>
