<Protocol Name="DTSG">
    <The_Simulation_Start_at>2013-11-22,04:52:10</The_Simulation_Start_at>
    <The_Simulation_End_at>2013-11-22,05:41:47</The_Simulation_End_at>
    <Playground_X>2025</Playground_X>
    <Playground_Y>2025</Playground_Y>
    <Road_Length>452.804</Road_Length>
    <Road_Building_Density_Ratio>0.0883385</Road_Building_Density_Ratio>
    <Number_of_CrossRoads>9</Number_of_CrossRoads>
    <Number_of_Polygons>9</Number_of_Polygons>
    <Vehicle_In_City>400</Vehicle_In_City>
    <The_Range_of_Transmission>300</The_Range_of_Transmission>
    <Network_Identification_Number ID="0">
        <Network_Created_by>393</Network_Created_by>
        <Network_Creating_Time>480.3</Network_Creating_Time>
        <Network_Time_to_live>237.179</Network_Time_to_live>
        <The_Location_of_ZOR>530.832,1528.31,0</The_Location_of_ZOR>
        <The_Shape_of_ZOR>1</The_Shape_of_ZOR>
        <The_Length_of_ZOR>1500</The_Length_of_ZOR>
        <The_Width_of_ZOR>6.5</The_Width_of_ZOR>
        <The_Location_of_ZOF>530.832,1525.06,0</The_Location_of_ZOF>
        <The_Shape_of_ZOF>1</The_Shape_of_ZOF>
        <The_Length_of_ZOF>1500</The_Length_of_ZOF>
        <The_Width_of_ZOF>13</The_Width_of_ZOF>
        <The_Number_of_Received_Message_Nodes_ZOR>45</The_Number_of_Received_Message_Nodes_ZOR>
        <The_Number_of_Received_Message_Nodes_ZOF>87</The_Number_of_Received_Message_Nodes_ZOF>
        <The_Max_Hops>4</The_Max_Hops>
        <The_Max_Delay_Time>43.2548</The_Max_Delay_Time>
        <The_Number_of_Nodes_Which_Passing_Through_ZOR>126</The_Number_of_Nodes_Which_Passing_Through_ZOR>
        <The_Number_of_Nodes_Which_Passing_Through_ZOF>159</The_Number_of_Nodes_Which_Passing_Through_ZOF>
        <The_Packet_Delivery_Ratio>0.357143</The_Packet_Delivery_Ratio>
        <The_Efficiency>2.75224e-08</The_Efficiency>
    </Network_Identification_Number>
    <Network_Identification_Number ID="1">
        <Network_Created_by>361</Network_Created_by>
        <Network_Creating_Time>480.3</Network_Creating_Time>
        <Network_Time_to_live>186.805</Network_Time_to_live>
        <The_Location_of_ZOR>530.02,1523.77,0</The_Location_of_ZOR>
        <The_Shape_of_ZOR>1</The_Shape_of_ZOR>
        <The_Length_of_ZOR>1500</The_Length_of_ZOR>
        <The_Width_of_ZOR>1500</The_Width_of_ZOR>
        <The_Location_of_ZOF>530.02,1523.77,0</The_Location_of_ZOF>
        <The_Shape_of_ZOF>1</The_Shape_of_ZOF>
        <The_Length_of_ZOF>1500</The_Length_of_ZOF>
        <The_Width_of_ZOF>1500</The_Width_of_ZOF>
        <The_Number_of_Received_Message_Nodes_ZOR>145</The_Number_of_Received_Message_Nodes_ZOR>
        <The_Number_of_Received_Message_Nodes_ZOF>145</The_Number_of_Received_Message_Nodes_ZOF>
        <The_Max_Hops>5</The_Max_Hops>
        <The_Max_Delay_Time>43.2544</The_Max_Delay_Time>
        <The_Number_of_Nodes_Which_Passing_Through_ZOR>300</The_Number_of_Nodes_Which_Passing_Through_ZOR>
        <The_Number_of_Nodes_Which_Passing_Through_ZOF>300</The_Number_of_Nodes_Which_Passing_Through_ZOF>
        <The_Packet_Delivery_Ratio>0.483333</The_Packet_Delivery_Ratio>
        <The_Efficiency>2.79355e-08</The_Efficiency>
    </Network_Identification_Number>
    <Network_Identification_Number ID="2">
        <Network_Created_by>338</Network_Created_by>
        <Network_Creating_Time>480.3</Network_Creating_Time>
        <Network_Time_to_live>189.975</Network_Time_to_live>
        <The_Location_of_ZOR>51.3609,1028.3,0</The_Location_of_ZOR>
        <The_Shape_of_ZOR>1</The_Shape_of_ZOR>
        <The_Length_of_ZOR>1500</The_Length_of_ZOR>
        <The_Width_of_ZOR>6.5</The_Width_of_ZOR>
        <The_Location_of_ZOF>51.3609,1025.05,0</The_Location_of_ZOF>
        <The_Shape_of_ZOF>1</The_Shape_of_ZOF>
        <The_Length_of_ZOF>1500</The_Length_of_ZOF>
        <The_Width_of_ZOF>13</The_Width_of_ZOF>
        <The_Number_of_Received_Message_Nodes_ZOR>46</The_Number_of_Received_Message_Nodes_ZOR>
        <The_Number_of_Received_Message_Nodes_ZOF>59</The_Number_of_Received_Message_Nodes_ZOF>
        <The_Max_Hops>3</The_Max_Hops>
        <The_Max_Delay_Time>43.2543</The_Max_Delay_Time>
        <The_Number_of_Nodes_Which_Passing_Through_ZOR>69</The_Number_of_Nodes_Which_Passing_Through_ZOR>
        <The_Number_of_Nodes_Which_Passing_Through_ZOF>86</The_Number_of_Nodes_Which_Passing_Through_ZOF>
        <The_Packet_Delivery_Ratio>0.666667</The_Packet_Delivery_Ratio>
        <The_Efficiency>3.85318e-08</The_Efficiency>
    </Network_Identification_Number>
    <Network_Identification_Number ID="3">
        <Network_Created_by>326</Network_Created_by>
        <Network_Creating_Time>480.3</Network_Creating_Time>
        <Network_Time_to_live>197.759</Network_Time_to_live>
        <The_Location_of_ZOR>1024.67,521.705,0</The_Location_of_ZOR>
        <The_Shape_of_ZOR>1</The_Shape_of_ZOR>
        <The_Length_of_ZOR>1500</The_Length_of_ZOR>
        <The_Width_of_ZOR>6.5</The_Width_of_ZOR>
        <The_Location_of_ZOF>1024.67,524.955,0</The_Location_of_ZOF>
        <The_Shape_of_ZOF>1</The_Shape_of_ZOF>
        <The_Length_of_ZOF>1500</The_Length_of_ZOF>
        <The_Width_of_ZOF>13</The_Width_of_ZOF>
        <The_Number_of_Received_Message_Nodes_ZOR>64</The_Number_of_Received_Message_Nodes_ZOR>
        <The_Number_of_Received_Message_Nodes_ZOF>109</The_Number_of_Received_Message_Nodes_ZOF>
        <The_Max_Hops>4</The_Max_Hops>
        <The_Max_Delay_Time>43.2547</The_Max_Delay_Time>
        <The_Number_of_Nodes_Which_Passing_Through_ZOR>162</The_Number_of_Nodes_Which_Passing_Through_ZOR>
        <The_Number_of_Nodes_Which_Passing_Through_ZOF>209</The_Number_of_Nodes_Which_Passing_Through_ZOF>
        <The_Packet_Delivery_Ratio>0.395062</The_Packet_Delivery_Ratio>
        <The_Efficiency>3.04446e-08</The_Efficiency>
    </Network_Identification_Number>
    <Network_Identification_Number ID="4">
        <Network_Created_by>321</Network_Created_by>
        <Network_Creating_Time>480.3</Network_Creating_Time>
        <Network_Time_to_live>97.3446</Network_Time_to_live>
        <The_Location_of_ZOR>1042.7,1521.69,0</The_Location_of_ZOR>
        <The_Shape_of_ZOR>1</The_Shape_of_ZOR>
        <The_Length_of_ZOR>1500</The_Length_of_ZOR>
        <The_Width_of_ZOR>6.5</The_Width_of_ZOR>
        <The_Location_of_ZOF>1042.7,1524.94,0</The_Location_of_ZOF>
        <The_Shape_of_ZOF>1</The_Shape_of_ZOF>
        <The_Length_of_ZOF>1500</The_Length_of_ZOF>
        <The_Width_of_ZOF>13</The_Width_of_ZOF>
        <The_Number_of_Received_Message_Nodes_ZOR>14</The_Number_of_Received_Message_Nodes_ZOR>
        <The_Number_of_Received_Message_Nodes_ZOF>35</The_Number_of_Received_Message_Nodes_ZOF>
        <The_Max_Hops>3</The_Max_Hops>
        <The_Max_Delay_Time>43.2544</The_Max_Delay_Time>
        <The_Number_of_Nodes_Which_Passing_Through_ZOR>96</The_Number_of_Nodes_Which_Passing_Through_ZOR>
        <The_Number_of_Nodes_Which_Passing_Through_ZOF>137</The_Number_of_Nodes_Which_Passing_Through_ZOF>
        <The_Packet_Delivery_Ratio>0.145833</The_Packet_Delivery_Ratio>
        <The_Efficiency>8.42881e-09</The_Efficiency>
    </Network_Identification_Number>
    <Network_Identification_Number ID="5">
        <Network_Created_by>320</Network_Created_by>
        <Network_Creating_Time>480.3</Network_Creating_Time>
        <Network_Time_to_live>215.494</Network_Time_to_live>
        <The_Location_of_ZOR>1028.3,1916.78,0</The_Location_of_ZOR>
        <The_Shape_of_ZOR>1</The_Shape_of_ZOR>
        <The_Length_of_ZOR>1500</The_Length_of_ZOR>
        <The_Width_of_ZOR>6.5</The_Width_of_ZOR>
        <The_Location_of_ZOF>1025.05,1916.78,0</The_Location_of_ZOF>
        <The_Shape_of_ZOF>1</The_Shape_of_ZOF>
        <The_Length_of_ZOF>1500</The_Length_of_ZOF>
        <The_Width_of_ZOF>13</The_Width_of_ZOF>
        <The_Number_of_Received_Message_Nodes_ZOR>23</The_Number_of_Received_Message_Nodes_ZOR>
        <The_Number_of_Received_Message_Nodes_ZOF>49</The_Number_of_Received_Message_Nodes_ZOF>
        <The_Max_Hops>4</The_Max_Hops>
        <The_Max_Delay_Time>160.154</The_Max_Delay_Time>
        <The_Number_of_Nodes_Which_Passing_Through_ZOR>61</The_Number_of_Nodes_Which_Passing_Through_ZOR>
        <The_Number_of_Nodes_Which_Passing_Through_ZOF>90</The_Number_of_Nodes_Which_Passing_Through_ZOF>
        <The_Packet_Delivery_Ratio>0.377049</The_Packet_Delivery_Ratio>
        <The_Efficiency>7.84762e-09</The_Efficiency>
    </Network_Identification_Number>
    <Network_Identification_Number ID="6">
        <Network_Created_by>319</Network_Created_by>
        <Network_Creating_Time>480.3</Network_Creating_Time>
        <Network_Time_to_live>233.083</Network_Time_to_live>
        <The_Location_of_ZOR>515.823,528.295,0</The_Location_of_ZOR>
        <The_Shape_of_ZOR>1</The_Shape_of_ZOR>
        <The_Length_of_ZOR>1500</The_Length_of_ZOR>
        <The_Width_of_ZOR>6.5</The_Width_of_ZOR>
        <The_Location_of_ZOF>515.823,525.045,0</The_Location_of_ZOF>
        <The_Shape_of_ZOF>1</The_Shape_of_ZOF>
        <The_Length_of_ZOF>1500</The_Length_of_ZOF>
        <The_Width_of_ZOF>13</The_Width_of_ZOF>
        <The_Number_of_Received_Message_Nodes_ZOR>36</The_Number_of_Received_Message_Nodes_ZOR>
        <The_Number_of_Received_Message_Nodes_ZOF>62</The_Number_of_Received_Message_Nodes_ZOF>
        <The_Max_Hops>5</The_Max_Hops>
        <The_Max_Delay_Time>43.2545</The_Max_Delay_Time>
        <The_Number_of_Nodes_Which_Passing_Through_ZOR>130</The_Number_of_Nodes_Which_Passing_Through_ZOR>
        <The_Number_of_Nodes_Which_Passing_Through_ZOF>176</The_Number_of_Nodes_Which_Passing_Through_ZOF>
        <The_Packet_Delivery_Ratio>0.276923</The_Packet_Delivery_Ratio>
        <The_Efficiency>2.66758e-08</The_Efficiency>
    </Network_Identification_Number>
    <Network_Identification_Number ID="7">
        <Network_Created_by>280</Network_Created_by>
        <Network_Creating_Time>480.3</Network_Creating_Time>
        <Network_Time_to_live>75.016</Network_Time_to_live>
        <The_Location_of_ZOR>1028.3,1003.58,0</The_Location_of_ZOR>
        <The_Shape_of_ZOR>1</The_Shape_of_ZOR>
        <The_Length_of_ZOR>1500</The_Length_of_ZOR>
        <The_Width_of_ZOR>6.5</The_Width_of_ZOR>
        <The_Location_of_ZOF>1025.05,1003.58,0</The_Location_of_ZOF>
        <The_Shape_of_ZOF>1</The_Shape_of_ZOF>
        <The_Length_of_ZOF>1500</The_Length_of_ZOF>
        <The_Width_of_ZOF>13</The_Width_of_ZOF>
        <The_Number_of_Received_Message_Nodes_ZOR>5</The_Number_of_Received_Message_Nodes_ZOR>
        <The_Number_of_Received_Message_Nodes_ZOF>7</The_Number_of_Received_Message_Nodes_ZOF>
        <The_Max_Hops>1</The_Max_Hops>
        <The_Max_Delay_Time>39.8691</The_Max_Delay_Time>
        <The_Number_of_Nodes_Which_Passing_Through_ZOR>62</The_Number_of_Nodes_Which_Passing_Through_ZOR>
        <The_Number_of_Nodes_Which_Passing_Through_ZOF>81</The_Number_of_Nodes_Which_Passing_Through_ZOF>
        <The_Packet_Delivery_Ratio>0.0806452</The_Packet_Delivery_Ratio>
        <The_Efficiency>1.68562e-09</The_Efficiency>
    </Network_Identification_Number>
    <Network_Identification_Number ID="8">
        <Network_Created_by>272</Network_Created_by>
        <Network_Creating_Time>480.3</Network_Creating_Time>
        <Network_Time_to_live>218.454</Network_Time_to_live>
        <The_Location_of_ZOR>1014.17,1521.69,0</The_Location_of_ZOR>
        <The_Shape_of_ZOR>1</The_Shape_of_ZOR>
        <The_Length_of_ZOR>1500</The_Length_of_ZOR>
        <The_Width_of_ZOR>6.5</The_Width_of_ZOR>
        <The_Location_of_ZOF>1014.17,1524.94,0</The_Location_of_ZOF>
        <The_Shape_of_ZOF>1</The_Shape_of_ZOF>
        <The_Length_of_ZOF>1500</The_Length_of_ZOF>
        <The_Width_of_ZOF>13</The_Width_of_ZOF>
        <The_Number_of_Received_Message_Nodes_ZOR>46</The_Number_of_Received_Message_Nodes_ZOR>
        <The_Number_of_Received_Message_Nodes_ZOF>80</The_Number_of_Received_Message_Nodes_ZOF>
        <The_Max_Hops>5</The_Max_Hops>
        <The_Max_Delay_Time>43.2542</The_Max_Delay_Time>
        <The_Number_of_Nodes_Which_Passing_Through_ZOR>161</The_Number_of_Nodes_Which_Passing_Through_ZOR>
        <The_Number_of_Nodes_Which_Passing_Through_ZOF>195</The_Number_of_Nodes_Which_Passing_Through_ZOF>
        <The_Packet_Delivery_Ratio>0.285714</The_Packet_Delivery_Ratio>
        <The_Efficiency>2.75228e-08</The_Efficiency>
    </Network_Identification_Number>
    <Network_Identification_Number ID="9">
        <Network_Created_by>270</Network_Created_by>
        <Network_Creating_Time>480.3</Network_Creating_Time>
        <Network_Time_to_live>107.398</Network_Time_to_live>
        <The_Location_of_ZOR>1519.97,1526.23,0</The_Location_of_ZOR>
        <The_Shape_of_ZOR>1</The_Shape_of_ZOR>
        <The_Length_of_ZOR>1500</The_Length_of_ZOR>
        <The_Width_of_ZOR>1500</The_Width_of_ZOR>
        <The_Location_of_ZOF>1519.97,1526.23,0</The_Location_of_ZOF>
        <The_Shape_of_ZOF>1</The_Shape_of_ZOF>
        <The_Length_of_ZOF>1500</The_Length_of_ZOF>
        <The_Width_of_ZOF>1500</The_Width_of_ZOF>
        <The_Number_of_Received_Message_Nodes_ZOR>62</The_Number_of_Received_Message_Nodes_ZOR>
        <The_Number_of_Received_Message_Nodes_ZOF>62</The_Number_of_Received_Message_Nodes_ZOF>
        <The_Max_Hops>3</The_Max_Hops>
        <The_Max_Delay_Time>43.2546</The_Max_Delay_Time>
        <The_Number_of_Nodes_Which_Passing_Through_ZOR>206</The_Number_of_Nodes_Which_Passing_Through_ZOR>
        <The_Number_of_Nodes_Which_Passing_Through_ZOF>206</The_Number_of_Nodes_Which_Passing_Through_ZOF>
        <The_Packet_Delivery_Ratio>0.300971</The_Packet_Delivery_Ratio>
        <The_Efficiency>1.04372e-08</The_Efficiency>
    </Network_Identification_Number>
    <Network_Identification_Number ID="10">
        <Network_Created_by>250</Network_Created_by>
        <Network_Creating_Time>480.3</Network_Creating_Time>
        <Network_Time_to_live>230.527</Network_Time_to_live>
        <The_Location_of_ZOR>475.775,1528.31,0</The_Location_of_ZOR>
        <The_Shape_of_ZOR>1</The_Shape_of_ZOR>
        <The_Length_of_ZOR>1500</The_Length_of_ZOR>
        <The_Width_of_ZOR>6.5</The_Width_of_ZOR>
        <The_Location_of_ZOF>475.775,1525.06,0</The_Location_of_ZOF>
        <The_Shape_of_ZOF>1</The_Shape_of_ZOF>
        <The_Length_of_ZOF>1500</The_Length_of_ZOF>
        <The_Width_of_ZOF>13</The_Width_of_ZOF>
        <The_Number_of_Received_Message_Nodes_ZOR>44</The_Number_of_Received_Message_Nodes_ZOR>
        <The_Number_of_Received_Message_Nodes_ZOF>86</The_Number_of_Received_Message_Nodes_ZOF>
        <The_Max_Hops>5</The_Max_Hops>
        <The_Max_Delay_Time>43.2544</The_Max_Delay_Time>
        <The_Number_of_Nodes_Which_Passing_Through_ZOR>120</The_Number_of_Nodes_Which_Passing_Through_ZOR>
        <The_Number_of_Nodes_Which_Passing_Through_ZOF>155</The_Number_of_Nodes_Which_Passing_Through_ZOF>
        <The_Packet_Delivery_Ratio>0.366667</The_Packet_Delivery_Ratio>
        <The_Efficiency>3.53208e-08</The_Efficiency>
    </Network_Identification_Number>
    <Network_Identification_Number ID="11">
        <Network_Created_by>238</Network_Created_by>
        <Network_Creating_Time>480.3</Network_Creating_Time>
        <Network_Time_to_live>209.589</Network_Time_to_live>
        <The_Location_of_ZOR>1519.97,526.23,0</The_Location_of_ZOR>
        <The_Shape_of_ZOR>1</The_Shape_of_ZOR>
        <The_Length_of_ZOR>1500</The_Length_of_ZOR>
        <The_Width_of_ZOR>1500</The_Width_of_ZOR>
        <The_Location_of_ZOF>1519.97,526.23,0</The_Location_of_ZOF>
        <The_Shape_of_ZOF>1</The_Shape_of_ZOF>
        <The_Length_of_ZOF>1500</The_Length_of_ZOF>
        <The_Width_of_ZOF>1500</The_Width_of_ZOF>
        <The_Number_of_Received_Message_Nodes_ZOR>94</The_Number_of_Received_Message_Nodes_ZOR>
        <The_Number_of_Received_Message_Nodes_ZOF>94</The_Number_of_Received_Message_Nodes_ZOF>
        <The_Max_Hops>4</The_Max_Hops>
        <The_Max_Delay_Time>43.2543</The_Max_Delay_Time>
        <The_Number_of_Nodes_Which_Passing_Through_ZOR>288</The_Number_of_Nodes_Which_Passing_Through_ZOR>
        <The_Number_of_Nodes_Which_Passing_Through_ZOF>288</The_Number_of_Nodes_Which_Passing_Through_ZOF>
        <The_Packet_Delivery_Ratio>0.326389</The_Packet_Delivery_Ratio>
        <The_Efficiency>1.50916e-08</The_Efficiency>
    </Network_Identification_Number>
    <Network_Identification_Number ID="12">
        <Network_Created_by>235</Network_Created_by>
        <Network_Creating_Time>480.3</Network_Creating_Time>
        <Network_Time_to_live>101.259</Network_Time_to_live>
        <The_Location_of_ZOR>521.695,93.9579,0</The_Location_of_ZOR>
        <The_Shape_of_ZOR>1</The_Shape_of_ZOR>
        <The_Length_of_ZOR>1500</The_Length_of_ZOR>
        <The_Width_of_ZOR>6.5</The_Width_of_ZOR>
        <The_Location_of_ZOF>524.945,93.9579,0</The_Location_of_ZOF>
        <The_Shape_of_ZOF>1</The_Shape_of_ZOF>
        <The_Length_of_ZOF>1500</The_Length_of_ZOF>
        <The_Width_of_ZOF>13</The_Width_of_ZOF>
        <The_Number_of_Received_Message_Nodes_ZOR>11</The_Number_of_Received_Message_Nodes_ZOR>
        <The_Number_of_Received_Message_Nodes_ZOF>30</The_Number_of_Received_Message_Nodes_ZOF>
        <The_Max_Hops>2</The_Max_Hops>
        <The_Max_Delay_Time>29.8545</The_Max_Delay_Time>
        <The_Number_of_Nodes_Which_Passing_Through_ZOR>28</The_Number_of_Nodes_Which_Passing_Through_ZOR>
        <The_Number_of_Nodes_Which_Passing_Through_ZOF>45</The_Number_of_Nodes_Which_Passing_Through_ZOF>
        <The_Packet_Delivery_Ratio>0.392857</The_Packet_Delivery_Ratio>
        <The_Efficiency>2.19318e-08</The_Efficiency>
    </Network_Identification_Number>
    <Network_Identification_Number ID="13">
        <Network_Created_by>233</Network_Created_by>
        <Network_Creating_Time>480.3</Network_Creating_Time>
        <Network_Time_to_live>147.85</Network_Time_to_live>
        <The_Location_of_ZOR>1028.3,989.189,0</The_Location_of_ZOR>
        <The_Shape_of_ZOR>1</The_Shape_of_ZOR>
        <The_Length_of_ZOR>1500</The_Length_of_ZOR>
        <The_Width_of_ZOR>6.5</The_Width_of_ZOR>
        <The_Location_of_ZOF>1025.05,989.189,0</The_Location_of_ZOF>
        <The_Shape_of_ZOF>1</The_Shape_of_ZOF>
        <The_Length_of_ZOF>1500</The_Length_of_ZOF>
        <The_Width_of_ZOF>13</The_Width_of_ZOF>
        <The_Number_of_Received_Message_Nodes_ZOR>35</The_Number_of_Received_Message_Nodes_ZOR>
        <The_Number_of_Received_Message_Nodes_ZOF>75</The_Number_of_Received_Message_Nodes_ZOF>
        <The_Max_Hops>5</The_Max_Hops>
        <The_Max_Delay_Time>38.4798</The_Max_Delay_Time>
        <The_Number_of_Nodes_Which_Passing_Through_ZOR>105</The_Number_of_Nodes_Which_Passing_Through_ZOR>
        <The_Number_of_Nodes_Which_Passing_Through_ZOF>139</The_Number_of_Nodes_Which_Passing_Through_ZOF>
        <The_Packet_Delivery_Ratio>0.333333</The_Packet_Delivery_Ratio>
        <The_Efficiency>3.6094e-08</The_Efficiency>
    </Network_Identification_Number>
    <Network_Identification_Number ID="14">
        <Network_Created_by>222</Network_Created_by>
        <Network_Creating_Time>480.3</Network_Creating_Time>
        <Network_Time_to_live>219.361</Network_Time_to_live>
        <The_Location_of_ZOR>1028.3,1952.01,0</The_Location_of_ZOR>
        <The_Shape_of_ZOR>1</The_Shape_of_ZOR>
        <The_Length_of_ZOR>1500</The_Length_of_ZOR>
        <The_Width_of_ZOR>6.5</The_Width_of_ZOR>
        <The_Location_of_ZOF>1025.05,1952.01,0</The_Location_of_ZOF>
        <The_Shape_of_ZOF>1</The_Shape_of_ZOF>
        <The_Length_of_ZOF>1500</The_Length_of_ZOF>
        <The_Width_of_ZOF>13</The_Width_of_ZOF>
        <The_Number_of_Received_Message_Nodes_ZOR>21</The_Number_of_Received_Message_Nodes_ZOR>
        <The_Number_of_Received_Message_Nodes_ZOF>39</The_Number_of_Received_Message_Nodes_ZOF>
        <The_Max_Hops>4</The_Max_Hops>
        <The_Max_Delay_Time>29.3544</The_Max_Delay_Time>
        <The_Number_of_Nodes_Which_Passing_Through_ZOR>63</The_Number_of_Nodes_Which_Passing_Through_ZOR>
        <The_Number_of_Nodes_Which_Passing_Through_ZOF>94</The_Number_of_Nodes_Which_Passing_Through_ZOF>
        <The_Packet_Delivery_Ratio>0.333333</The_Packet_Delivery_Ratio>
        <The_Efficiency>3.78516e-08</The_Efficiency>
    </Network_Identification_Number>
    <Network_Identification_Number ID="15">
        <Network_Created_by>219</Network_Created_by>
        <Network_Creating_Time>480.3</Network_Creating_Time>
        <Network_Time_to_live>96.8758</Network_Time_to_live>
        <The_Location_of_ZOR>1025.24,523.33,0</The_Location_of_ZOR>
        <The_Shape_of_ZOR>1</The_Shape_of_ZOR>
        <The_Length_of_ZOR>1500</The_Length_of_ZOR>
        <The_Width_of_ZOR>1500</The_Width_of_ZOR>
        <The_Location_of_ZOF>1025.24,523.33,0</The_Location_of_ZOF>
        <The_Shape_of_ZOF>1</The_Shape_of_ZOF>
        <The_Length_of_ZOF>1500</The_Length_of_ZOF>
        <The_Width_of_ZOF>1500</The_Width_of_ZOF>
        <The_Number_of_Received_Message_Nodes_ZOR>54</The_Number_of_Received_Message_Nodes_ZOR>
        <The_Number_of_Received_Message_Nodes_ZOF>54</The_Number_of_Received_Message_Nodes_ZOF>
        <The_Max_Hops>2</The_Max_Hops>
        <The_Max_Delay_Time>36.8545</The_Max_Delay_Time>
        <The_Number_of_Nodes_Which_Passing_Through_ZOR>324</The_Number_of_Nodes_Which_Passing_Through_ZOR>
        <The_Number_of_Nodes_Which_Passing_Through_ZOF>324</The_Number_of_Nodes_Which_Passing_Through_ZOF>
        <The_Packet_Delivery_Ratio>0.166667</The_Packet_Delivery_Ratio>
        <The_Efficiency>4.52228e-09</The_Efficiency>
    </Network_Identification_Number>
    <Network_Identification_Number ID="16">
        <Network_Created_by>200</Network_Created_by>
        <Network_Creating_Time>480.3</Network_Creating_Time>
        <Network_Time_to_live>117.603</Network_Time_to_live>
        <The_Location_of_ZOR>1025.24,1523.32,0</The_Location_of_ZOR>
        <The_Shape_of_ZOR>1</The_Shape_of_ZOR>
        <The_Length_of_ZOR>1500</The_Length_of_ZOR>
        <The_Width_of_ZOR>1500</The_Width_of_ZOR>
        <The_Location_of_ZOF>1025.24,1523.32,0</The_Location_of_ZOF>
        <The_Shape_of_ZOF>1</The_Shape_of_ZOF>
        <The_Length_of_ZOF>1500</The_Length_of_ZOF>
        <The_Width_of_ZOF>1500</The_Width_of_ZOF>
        <The_Number_of_Received_Message_Nodes_ZOR>62</The_Number_of_Received_Message_Nodes_ZOR>
        <The_Number_of_Received_Message_Nodes_ZOF>62</The_Number_of_Received_Message_Nodes_ZOF>
        <The_Max_Hops>4</The_Max_Hops>
        <The_Max_Delay_Time>30.7679</The_Max_Delay_Time>
        <The_Number_of_Nodes_Which_Passing_Through_ZOR>325</The_Number_of_Nodes_Which_Passing_Through_ZOR>
        <The_Number_of_Nodes_Which_Passing_Through_ZOF>325</The_Number_of_Nodes_Which_Passing_Through_ZOF>
        <The_Packet_Delivery_Ratio>0.190769</The_Packet_Delivery_Ratio>
        <The_Efficiency>1.24005e-08</The_Efficiency>
    </Network_Identification_Number>
    <Network_Identification_Number ID="17">
        <Network_Created_by>197</Network_Created_by>
        <Network_Creating_Time>480.3</Network_Creating_Time>
        <Network_Time_to_live>147.014</Network_Time_to_live>
        <The_Location_of_ZOR>521.695,1057.78,0</The_Location_of_ZOR>
        <The_Shape_of_ZOR>1</The_Shape_of_ZOR>
        <The_Length_of_ZOR>1500</The_Length_of_ZOR>
        <The_Width_of_ZOR>6.5</The_Width_of_ZOR>
        <The_Location_of_ZOF>524.945,1057.78,0</The_Location_of_ZOF>
        <The_Shape_of_ZOF>1</The_Shape_of_ZOF>
        <The_Length_of_ZOF>1500</The_Length_of_ZOF>
        <The_Width_of_ZOF>13</The_Width_of_ZOF>
        <The_Number_of_Received_Message_Nodes_ZOR>14</The_Number_of_Received_Message_Nodes_ZOR>
        <The_Number_of_Received_Message_Nodes_ZOF>30</The_Number_of_Received_Message_Nodes_ZOF>
        <The_Max_Hops>4</The_Max_Hops>
        <The_Max_Delay_Time>36.2544</The_Max_Delay_Time>
        <The_Number_of_Nodes_Which_Passing_Through_ZOR>112</The_Number_of_Nodes_Which_Passing_Through_ZOR>
        <The_Number_of_Nodes_Which_Passing_Through_ZOF>145</The_Number_of_Nodes_Which_Passing_Through_ZOF>
        <The_Packet_Delivery_Ratio>0.125</The_Packet_Delivery_Ratio>
        <The_Efficiency>1.14929e-08</The_Efficiency>
    </Network_Identification_Number>
    <Network_Identification_Number ID="18">
        <Network_Created_by>192</Network_Created_by>
        <Network_Creating_Time>480.3</Network_Creating_Time>
        <Network_Time_to_live>235.949</Network_Time_to_live>
        <The_Location_of_ZOR>1528.4,1533.48,0</The_Location_of_ZOR>
        <The_Shape_of_ZOR>1</The_Shape_of_ZOR>
        <The_Length_of_ZOR>1500</The_Length_of_ZOR>
        <The_Width_of_ZOR>6.5</The_Width_of_ZOR>
        <The_Location_of_ZOF>1525.15,1533.48,0</The_Location_of_ZOF>
        <The_Shape_of_ZOF>1</The_Shape_of_ZOF>
        <The_Length_of_ZOF>1500</The_Length_of_ZOF>
        <The_Width_of_ZOF>13</The_Width_of_ZOF>
        <The_Number_of_Received_Message_Nodes_ZOR>23</The_Number_of_Received_Message_Nodes_ZOR>
        <The_Number_of_Received_Message_Nodes_ZOF>47</The_Number_of_Received_Message_Nodes_ZOF>
        <The_Max_Hops>5</The_Max_Hops>
        <The_Max_Delay_Time>21.6651</The_Max_Delay_Time>
        <The_Number_of_Nodes_Which_Passing_Through_ZOR>117</The_Number_of_Nodes_Which_Passing_Through_ZOR>
        <The_Number_of_Nodes_Which_Passing_Through_ZOF>143</The_Number_of_Nodes_Which_Passing_Through_ZOF>
        <The_Packet_Delivery_Ratio>0.196581</The_Packet_Delivery_Ratio>
        <The_Efficiency>3.78068e-08</The_Efficiency>
    </Network_Identification_Number>
    <Network_Identification_Number ID="19">
        <Network_Created_by>188</Network_Created_by>
        <Network_Creating_Time>480.3</Network_Creating_Time>
        <Network_Time_to_live>143.444</Network_Time_to_live>
        <The_Location_of_ZOR>1519.97,1026.23,0</The_Location_of_ZOR>
        <The_Shape_of_ZOR>1</The_Shape_of_ZOR>
        <The_Length_of_ZOR>1500</The_Length_of_ZOR>
        <The_Width_of_ZOR>1500</The_Width_of_ZOR>
        <The_Location_of_ZOF>1519.97,1026.23,0</The_Location_of_ZOF>
        <The_Shape_of_ZOF>1</The_Shape_of_ZOF>
        <The_Length_of_ZOF>1500</The_Length_of_ZOF>
        <The_Width_of_ZOF>1500</The_Width_of_ZOF>
        <The_Number_of_Received_Message_Nodes_ZOR>136</The_Number_of_Received_Message_Nodes_ZOR>
        <The_Number_of_Received_Message_Nodes_ZOF>136</The_Number_of_Received_Message_Nodes_ZOF>
        <The_Max_Hops>3</The_Max_Hops>
        <The_Max_Delay_Time>43.2545</The_Max_Delay_Time>
        <The_Number_of_Nodes_Which_Passing_Through_ZOR>342</The_Number_of_Nodes_Which_Passing_Through_ZOR>
        <The_Number_of_Nodes_Which_Passing_Through_ZOF>342</The_Number_of_Nodes_Which_Passing_Through_ZOF>
        <The_Packet_Delivery_Ratio>0.397661</The_Packet_Delivery_Ratio>
        <The_Efficiency>1.37903e-08</The_Efficiency>
    </Network_Identification_Number>
    <Network_Identification_Number ID="20">
        <Network_Created_by>175</Network_Created_by>
        <Network_Creating_Time>480.3</Network_Creating_Time>
        <Network_Time_to_live>191.48</Network_Time_to_live>
        <The_Location_of_ZOR>530.02,1023.77,0</The_Location_of_ZOR>
        <The_Shape_of_ZOR>1</The_Shape_of_ZOR>
        <The_Length_of_ZOR>1500</The_Length_of_ZOR>
        <The_Width_of_ZOR>1500</The_Width_of_ZOR>
        <The_Location_of_ZOF>530.02,1023.77,0</The_Location_of_ZOF>
        <The_Shape_of_ZOF>1</The_Shape_of_ZOF>
        <The_Length_of_ZOF>1500</The_Length_of_ZOF>
        <The_Width_of_ZOF>1500</The_Width_of_ZOF>
        <The_Number_of_Received_Message_Nodes_ZOR>162</The_Number_of_Received_Message_Nodes_ZOR>
        <The_Number_of_Received_Message_Nodes_ZOF>162</The_Number_of_Received_Message_Nodes_ZOF>
        <The_Max_Hops>5</The_Max_Hops>
        <The_Max_Delay_Time>43.2544</The_Max_Delay_Time>
        <The_Number_of_Nodes_Which_Passing_Through_ZOR>441</The_Number_of_Nodes_Which_Passing_Through_ZOR>
        <The_Number_of_Nodes_Which_Passing_Through_ZOF>441</The_Number_of_Nodes_Which_Passing_Through_ZOF>
        <The_Packet_Delivery_Ratio>0.367347</The_Packet_Delivery_Ratio>
        <The_Efficiency>2.12318e-08</The_Efficiency>
    </Network_Identification_Number>
    <Network_Identification_Number ID="21">
        <Network_Created_by>173</Network_Created_by>
        <Network_Creating_Time>480.3</Network_Creating_Time>
        <Network_Time_to_live>176.241</Network_Time_to_live>
        <The_Location_of_ZOR>521.695,521.124,0</The_Location_of_ZOR>
        <The_Shape_of_ZOR>1</The_Shape_of_ZOR>
        <The_Length_of_ZOR>1500</The_Length_of_ZOR>
        <The_Width_of_ZOR>6.5</The_Width_of_ZOR>
        <The_Location_of_ZOF>524.945,521.124,0</The_Location_of_ZOF>
        <The_Shape_of_ZOF>1</The_Shape_of_ZOF>
        <The_Length_of_ZOF>1500</The_Length_of_ZOF>
        <The_Width_of_ZOF>13</The_Width_of_ZOF>
        <The_Number_of_Received_Message_Nodes_ZOR>31</The_Number_of_Received_Message_Nodes_ZOR>
        <The_Number_of_Received_Message_Nodes_ZOF>57</The_Number_of_Received_Message_Nodes_ZOF>
        <The_Max_Hops>5</The_Max_Hops>
        <The_Max_Delay_Time>21.6545</The_Max_Delay_Time>
        <The_Number_of_Nodes_Which_Passing_Through_ZOR>85</The_Number_of_Nodes_Which_Passing_Through_ZOR>
        <The_Number_of_Nodes_Which_Passing_Through_ZOF>103</The_Number_of_Nodes_Which_Passing_Through_ZOF>
        <The_Packet_Delivery_Ratio>0.364706</The_Packet_Delivery_Ratio>
        <The_Efficiency>7.0175e-08</The_Efficiency>
    </Network_Identification_Number>
    <Network_Identification_Number ID="22">
        <Network_Created_by>137</Network_Created_by>
        <Network_Creating_Time>480.3</Network_Creating_Time>
        <Network_Time_to_live>181.473</Network_Time_to_live>
        <The_Location_of_ZOR>1030.02,523.77,0</The_Location_of_ZOR>
        <The_Shape_of_ZOR>1</The_Shape_of_ZOR>
        <The_Length_of_ZOR>1500</The_Length_of_ZOR>
        <The_Width_of_ZOR>1500</The_Width_of_ZOR>
        <The_Location_of_ZOF>1030.02,523.77,0</The_Location_of_ZOF>
        <The_Shape_of_ZOF>1</The_Shape_of_ZOF>
        <The_Length_of_ZOF>1500</The_Length_of_ZOF>
        <The_Width_of_ZOF>1500</The_Width_of_ZOF>
        <The_Number_of_Received_Message_Nodes_ZOR>221</The_Number_of_Received_Message_Nodes_ZOR>
        <The_Number_of_Received_Message_Nodes_ZOF>221</The_Number_of_Received_Message_Nodes_ZOF>
        <The_Max_Hops>4</The_Max_Hops>
        <The_Max_Delay_Time>43.2547</The_Max_Delay_Time>
        <The_Number_of_Nodes_Which_Passing_Through_ZOR>393</The_Number_of_Nodes_Which_Passing_Through_ZOR>
        <The_Number_of_Nodes_Which_Passing_Through_ZOF>393</The_Number_of_Nodes_Which_Passing_Through_ZOF>
        <The_Packet_Delivery_Ratio>0.562341</The_Packet_Delivery_Ratio>
        <The_Efficiency>2.60014e-08</The_Efficiency>
    </Network_Identification_Number>
    <Network_Identification_Number ID="23">
        <Network_Created_by>132</Network_Created_by>
        <Network_Creating_Time>480.3</Network_Creating_Time>
        <Network_Time_to_live>231.502</Network_Time_to_live>
        <The_Location_of_ZOR>525.23,1523.32,0</The_Location_of_ZOR>
        <The_Shape_of_ZOR>1</The_Shape_of_ZOR>
        <The_Length_of_ZOR>1500</The_Length_of_ZOR>
        <The_Width_of_ZOR>1500</The_Width_of_ZOR>
        <The_Location_of_ZOF>525.23,1523.32,0</The_Location_of_ZOF>
        <The_Shape_of_ZOF>1</The_Shape_of_ZOF>
        <The_Length_of_ZOF>1500</The_Length_of_ZOF>
        <The_Width_of_ZOF>1500</The_Width_of_ZOF>
        <The_Number_of_Received_Message_Nodes_ZOR>219</The_Number_of_Received_Message_Nodes_ZOR>
        <The_Number_of_Received_Message_Nodes_ZOF>219</The_Number_of_Received_Message_Nodes_ZOF>
        <The_Max_Hops>5</The_Max_Hops>
        <The_Max_Delay_Time>34.5943</The_Max_Delay_Time>
        <The_Number_of_Nodes_Which_Passing_Through_ZOR>329</The_Number_of_Nodes_Which_Passing_Through_ZOR>
        <The_Number_of_Nodes_Which_Passing_Through_ZOF>329</The_Number_of_Nodes_Which_Passing_Through_ZOF>
        <The_Packet_Delivery_Ratio>0.665653</The_Packet_Delivery_Ratio>
        <The_Efficiency>4.81042e-08</The_Efficiency>
    </Network_Identification_Number>
    <Network_Identification_Number ID="24">
        <Network_Created_by>112</Network_Created_by>
        <Network_Creating_Time>480.3</Network_Creating_Time>
        <Network_Time_to_live>171.178</Network_Time_to_live>
        <The_Location_of_ZOR>525.24,1023.33,0</The_Location_of_ZOR>
        <The_Shape_of_ZOR>1</The_Shape_of_ZOR>
        <The_Length_of_ZOR>1500</The_Length_of_ZOR>
        <The_Width_of_ZOR>1500</The_Width_of_ZOR>
        <The_Location_of_ZOF>525.24,1023.33,0</The_Location_of_ZOF>
        <The_Shape_of_ZOF>1</The_Shape_of_ZOF>
        <The_Length_of_ZOF>1500</The_Length_of_ZOF>
        <The_Width_of_ZOF>1500</The_Width_of_ZOF>
        <The_Number_of_Received_Message_Nodes_ZOR>206</The_Number_of_Received_Message_Nodes_ZOR>
        <The_Number_of_Received_Message_Nodes_ZOF>206</The_Number_of_Received_Message_Nodes_ZOF>
        <The_Max_Hops>4</The_Max_Hops>
        <The_Max_Delay_Time>30.5544</The_Max_Delay_Time>
        <The_Number_of_Nodes_Which_Passing_Through_ZOR>425</The_Number_of_Nodes_Which_Passing_Through_ZOR>
        <The_Number_of_Nodes_Which_Passing_Through_ZOF>425</The_Number_of_Nodes_Which_Passing_Through_ZOF>
        <The_Packet_Delivery_Ratio>0.484706</The_Packet_Delivery_Ratio>
        <The_Efficiency>3.17274e-08</The_Efficiency>
    </Network_Identification_Number>
    <Network_Identification_Number ID="25">
        <Network_Created_by>95</Network_Created_by>
        <Network_Creating_Time>480.3</Network_Creating_Time>
        <Network_Time_to_live>60.01</Network_Time_to_live>
        <The_Location_of_ZOR>1528.4,1509.79,0</The_Location_of_ZOR>
        <The_Shape_of_ZOR>1</The_Shape_of_ZOR>
        <The_Length_of_ZOR>1500</The_Length_of_ZOR>
        <The_Width_of_ZOR>6.5</The_Width_of_ZOR>
        <The_Location_of_ZOF>1525.15,1509.79,0</The_Location_of_ZOF>
        <The_Shape_of_ZOF>1</The_Shape_of_ZOF>
        <The_Length_of_ZOF>1500</The_Length_of_ZOF>
        <The_Width_of_ZOF>13</The_Width_of_ZOF>
        <The_Number_of_Received_Message_Nodes_ZOR>9</The_Number_of_Received_Message_Nodes_ZOR>
        <The_Number_of_Received_Message_Nodes_ZOF>18</The_Number_of_Received_Message_Nodes_ZOF>
        <The_Max_Hops>2</The_Max_Hops>
        <The_Max_Delay_Time>21.6655</The_Max_Delay_Time>
        <The_Number_of_Nodes_Which_Passing_Through_ZOR>44</The_Number_of_Nodes_Which_Passing_Through_ZOR>
        <The_Number_of_Nodes_Which_Passing_Through_ZOF>61</The_Number_of_Nodes_Which_Passing_Through_ZOF>
        <The_Packet_Delivery_Ratio>0.204545</The_Packet_Delivery_Ratio>
        <The_Efficiency>1.57351e-08</The_Efficiency>
    </Network_Identification_Number>
    <Network_Identification_Number ID="26">
        <Network_Created_by>90</Network_Created_by>
        <Network_Creating_Time>480.3</Network_Creating_Time>
        <Network_Time_to_live>193.89</Network_Time_to_live>
        <The_Location_of_ZOR>999.15,521.705,0</The_Location_of_ZOR>
        <The_Shape_of_ZOR>1</The_Shape_of_ZOR>
        <The_Length_of_ZOR>1500</The_Length_of_ZOR>
        <The_Width_of_ZOR>6.5</The_Width_of_ZOR>
        <The_Location_of_ZOF>999.15,524.955,0</The_Location_of_ZOF>
        <The_Shape_of_ZOF>1</The_Shape_of_ZOF>
        <The_Length_of_ZOF>1500</The_Length_of_ZOF>
        <The_Width_of_ZOF>13</The_Width_of_ZOF>
        <The_Number_of_Received_Message_Nodes_ZOR>53</The_Number_of_Received_Message_Nodes_ZOR>
        <The_Number_of_Received_Message_Nodes_ZOF>103</The_Number_of_Received_Message_Nodes_ZOF>
        <The_Max_Hops>5</The_Max_Hops>
        <The_Max_Delay_Time>43.2544</The_Max_Delay_Time>
        <The_Number_of_Nodes_Which_Passing_Through_ZOR>163</The_Number_of_Nodes_Which_Passing_Through_ZOR>
        <The_Number_of_Nodes_Which_Passing_Through_ZOF>210</The_Number_of_Nodes_Which_Passing_Through_ZOF>
        <The_Packet_Delivery_Ratio>0.325153</The_Packet_Delivery_Ratio>
        <The_Efficiency>3.13218e-08</The_Efficiency>
    </Network_Identification_Number>
    <Network_Identification_Number ID="27">
        <Network_Created_by>84</Network_Created_by>
        <Network_Creating_Time>480.3</Network_Creating_Time>
        <Network_Time_to_live>142.083</Network_Time_to_live>
        <The_Location_of_ZOR>1511.66,521.705,0</The_Location_of_ZOR>
        <The_Shape_of_ZOR>1</The_Shape_of_ZOR>
        <The_Length_of_ZOR>1500</The_Length_of_ZOR>
        <The_Width_of_ZOR>6.5</The_Width_of_ZOR>
        <The_Location_of_ZOF>1511.66,524.955,0</The_Location_of_ZOF>
        <The_Shape_of_ZOF>1</The_Shape_of_ZOF>
        <The_Length_of_ZOF>1500</The_Length_of_ZOF>
        <The_Width_of_ZOF>13</The_Width_of_ZOF>
        <The_Number_of_Received_Message_Nodes_ZOR>49</The_Number_of_Received_Message_Nodes_ZOR>
        <The_Number_of_Received_Message_Nodes_ZOF>80</The_Number_of_Received_Message_Nodes_ZOF>
        <The_Max_Hops>3</The_Max_Hops>
        <The_Max_Delay_Time>43.2542</The_Max_Delay_Time>
        <The_Number_of_Nodes_Which_Passing_Through_ZOR>98</The_Number_of_Nodes_Which_Passing_Through_ZOR>
        <The_Number_of_Nodes_Which_Passing_Through_ZOF>120</The_Number_of_Nodes_Which_Passing_Through_ZOF>
        <The_Packet_Delivery_Ratio>0.5</The_Packet_Delivery_Ratio>
        <The_Efficiency>2.88989e-08</The_Efficiency>
    </Network_Identification_Number>
    <Network_Identification_Number ID="28">
        <Network_Created_by>36</Network_Created_by>
        <Network_Creating_Time>480.3</Network_Creating_Time>
        <Network_Time_to_live>169.268</Network_Time_to_live>
        <The_Location_of_ZOR>543.842,1028.3,0</The_Location_of_ZOR>
        <The_Shape_of_ZOR>1</The_Shape_of_ZOR>
        <The_Length_of_ZOR>1500</The_Length_of_ZOR>
        <The_Width_of_ZOR>6.5</The_Width_of_ZOR>
        <The_Location_of_ZOF>543.842,1025.05,0</The_Location_of_ZOF>
        <The_Shape_of_ZOF>1</The_Shape_of_ZOF>
        <The_Length_of_ZOF>1500</The_Length_of_ZOF>
        <The_Width_of_ZOF>13</The_Width_of_ZOF>
        <The_Number_of_Received_Message_Nodes_ZOR>18</The_Number_of_Received_Message_Nodes_ZOR>
        <The_Number_of_Received_Message_Nodes_ZOF>38</The_Number_of_Received_Message_Nodes_ZOF>
        <The_Max_Hops>4</The_Max_Hops>
        <The_Max_Delay_Time>43.2547</The_Max_Delay_Time>
        <The_Number_of_Nodes_Which_Passing_Through_ZOR>93</The_Number_of_Nodes_Which_Passing_Through_ZOR>
        <The_Number_of_Nodes_Which_Passing_Through_ZOF>114</The_Number_of_Nodes_Which_Passing_Through_ZOF>
        <The_Packet_Delivery_Ratio>0.193548</The_Packet_Delivery_Ratio>
        <The_Efficiency>1.49154e-08</The_Efficiency>
    </Network_Identification_Number>
    <Network_Identification_Number ID="29">
        <Network_Created_by>24</Network_Created_by>
        <Network_Creating_Time>480.3</Network_Creating_Time>
        <Network_Time_to_live>141.665</Network_Time_to_live>
        <The_Location_of_ZOR>1030.02,1023.77,0</The_Location_of_ZOR>
        <The_Shape_of_ZOR>1</The_Shape_of_ZOR>
        <The_Length_of_ZOR>1500</The_Length_of_ZOR>
        <The_Width_of_ZOR>1500</The_Width_of_ZOR>
        <The_Location_of_ZOF>1030.02,1023.77,0</The_Location_of_ZOF>
        <The_Shape_of_ZOF>1</The_Shape_of_ZOF>
        <The_Length_of_ZOF>1500</The_Length_of_ZOF>
        <The_Width_of_ZOF>1500</The_Width_of_ZOF>
        <The_Number_of_Received_Message_Nodes_ZOR>74</The_Number_of_Received_Message_Nodes_ZOR>
        <The_Number_of_Received_Message_Nodes_ZOF>74</The_Number_of_Received_Message_Nodes_ZOF>
        <The_Max_Hops>3</The_Max_Hops>
        <The_Max_Delay_Time>43.2542</The_Max_Delay_Time>
        <The_Number_of_Nodes_Which_Passing_Through_ZOR>507</The_Number_of_Nodes_Which_Passing_Through_ZOR>
        <The_Number_of_Nodes_Which_Passing_Through_ZOF>507</The_Number_of_Nodes_Which_Passing_Through_ZOF>
        <The_Packet_Delivery_Ratio>0.145957</The_Packet_Delivery_Ratio>
        <The_Efficiency>5.06159e-09</The_Efficiency>
    </Network_Identification_Number>
    <Network_Identification_Number ID="30">
        <Network_Created_by>21</Network_Created_by>
        <Network_Creating_Time>480.3</Network_Creating_Time>
        <Network_Time_to_live>238.261</Network_Time_to_live>
        <The_Location_of_ZOR>531.45,1525,0</The_Location_of_ZOR>
        <The_Shape_of_ZOR>1</The_Shape_of_ZOR>
        <The_Length_of_ZOR>1500</The_Length_of_ZOR>
        <The_Width_of_ZOR>1500</The_Width_of_ZOR>
        <The_Location_of_ZOF>531.45,1525,0</The_Location_of_ZOF>
        <The_Shape_of_ZOF>1</The_Shape_of_ZOF>
        <The_Length_of_ZOF>1500</The_Length_of_ZOF>
        <The_Width_of_ZOF>1500</The_Width_of_ZOF>
        <The_Number_of_Received_Message_Nodes_ZOR>213</The_Number_of_Received_Message_Nodes_ZOR>
        <The_Number_of_Received_Message_Nodes_ZOF>213</The_Number_of_Received_Message_Nodes_ZOF>
        <The_Max_Hops>6</The_Max_Hops>
        <The_Max_Delay_Time>32.9542</The_Max_Delay_Time>
        <The_Number_of_Nodes_Which_Passing_Through_ZOR>337</The_Number_of_Nodes_Which_Passing_Through_ZOR>
        <The_Number_of_Nodes_Which_Passing_Through_ZOF>337</The_Number_of_Nodes_Which_Passing_Through_ZOF>
        <The_Packet_Delivery_Ratio>0.632047</The_Packet_Delivery_Ratio>
        <The_Efficiency>5.75386e-08</The_Efficiency>
    </Network_Identification_Number>
    <Network_Identification_Number ID="31">
        <Network_Created_by>12</Network_Created_by>
        <Network_Creating_Time>480.3</Network_Creating_Time>
        <Network_Time_to_live>64.4422</Network_Time_to_live>
        <The_Location_of_ZOR>1493.15,1021.7,0</The_Location_of_ZOR>
        <The_Shape_of_ZOR>1</The_Shape_of_ZOR>
        <The_Length_of_ZOR>1500</The_Length_of_ZOR>
        <The_Width_of_ZOR>6.5</The_Width_of_ZOR>
        <The_Location_of_ZOF>1493.15,1024.95,0</The_Location_of_ZOF>
        <The_Shape_of_ZOF>1</The_Shape_of_ZOF>
        <The_Length_of_ZOF>1500</The_Length_of_ZOF>
        <The_Width_of_ZOF>13</The_Width_of_ZOF>
        <The_Number_of_Received_Message_Nodes_ZOR>6</The_Number_of_Received_Message_Nodes_ZOR>
        <The_Number_of_Received_Message_Nodes_ZOF>10</The_Number_of_Received_Message_Nodes_ZOF>
        <The_Max_Hops>1</The_Max_Hops>
        <The_Max_Delay_Time>43.2545</The_Max_Delay_Time>
        <The_Number_of_Nodes_Which_Passing_Through_ZOR>48</The_Number_of_Nodes_Which_Passing_Through_ZOR>
        <The_Number_of_Nodes_Which_Passing_Through_ZOF>60</The_Number_of_Nodes_Which_Passing_Through_ZOF>
        <The_Packet_Delivery_Ratio>0.125</The_Packet_Delivery_Ratio>
        <The_Efficiency>2.40823e-09</The_Efficiency>
    </Network_Identification_Number>
    <Network_Identification_Number ID="32">
        <Network_Created_by>5</Network_Created_by>
        <Network_Creating_Time>480.3</Network_Creating_Time>
        <Network_Time_to_live>185.342</Network_Time_to_live>
        <The_Location_of_ZOR>1562.72,1521.69,0</The_Location_of_ZOR>
        <The_Shape_of_ZOR>1</The_Shape_of_ZOR>
        <The_Length_of_ZOR>1500</The_Length_of_ZOR>
        <The_Width_of_ZOR>6.5</The_Width_of_ZOR>
        <The_Location_of_ZOF>1562.72,1524.94,0</The_Location_of_ZOF>
        <The_Shape_of_ZOF>1</The_Shape_of_ZOF>
        <The_Length_of_ZOF>1500</The_Length_of_ZOF>
        <The_Width_of_ZOF>13</The_Width_of_ZOF>
        <The_Number_of_Received_Message_Nodes_ZOR>47</The_Number_of_Received_Message_Nodes_ZOR>
        <The_Number_of_Received_Message_Nodes_ZOF>73</The_Number_of_Received_Message_Nodes_ZOF>
        <The_Max_Hops>4</The_Max_Hops>
        <The_Max_Delay_Time>43.2546</The_Max_Delay_Time>
        <The_Number_of_Nodes_Which_Passing_Through_ZOR>111</The_Number_of_Nodes_Which_Passing_Through_ZOR>
        <The_Number_of_Nodes_Which_Passing_Through_ZOF>141</The_Number_of_Nodes_Which_Passing_Through_ZOF>
        <The_Packet_Delivery_Ratio>0.423423</The_Packet_Delivery_Ratio>
        <The_Efficiency>3.26303e-08</The_Efficiency>
    </Network_Identification_Number>
    <Network_Identification_Number ID="33">
        <Network_Created_by>256</Network_Created_by>
        <Network_Creating_Time>480.4</Network_Creating_Time>
        <Network_Time_to_live>152.231</Network_Time_to_live>
        <The_Location_of_ZOR>1012.16,521.705,0</The_Location_of_ZOR>
        <The_Shape_of_ZOR>1</The_Shape_of_ZOR>
        <The_Length_of_ZOR>1500</The_Length_of_ZOR>
        <The_Width_of_ZOR>6.5</The_Width_of_ZOR>
        <The_Location_of_ZOF>1012.16,524.955,0</The_Location_of_ZOF>
        <The_Shape_of_ZOF>1</The_Shape_of_ZOF>
        <The_Length_of_ZOF>1500</The_Length_of_ZOF>
        <The_Width_of_ZOF>13</The_Width_of_ZOF>
        <The_Number_of_Received_Message_Nodes_ZOR>54</The_Number_of_Received_Message_Nodes_ZOR>
        <The_Number_of_Received_Message_Nodes_ZOF>111</The_Number_of_Received_Message_Nodes_ZOF>
        <The_Max_Hops>4</The_Max_Hops>
        <The_Max_Delay_Time>43.2543</The_Max_Delay_Time>
        <The_Number_of_Nodes_Which_Passing_Through_ZOR>132</The_Number_of_Nodes_Which_Passing_Through_ZOR>
        <The_Number_of_Nodes_Which_Passing_Through_ZOF>176</The_Number_of_Nodes_Which_Passing_Through_ZOF>
        <The_Packet_Delivery_Ratio>0.409091</The_Packet_Delivery_Ratio>
        <The_Efficiency>3.1526e-08</The_Efficiency>
    </Network_Identification_Number>
    <Network_Identification_Number ID="34">
        <Network_Created_by>249</Network_Created_by>
        <Network_Creating_Time>480.4</Network_Creating_Time>
        <Network_Time_to_live>180.585</Network_Time_to_live>
        <The_Location_of_ZOR>528.305,988.994,0</The_Location_of_ZOR>
        <The_Shape_of_ZOR>1</The_Shape_of_ZOR>
        <The_Length_of_ZOR>1500</The_Length_of_ZOR>
        <The_Width_of_ZOR>6.5</The_Width_of_ZOR>
        <The_Location_of_ZOF>525.055,988.994,0</The_Location_of_ZOF>
        <The_Shape_of_ZOF>1</The_Shape_of_ZOF>
        <The_Length_of_ZOF>1500</The_Length_of_ZOF>
        <The_Width_of_ZOF>13</The_Width_of_ZOF>
        <The_Number_of_Received_Message_Nodes_ZOR>22</The_Number_of_Received_Message_Nodes_ZOR>
        <The_Number_of_Received_Message_Nodes_ZOF>50</The_Number_of_Received_Message_Nodes_ZOF>
        <The_Max_Hops>3</The_Max_Hops>
        <The_Max_Delay_Time>34.4545</The_Max_Delay_Time>
        <The_Number_of_Nodes_Which_Passing_Through_ZOR>120</The_Number_of_Nodes_Which_Passing_Through_ZOR>
        <The_Number_of_Nodes_Which_Passing_Through_ZOF>144</The_Number_of_Nodes_Which_Passing_Through_ZOF>
        <The_Packet_Delivery_Ratio>0.183333</The_Packet_Delivery_Ratio>
        <The_Efficiency>1.33026e-08</The_Efficiency>
    </Network_Identification_Number>
    <Network_Identification_Number ID="35">
        <Network_Created_by>56</Network_Created_by>
        <Network_Creating_Time>480.4</Network_Creating_Time>
        <Network_Time_to_live>160.017</Network_Time_to_live>
        <The_Location_of_ZOR>528.305,1007.47,0</The_Location_of_ZOR>
        <The_Shape_of_ZOR>1</The_Shape_of_ZOR>
        <The_Length_of_ZOR>1500</The_Length_of_ZOR>
        <The_Width_of_ZOR>6.5</The_Width_of_ZOR>
        <The_Location_of_ZOF>525.055,1007.47,0</The_Location_of_ZOF>
        <The_Shape_of_ZOF>1</The_Shape_of_ZOF>
        <The_Length_of_ZOF>1500</The_Length_of_ZOF>
        <The_Width_of_ZOF>13</The_Width_of_ZOF>
        <The_Number_of_Received_Message_Nodes_ZOR>21</The_Number_of_Received_Message_Nodes_ZOR>
        <The_Number_of_Received_Message_Nodes_ZOF>36</The_Number_of_Received_Message_Nodes_ZOF>
        <The_Max_Hops>4</The_Max_Hops>
        <The_Max_Delay_Time>33.9546</The_Max_Delay_Time>
        <The_Number_of_Nodes_Which_Passing_Through_ZOR>111</The_Number_of_Nodes_Which_Passing_Through_ZOR>
        <The_Number_of_Nodes_Which_Passing_Through_ZOF>138</The_Number_of_Nodes_Which_Passing_Through_ZOF>
        <The_Packet_Delivery_Ratio>0.189189</The_Packet_Delivery_Ratio>
        <The_Efficiency>1.85728e-08</The_Efficiency>
    </Network_Identification_Number>
    <Network_Identification_Number ID="36">
        <Network_Created_by>50</Network_Created_by>
        <Network_Creating_Time>480.4</Network_Creating_Time>
        <Network_Time_to_live>233.149</Network_Time_to_live>
        <The_Location_of_ZOR>1032.68,521.705,0</The_Location_of_ZOR>
        <The_Shape_of_ZOR>1</The_Shape_of_ZOR>
        <The_Length_of_ZOR>1500</The_Length_of_ZOR>
        <The_Width_of_ZOR>6.5</The_Width_of_ZOR>
        <The_Location_of_ZOF>1032.68,524.955,0</The_Location_of_ZOF>
        <The_Shape_of_ZOF>1</The_Shape_of_ZOF>
        <The_Length_of_ZOF>1500</The_Length_of_ZOF>
        <The_Width_of_ZOF>13</The_Width_of_ZOF>
        <The_Number_of_Received_Message_Nodes_ZOR>56</The_Number_of_Received_Message_Nodes_ZOR>
        <The_Number_of_Received_Message_Nodes_ZOF>107</The_Number_of_Received_Message_Nodes_ZOF>
        <The_Max_Hops>6</The_Max_Hops>
        <The_Max_Delay_Time>43.2545</The_Max_Delay_Time>
        <The_Number_of_Nodes_Which_Passing_Through_ZOR>170</The_Number_of_Nodes_Which_Passing_Through_ZOR>
        <The_Number_of_Nodes_Which_Passing_Through_ZOF>215</The_Number_of_Nodes_Which_Passing_Through_ZOF>
        <The_Packet_Delivery_Ratio>0.329412</The_Packet_Delivery_Ratio>
        <The_Efficiency>3.80783e-08</The_Efficiency>
    </Network_Identification_Number>
    <Network_Identification_Number ID="37">
        <Network_Created_by>387</Network_Created_by>
        <Network_Creating_Time>492.5</Network_Creating_Time>
        <Network_Time_to_live>78.0529</Network_Time_to_live>
        <The_Location_of_ZOR>1022.18,1521.69,0</The_Location_of_ZOR>
        <The_Shape_of_ZOR>1</The_Shape_of_ZOR>
        <The_Length_of_ZOR>1500</The_Length_of_ZOR>
        <The_Width_of_ZOR>6.5</The_Width_of_ZOR>
        <The_Location_of_ZOF>1022.18,1524.94,0</The_Location_of_ZOF>
        <The_Shape_of_ZOF>1</The_Shape_of_ZOF>
        <The_Length_of_ZOF>1500</The_Length_of_ZOF>
        <The_Width_of_ZOF>13</The_Width_of_ZOF>
        <The_Number_of_Received_Message_Nodes_ZOR>16</The_Number_of_Received_Message_Nodes_ZOR>
        <The_Number_of_Received_Message_Nodes_ZOF>31</The_Number_of_Received_Message_Nodes_ZOF>
        <The_Max_Hops>2</The_Max_Hops>
        <The_Max_Delay_Time>43.2543</The_Max_Delay_Time>
        <The_Number_of_Nodes_Which_Passing_Through_ZOR>87</The_Number_of_Nodes_Which_Passing_Through_ZOR>
        <The_Number_of_Nodes_Which_Passing_Through_ZOF>125</The_Number_of_Nodes_Which_Passing_Through_ZOF>
        <The_Packet_Delivery_Ratio>0.183908</The_Packet_Delivery_Ratio>
        <The_Efficiency>7.08631e-09</The_Efficiency>
    </Network_Identification_Number>
    <Network_Identification_Number ID="38">
        <Network_Created_by>373</Network_Created_by>
        <Network_Creating_Time>492.5</Network_Creating_Time>
        <Network_Time_to_live>76.6673</Network_Time_to_live>
        <The_Location_of_ZOR>521.695,971.46,0</The_Location_of_ZOR>
        <The_Shape_of_ZOR>1</The_Shape_of_ZOR>
        <The_Length_of_ZOR>1500</The_Length_of_ZOR>
        <The_Width_of_ZOR>6.5</The_Width_of_ZOR>
        <The_Location_of_ZOF>524.945,971.46,0</The_Location_of_ZOF>
        <The_Shape_of_ZOF>1</The_Shape_of_ZOF>
        <The_Length_of_ZOF>1500</The_Length_of_ZOF>
        <The_Width_of_ZOF>13</The_Width_of_ZOF>
        <The_Number_of_Received_Message_Nodes_ZOR>13</The_Number_of_Received_Message_Nodes_ZOR>
        <The_Number_of_Received_Message_Nodes_ZOF>21</The_Number_of_Received_Message_Nodes_ZOF>
        <The_Max_Hops>2</The_Max_Hops>
        <The_Max_Delay_Time>21.6721</The_Max_Delay_Time>
        <The_Number_of_Nodes_Which_Passing_Through_ZOR>63</The_Number_of_Nodes_Which_Passing_Through_ZOR>
        <The_Number_of_Nodes_Which_Passing_Through_ZOF>92</The_Number_of_Nodes_Which_Passing_Through_ZOF>
        <The_Packet_Delivery_Ratio>0.206349</The_Packet_Delivery_Ratio>
        <The_Efficiency>1.5869e-08</The_Efficiency>
    </Network_Identification_Number>
    <Network_Identification_Number ID="39">
        <Network_Created_by>62</Network_Created_by>
        <Network_Creating_Time>492.6</Network_Creating_Time>
        <Network_Time_to_live>165.554</Network_Time_to_live>
        <The_Location_of_ZOR>1105.11,1521.69,0</The_Location_of_ZOR>
        <The_Shape_of_ZOR>1</The_Shape_of_ZOR>
        <The_Length_of_ZOR>1500</The_Length_of_ZOR>
        <The_Width_of_ZOR>6.5</The_Width_of_ZOR>
        <The_Location_of_ZOF>1105.11,1524.94,0</The_Location_of_ZOF>
        <The_Shape_of_ZOF>1</The_Shape_of_ZOF>
        <The_Length_of_ZOF>1500</The_Length_of_ZOF>
        <The_Width_of_ZOF>13</The_Width_of_ZOF>
        <The_Number_of_Received_Message_Nodes_ZOR>39</The_Number_of_Received_Message_Nodes_ZOR>
        <The_Number_of_Received_Message_Nodes_ZOF>67</The_Number_of_Received_Message_Nodes_ZOF>
        <The_Max_Hops>4</The_Max_Hops>
        <The_Max_Delay_Time>21.6545</The_Max_Delay_Time>
        <The_Number_of_Nodes_Which_Passing_Through_ZOR>141</The_Number_of_Nodes_Which_Passing_Through_ZOR>
        <The_Number_of_Nodes_Which_Passing_Through_ZOF>178</The_Number_of_Nodes_Which_Passing_Through_ZOF>
        <The_Packet_Delivery_Ratio>0.276596</The_Packet_Delivery_Ratio>
        <The_Efficiency>4.2577e-08</The_Efficiency>
    </Network_Identification_Number>
    <Network_Identification_Number ID="40">
        <Network_Created_by>370</Network_Created_by>
        <Network_Creating_Time>498.5</Network_Creating_Time>
        <Network_Time_to_live>109.238</Network_Time_to_live>
        <The_Location_of_ZOR>1528.3,997.266,0</The_Location_of_ZOR>
        <The_Shape_of_ZOR>1</The_Shape_of_ZOR>
        <The_Length_of_ZOR>1500</The_Length_of_ZOR>
        <The_Width_of_ZOR>6.5</The_Width_of_ZOR>
        <The_Location_of_ZOF>1525.05,997.266,0</The_Location_of_ZOF>
        <The_Shape_of_ZOF>1</The_Shape_of_ZOF>
        <The_Length_of_ZOF>1500</The_Length_of_ZOF>
        <The_Width_of_ZOF>13</The_Width_of_ZOF>
        <The_Number_of_Received_Message_Nodes_ZOR>19</The_Number_of_Received_Message_Nodes_ZOR>
        <The_Number_of_Received_Message_Nodes_ZOF>35</The_Number_of_Received_Message_Nodes_ZOF>
        <The_Max_Hops>2</The_Max_Hops>
        <The_Max_Delay_Time>29.1608</The_Max_Delay_Time>
        <The_Number_of_Nodes_Which_Passing_Through_ZOR>81</The_Number_of_Nodes_Which_Passing_Through_ZOR>
        <The_Number_of_Nodes_Which_Passing_Through_ZOF>105</The_Number_of_Nodes_Which_Passing_Through_ZOF>
        <The_Packet_Delivery_Ratio>0.234568</The_Packet_Delivery_Ratio>
        <The_Efficiency>1.34066e-08</The_Efficiency>
    </Network_Identification_Number>
    <Network_Identification_Number ID="41">
        <Network_Created_by>243</Network_Created_by>
        <Network_Creating_Time>498.6</Network_Creating_Time>
        <Network_Time_to_live>93.5625</Network_Time_to_live>
        <The_Location_of_ZOR>1057.29,528.295,0</The_Location_of_ZOR>
        <The_Shape_of_ZOR>1</The_Shape_of_ZOR>
        <The_Length_of_ZOR>1500</The_Length_of_ZOR>
        <The_Width_of_ZOR>6.5</The_Width_of_ZOR>
        <The_Location_of_ZOF>1057.29,525.045,0</The_Location_of_ZOF>
        <The_Shape_of_ZOF>1</The_Shape_of_ZOF>
        <The_Length_of_ZOF>1500</The_Length_of_ZOF>
        <The_Width_of_ZOF>13</The_Width_of_ZOF>
        <The_Number_of_Received_Message_Nodes_ZOR>8</The_Number_of_Received_Message_Nodes_ZOR>
        <The_Number_of_Received_Message_Nodes_ZOF>27</The_Number_of_Received_Message_Nodes_ZOF>
        <The_Max_Hops>3</The_Max_Hops>
        <The_Max_Delay_Time>38.3697</The_Max_Delay_Time>
        <The_Number_of_Nodes_Which_Passing_Through_ZOR>103</The_Number_of_Nodes_Which_Passing_Through_ZOR>
        <The_Number_of_Nodes_Which_Passing_Through_ZOF>160</The_Number_of_Nodes_Which_Passing_Through_ZOF>
        <The_Packet_Delivery_Ratio>0.0776699</The_Packet_Delivery_Ratio>
        <The_Efficiency>5.06063e-09</The_Efficiency>
    </Network_Identification_Number>
    <Network_Identification_Number ID="42">
        <Network_Created_by>239</Network_Created_by>
        <Network_Creating_Time>498.6</Network_Creating_Time>
        <Network_Time_to_live>98.3962</Network_Time_to_live>
        <The_Location_of_ZOR>1026.89,528.295,0</The_Location_of_ZOR>
        <The_Shape_of_ZOR>1</The_Shape_of_ZOR>
        <The_Length_of_ZOR>1500</The_Length_of_ZOR>
        <The_Width_of_ZOR>6.5</The_Width_of_ZOR>
        <The_Location_of_ZOF>1026.89,525.045,0</The_Location_of_ZOF>
        <The_Shape_of_ZOF>1</The_Shape_of_ZOF>
        <The_Length_of_ZOF>1500</The_Length_of_ZOF>
        <The_Width_of_ZOF>13</The_Width_of_ZOF>
        <The_Number_of_Received_Message_Nodes_ZOR>30</The_Number_of_Received_Message_Nodes_ZOR>
        <The_Number_of_Received_Message_Nodes_ZOF>71</The_Number_of_Received_Message_Nodes_ZOF>
        <The_Max_Hops>3</The_Max_Hops>
        <The_Max_Delay_Time>25.3581</The_Max_Delay_Time>
        <The_Number_of_Nodes_Which_Passing_Through_ZOR>107</The_Number_of_Nodes_Which_Passing_Through_ZOR>
        <The_Number_of_Nodes_Which_Passing_Through_ZOF>163</The_Number_of_Nodes_Which_Passing_Through_ZOF>
        <The_Packet_Delivery_Ratio>0.280374</The_Packet_Delivery_Ratio>
        <The_Efficiency>2.76415e-08</The_Efficiency>
    </Network_Identification_Number>
    <Network_Identification_Number ID="43">
        <Network_Created_by>316</Network_Created_by>
        <Network_Creating_Time>501.6</Network_Creating_Time>
        <Network_Time_to_live>161.776</Network_Time_to_live>
        <The_Location_of_ZOR>1504,1021.7,0</The_Location_of_ZOR>
        <The_Shape_of_ZOR>1</The_Shape_of_ZOR>
        <The_Length_of_ZOR>1500</The_Length_of_ZOR>
        <The_Width_of_ZOR>6.5</The_Width_of_ZOR>
        <The_Location_of_ZOF>1504,1024.95,0</The_Location_of_ZOF>
        <The_Shape_of_ZOF>1</The_Shape_of_ZOF>
        <The_Length_of_ZOF>1500</The_Length_of_ZOF>
        <The_Width_of_ZOF>13</The_Width_of_ZOF>
        <The_Number_of_Received_Message_Nodes_ZOR>15</The_Number_of_Received_Message_Nodes_ZOR>
        <The_Number_of_Received_Message_Nodes_ZOF>24</The_Number_of_Received_Message_Nodes_ZOF>
        <The_Max_Hops>3</The_Max_Hops>
        <The_Max_Delay_Time>38.8543</The_Max_Delay_Time>
        <The_Number_of_Nodes_Which_Passing_Through_ZOR>82</The_Number_of_Nodes_Which_Passing_Through_ZOR>
        <The_Number_of_Nodes_Which_Passing_Through_ZOF>110</The_Number_of_Nodes_Which_Passing_Through_ZOF>
        <The_Packet_Delivery_Ratio>0.182927</The_Packet_Delivery_Ratio>
        <The_Efficiency>1.17701e-08</The_Efficiency>
    </Network_Identification_Number>
    <Network_Identification_Number ID="44">
        <Network_Created_by>306</Network_Created_by>
        <Network_Creating_Time>501.6</Network_Creating_Time>
        <Network_Time_to_live>144.915</Network_Time_to_live>
        <The_Location_of_ZOR>1019.98,1026.23,0</The_Location_of_ZOR>
        <The_Shape_of_ZOR>1</The_Shape_of_ZOR>
        <The_Length_of_ZOR>1500</The_Length_of_ZOR>
        <The_Width_of_ZOR>1500</The_Width_of_ZOR>
        <The_Location_of_ZOF>1019.98,1026.23,0</The_Location_of_ZOF>
        <The_Shape_of_ZOF>1</The_Shape_of_ZOF>
        <The_Length_of_ZOF>1500</The_Length_of_ZOF>
        <The_Width_of_ZOF>1500</The_Width_of_ZOF>
        <The_Number_of_Received_Message_Nodes_ZOR>169</The_Number_of_Received_Message_Nodes_ZOR>
        <The_Number_of_Received_Message_Nodes_ZOF>169</The_Number_of_Received_Message_Nodes_ZOF>
        <The_Max_Hops>4</The_Max_Hops>
        <The_Max_Delay_Time>35.2618</The_Max_Delay_Time>
        <The_Number_of_Nodes_Which_Passing_Through_ZOR>502</The_Number_of_Nodes_Which_Passing_Through_ZOR>
        <The_Number_of_Nodes_Which_Passing_Through_ZOF>502</The_Number_of_Nodes_Which_Passing_Through_ZOF>
        <The_Packet_Delivery_Ratio>0.336653</The_Packet_Delivery_Ratio>
        <The_Efficiency>1.90945e-08</The_Efficiency>
    </Network_Identification_Number>
    <Network_Identification_Number ID="45">
        <Network_Created_by>212</Network_Created_by>
        <Network_Creating_Time>501.7</Network_Creating_Time>
        <Network_Time_to_live>191.705</Network_Time_to_live>
        <The_Location_of_ZOR>1021.71,560.41,0</The_Location_of_ZOR>
        <The_Shape_of_ZOR>1</The_Shape_of_ZOR>
        <The_Length_of_ZOR>1500</The_Length_of_ZOR>
        <The_Width_of_ZOR>6.5</The_Width_of_ZOR>
        <The_Location_of_ZOF>1024.95,560.41,0</The_Location_of_ZOF>
        <The_Shape_of_ZOF>1</The_Shape_of_ZOF>
        <The_Length_of_ZOF>1500</The_Length_of_ZOF>
        <The_Width_of_ZOF>13</The_Width_of_ZOF>
        <The_Number_of_Received_Message_Nodes_ZOR>44</The_Number_of_Received_Message_Nodes_ZOR>
        <The_Number_of_Received_Message_Nodes_ZOF>69</The_Number_of_Received_Message_Nodes_ZOF>
        <The_Max_Hops>3</The_Max_Hops>
        <The_Max_Delay_Time>34.9818</The_Max_Delay_Time>
        <The_Number_of_Nodes_Which_Passing_Through_ZOR>85</The_Number_of_Nodes_Which_Passing_Through_ZOR>
        <The_Number_of_Nodes_Which_Passing_Through_ZOF>108</The_Number_of_Nodes_Which_Passing_Through_ZOF>
        <The_Packet_Delivery_Ratio>0.517647</The_Packet_Delivery_Ratio>
        <The_Efficiency>3.69941e-08</The_Efficiency>
    </Network_Identification_Number>
    <Network_Identification_Number ID="46">
        <Network_Created_by>309</Network_Created_by>
        <Network_Creating_Time>508.5</Network_Creating_Time>
        <Network_Time_to_live>169.166</Network_Time_to_live>
        <The_Location_of_ZOR>1021.61,999.369,0</The_Location_of_ZOR>
        <The_Shape_of_ZOR>1</The_Shape_of_ZOR>
        <The_Length_of_ZOR>1500</The_Length_of_ZOR>
        <The_Width_of_ZOR>6.5</The_Width_of_ZOR>
        <The_Location_of_ZOF>1024.86,999.369,0</The_Location_of_ZOF>
        <The_Shape_of_ZOF>1</The_Shape_of_ZOF>
        <The_Length_of_ZOF>1500</The_Length_of_ZOF>
        <The_Width_of_ZOF>13</The_Width_of_ZOF>
        <The_Number_of_Received_Message_Nodes_ZOR>13</The_Number_of_Received_Message_Nodes_ZOR>
        <The_Number_of_Received_Message_Nodes_ZOF>31</The_Number_of_Received_Message_Nodes_ZOF>
        <The_Max_Hops>2</The_Max_Hops>
        <The_Max_Delay_Time>21.679</The_Max_Delay_Time>
        <The_Number_of_Nodes_Which_Passing_Through_ZOR>103</The_Number_of_Nodes_Which_Passing_Through_ZOR>
        <The_Number_of_Nodes_Which_Passing_Through_ZOF>125</The_Number_of_Nodes_Which_Passing_Through_ZOF>
        <The_Packet_Delivery_Ratio>0.126214</The_Packet_Delivery_Ratio>
        <The_Efficiency>9.70321e-09</The_Efficiency>
    </Network_Identification_Number>
    <Network_Identification_Number ID="47">
        <Network_Created_by>210</Network_Created_by>
        <Network_Creating_Time>544.1</Network_Creating_Time>
        <Network_Time_to_live>83.7723</Network_Time_to_live>
        <The_Location_of_ZOR>1528.4,1040.89,0</The_Location_of_ZOR>
        <The_Shape_of_ZOR>1</The_Shape_of_ZOR>
        <The_Length_of_ZOR>1500</The_Length_of_ZOR>
        <The_Width_of_ZOR>6.5</The_Width_of_ZOR>
        <The_Location_of_ZOF>1525.15,1040.89,0</The_Location_of_ZOF>
        <The_Shape_of_ZOF>1</The_Shape_of_ZOF>
        <The_Length_of_ZOF>1500</The_Length_of_ZOF>
        <The_Width_of_ZOF>13</The_Width_of_ZOF>
        <The_Number_of_Received_Message_Nodes_ZOR>18</The_Number_of_Received_Message_Nodes_ZOR>
        <The_Number_of_Received_Message_Nodes_ZOF>25</The_Number_of_Received_Message_Nodes_ZOF>
        <The_Max_Hops>2</The_Max_Hops>
        <The_Max_Delay_Time>29.6546</The_Max_Delay_Time>
        <The_Number_of_Nodes_Which_Passing_Through_ZOR>78</The_Number_of_Nodes_Which_Passing_Through_ZOR>
        <The_Number_of_Nodes_Which_Passing_Through_ZOF>101</The_Number_of_Nodes_Which_Passing_Through_ZOF>
        <The_Packet_Delivery_Ratio>0.230769</The_Packet_Delivery_Ratio>
        <The_Efficiency>1.29699e-08</The_Efficiency>
    </Network_Identification_Number>
    <Network_Identification_Number ID="48">
        <Network_Created_by>323</Network_Created_by>
        <Network_Creating_Time>626.8</Network_Creating_Time>
        <Network_Time_to_live>111.645</Network_Time_to_live>
        <The_Location_of_ZOR>1002.38,528.295,0</The_Location_of_ZOR>
        <The_Shape_of_ZOR>1</The_Shape_of_ZOR>
        <The_Length_of_ZOR>1500</The_Length_of_ZOR>
        <The_Width_of_ZOR>6.5</The_Width_of_ZOR>
        <The_Location_of_ZOF>1002.38,525.045,0</The_Location_of_ZOF>
        <The_Shape_of_ZOF>1</The_Shape_of_ZOF>
        <The_Length_of_ZOF>1500</The_Length_of_ZOF>
        <The_Width_of_ZOF>13</The_Width_of_ZOF>
        <The_Number_of_Received_Message_Nodes_ZOR>45</The_Number_of_Received_Message_Nodes_ZOR>
        <The_Number_of_Received_Message_Nodes_ZOF>96</The_Number_of_Received_Message_Nodes_ZOF>
        <The_Max_Hops>3</The_Max_Hops>
        <The_Max_Delay_Time>21.6614</The_Max_Delay_Time>
        <The_Number_of_Nodes_Which_Passing_Through_ZOR>102</The_Number_of_Nodes_Which_Passing_Through_ZOR>
        <The_Number_of_Nodes_Which_Passing_Through_ZOF>170</The_Number_of_Nodes_Which_Passing_Through_ZOF>
        <The_Packet_Delivery_Ratio>0.441176</The_Packet_Delivery_Ratio>
        <The_Efficiency>5.09173e-08</The_Efficiency>
    </Network_Identification_Number>
    <Network_Identification_Number ID="49">
        <Network_Created_by>311</Network_Created_by>
        <Network_Creating_Time>667.1</Network_Creating_Time>
        <Network_Time_to_live>218.197</Network_Time_to_live>
        <The_Location_of_ZOR>1528.4,1121.9,0</The_Location_of_ZOR>
        <The_Shape_of_ZOR>1</The_Shape_of_ZOR>
        <The_Length_of_ZOR>1500</The_Length_of_ZOR>
        <The_Width_of_ZOR>6.5</The_Width_of_ZOR>
        <The_Location_of_ZOF>1525.15,1121.9,0</The_Location_of_ZOF>
        <The_Shape_of_ZOF>1</The_Shape_of_ZOF>
        <The_Length_of_ZOF>1500</The_Length_of_ZOF>
        <The_Width_of_ZOF>13</The_Width_of_ZOF>
        <The_Number_of_Received_Message_Nodes_ZOR>38</The_Number_of_Received_Message_Nodes_ZOR>
        <The_Number_of_Received_Message_Nodes_ZOF>81</The_Number_of_Received_Message_Nodes_ZOF>
        <The_Max_Hops>4</The_Max_Hops>
        <The_Max_Delay_Time>21.6981</The_Max_Delay_Time>
        <The_Number_of_Nodes_Which_Passing_Through_ZOR>144</The_Number_of_Nodes_Which_Passing_Through_ZOR>
        <The_Number_of_Nodes_Which_Passing_Through_ZOF>183</The_Number_of_Nodes_Which_Passing_Through_ZOF>
        <The_Packet_Delivery_Ratio>0.263889</The_Packet_Delivery_Ratio>
        <The_Efficiency>4.05395e-08</The_Efficiency>
    </Network_Identification_Number>
</Protocol>
