<Protocol Name="ROVER">
    <The_Simulation_Start_at>2013-11-22,03:46:31</The_Simulation_Start_at>
    <The_Simulation_End_at>2013-11-24,23:42:55</The_Simulation_End_at>
    <Playground_X>2025</Playground_X>
    <Playground_Y>2025</Playground_Y>
    <Road_Length>452.804</Road_Length>
    <Road_Building_Density_Ratio>0.0883385</Road_Building_Density_Ratio>
    <Number_of_CrossRoads>9</Number_of_CrossRoads>
    <Number_of_Polygons>9</Number_of_Polygons>
    <Vehicle_In_City>0</Vehicle_In_City>
    <The_Range_of_Transmission>300</The_Range_of_Transmission>
    <Network_Identification_Number ID="0">
        <Network_Created_by>384</Network_Created_by>
        <Network_Creating_Time>480.3</Network_Creating_Time>
        <Network_Time_to_live>93.5625</Network_Time_to_live>
        <The_Location_of_ZOR>1519.97,526.23,0</The_Location_of_ZOR>
        <The_Shape_of_ZOR>1</The_Shape_of_ZOR>
        <The_Length_of_ZOR>1500</The_Length_of_ZOR>
        <The_Width_of_ZOR>1500</The_Width_of_ZOR>
        <The_Location_of_ZOF>1519.97,526.23,0</The_Location_of_ZOF>
        <The_Shape_of_ZOF>1</The_Shape_of_ZOF>
        <The_Length_of_ZOF>1500</The_Length_of_ZOF>
        <The_Width_of_ZOF>1500</The_Width_of_ZOF>
        <The_Number_of_Received_Message_Nodes_ZOR>207</The_Number_of_Received_Message_Nodes_ZOR>
        <The_Number_of_Received_Message_Nodes_ZOF>207</The_Number_of_Received_Message_Nodes_ZOF>
        <The_Max_Hops>11</The_Max_Hops>
        <The_Max_Delay_Time>0.556598</The_Max_Delay_Time>
        <The_Number_of_Nodes_Which_Passing_Through_ZOR>212</The_Number_of_Nodes_Which_Passing_Through_ZOR>
        <The_Number_of_Nodes_Which_Passing_Through_ZOF>212</The_Number_of_Nodes_Which_Passing_Through_ZOF>
        <The_Packet_Delivery_Ratio>0.976415</The_Packet_Delivery_Ratio>
        <The_Efficiency>9.6484e-06</The_Efficiency>
    </Network_Identification_Number>
    <Network_Identification_Number ID="1">
        <Network_Created_by>377</Network_Created_by>
        <Network_Creating_Time>480.3</Network_Creating_Time>
        <Network_Time_to_live>189.975</Network_Time_to_live>
        <The_Location_of_ZOR>-1.18606,1028.3,0</The_Location_of_ZOR>
        <The_Shape_of_ZOR>1</The_Shape_of_ZOR>
        <The_Length_of_ZOR>1500</The_Length_of_ZOR>
        <The_Width_of_ZOR>6.5</The_Width_of_ZOR>
        <The_Location_of_ZOF>-1.18606,1025.05,0</The_Location_of_ZOF>
        <The_Shape_of_ZOF>1</The_Shape_of_ZOF>
        <The_Length_of_ZOF>1500</The_Length_of_ZOF>
        <The_Width_of_ZOF>13</The_Width_of_ZOF>
        <The_Number_of_Received_Message_Nodes_ZOR>67</The_Number_of_Received_Message_Nodes_ZOR>
        <The_Number_of_Received_Message_Nodes_ZOF>93</The_Number_of_Received_Message_Nodes_ZOF>
        <The_Max_Hops>5</The_Max_Hops>
        <The_Max_Delay_Time>63.2852</The_Max_Delay_Time>
        <The_Number_of_Nodes_Which_Passing_Through_ZOR>78</The_Number_of_Nodes_Which_Passing_Through_ZOR>
        <The_Number_of_Nodes_Which_Passing_Through_ZOF>94</The_Number_of_Nodes_Which_Passing_Through_ZOF>
        <The_Packet_Delivery_Ratio>0.858974</The_Packet_Delivery_Ratio>
        <The_Efficiency>5.65545e-08</The_Efficiency>
    </Network_Identification_Number>
    <Network_Identification_Number ID="2">
        <Network_Created_by>373</Network_Created_by>
        <Network_Creating_Time>480.3</Network_Creating_Time>
        <Network_Time_to_live>191.48</Network_Time_to_live>
        <The_Location_of_ZOR>28.8421,1028.3,0</The_Location_of_ZOR>
        <The_Shape_of_ZOR>1</The_Shape_of_ZOR>
        <The_Length_of_ZOR>1500</The_Length_of_ZOR>
        <The_Width_of_ZOR>6.5</The_Width_of_ZOR>
        <The_Location_of_ZOF>28.8421,1025.05,0</The_Location_of_ZOF>
        <The_Shape_of_ZOF>1</The_Shape_of_ZOF>
        <The_Length_of_ZOF>1500</The_Length_of_ZOF>
        <The_Width_of_ZOF>13</The_Width_of_ZOF>
        <The_Number_of_Received_Message_Nodes_ZOR>67</The_Number_of_Received_Message_Nodes_ZOR>
        <The_Number_of_Received_Message_Nodes_ZOF>93</The_Number_of_Received_Message_Nodes_ZOF>
        <The_Max_Hops>5</The_Max_Hops>
        <The_Max_Delay_Time>72.0591</The_Max_Delay_Time>
        <The_Number_of_Nodes_Which_Passing_Through_ZOR>78</The_Number_of_Nodes_Which_Passing_Through_ZOR>
        <The_Number_of_Nodes_Which_Passing_Through_ZOF>94</The_Number_of_Nodes_Which_Passing_Through_ZOF>
        <The_Packet_Delivery_Ratio>0.858974</The_Packet_Delivery_Ratio>
        <The_Efficiency>4.96684e-08</The_Efficiency>
    </Network_Identification_Number>
    <Network_Identification_Number ID="3">
        <Network_Created_by>372</Network_Created_by>
        <Network_Creating_Time>480.3</Network_Creating_Time>
        <Network_Time_to_live>98.3962</Network_Time_to_live>
        <The_Location_of_ZOR>1914.33,521.705,0</The_Location_of_ZOR>
        <The_Shape_of_ZOR>1</The_Shape_of_ZOR>
        <The_Length_of_ZOR>1500</The_Length_of_ZOR>
        <The_Width_of_ZOR>6.5</The_Width_of_ZOR>
        <The_Location_of_ZOF>1914.33,524.955,0</The_Location_of_ZOF>
        <The_Shape_of_ZOF>1</The_Shape_of_ZOF>
        <The_Length_of_ZOF>1500</The_Length_of_ZOF>
        <The_Width_of_ZOF>13</The_Width_of_ZOF>
        <The_Number_of_Received_Message_Nodes_ZOR>36</The_Number_of_Received_Message_Nodes_ZOR>
        <The_Number_of_Received_Message_Nodes_ZOF>60</The_Number_of_Received_Message_Nodes_ZOF>
        <The_Max_Hops>9</The_Max_Hops>
        <The_Max_Delay_Time>0.555314</The_Max_Delay_Time>
        <The_Number_of_Nodes_Which_Passing_Through_ZOR>44</The_Number_of_Nodes_Which_Passing_Through_ZOR>
        <The_Number_of_Nodes_Which_Passing_Through_ZOF>61</The_Number_of_Nodes_Which_Passing_Through_ZOF>
        <The_Packet_Delivery_Ratio>0.818182</The_Packet_Delivery_Ratio>
        <The_Efficiency>1.10502e-05</The_Efficiency>
    </Network_Identification_Number>
    <Network_Identification_Number ID="4">
        <Network_Created_by>361</Network_Created_by>
        <Network_Creating_Time>480.3</Network_Creating_Time>
        <Network_Time_to_live>165.554</Network_Time_to_live>
        <The_Location_of_ZOR>1034.18,1521.69,0</The_Location_of_ZOR>
        <The_Shape_of_ZOR>1</The_Shape_of_ZOR>
        <The_Length_of_ZOR>1500</The_Length_of_ZOR>
        <The_Width_of_ZOR>6.5</The_Width_of_ZOR>
        <The_Location_of_ZOF>1034.18,1524.94,0</The_Location_of_ZOF>
        <The_Shape_of_ZOF>1</The_Shape_of_ZOF>
        <The_Length_of_ZOF>1500</The_Length_of_ZOF>
        <The_Width_of_ZOF>13</The_Width_of_ZOF>
        <The_Number_of_Received_Message_Nodes_ZOR>94</The_Number_of_Received_Message_Nodes_ZOR>
        <The_Number_of_Received_Message_Nodes_ZOF>163</The_Number_of_Received_Message_Nodes_ZOF>
        <The_Max_Hops>10</The_Max_Hops>
        <The_Max_Delay_Time>37.557</The_Max_Delay_Time>
        <The_Number_of_Nodes_Which_Passing_Through_ZOR>135</The_Number_of_Nodes_Which_Passing_Through_ZOR>
        <The_Number_of_Nodes_Which_Passing_Through_ZOF>168</The_Number_of_Nodes_Which_Passing_Through_ZOF>
        <The_Packet_Delivery_Ratio>0.696296</The_Packet_Delivery_Ratio>
        <The_Efficiency>1.54498e-07</The_Efficiency>
    </Network_Identification_Number>
    <Network_Identification_Number ID="5">
        <Network_Created_by>359</Network_Created_by>
        <Network_Creating_Time>480.3</Network_Creating_Time>
        <Network_Time_to_live>109.238</Network_Time_to_live>
        <The_Location_of_ZOR>1057.74,528.295,0</The_Location_of_ZOR>
        <The_Shape_of_ZOR>1</The_Shape_of_ZOR>
        <The_Length_of_ZOR>1500</The_Length_of_ZOR>
        <The_Width_of_ZOR>6.5</The_Width_of_ZOR>
        <The_Location_of_ZOF>1057.74,525.045,0</The_Location_of_ZOF>
        <The_Shape_of_ZOF>1</The_Shape_of_ZOF>
        <The_Length_of_ZOF>1500</The_Length_of_ZOF>
        <The_Width_of_ZOF>13</The_Width_of_ZOF>
        <The_Number_of_Received_Message_Nodes_ZOR>80</The_Number_of_Received_Message_Nodes_ZOR>
        <The_Number_of_Received_Message_Nodes_ZOF>156</The_Number_of_Received_Message_Nodes_ZOF>
        <The_Max_Hops>8</The_Max_Hops>
        <The_Max_Delay_Time>0.454414</The_Max_Delay_Time>
        <The_Number_of_Nodes_Which_Passing_Through_ZOR>107</The_Number_of_Nodes_Which_Passing_Through_ZOR>
        <The_Number_of_Nodes_Which_Passing_Through_ZOF>158</The_Number_of_Nodes_Which_Passing_Through_ZOF>
        <The_Packet_Delivery_Ratio>0.747664</The_Packet_Delivery_Ratio>
        <The_Efficiency>1.09689e-05</The_Efficiency>
    </Network_Identification_Number>
    <Network_Identification_Number ID="6">
        <Network_Created_by>355</Network_Created_by>
        <Network_Creating_Time>480.3</Network_Creating_Time>
        <Network_Time_to_live>176.241</Network_Time_to_live>
        <The_Location_of_ZOR>519.98,1026.23,0</The_Location_of_ZOR>
        <The_Shape_of_ZOR>1</The_Shape_of_ZOR>
        <The_Length_of_ZOR>1500</The_Length_of_ZOR>
        <The_Width_of_ZOR>1500</The_Width_of_ZOR>
        <The_Location_of_ZOF>519.98,1026.23,0</The_Location_of_ZOF>
        <The_Shape_of_ZOF>1</The_Shape_of_ZOF>
        <The_Length_of_ZOF>1500</The_Length_of_ZOF>
        <The_Width_of_ZOF>1500</The_Width_of_ZOF>
        <The_Number_of_Received_Message_Nodes_ZOR>408</The_Number_of_Received_Message_Nodes_ZOR>
        <The_Number_of_Received_Message_Nodes_ZOF>408</The_Number_of_Received_Message_Nodes_ZOF>
        <The_Max_Hops>10</The_Max_Hops>
        <The_Max_Delay_Time>4.75452</The_Max_Delay_Time>
        <The_Number_of_Nodes_Which_Passing_Through_ZOR>420</The_Number_of_Nodes_Which_Passing_Through_ZOR>
        <The_Number_of_Nodes_Which_Passing_Through_ZOF>420</The_Number_of_Nodes_Which_Passing_Through_ZOF>
        <The_Packet_Delivery_Ratio>0.971429</The_Packet_Delivery_Ratio>
        <The_Efficiency>1.02159e-06</The_Efficiency>
    </Network_Identification_Number>
    <Network_Identification_Number ID="7">
        <Network_Created_by>335</Network_Created_by>
        <Network_Creating_Time>480.3</Network_Creating_Time>
        <Network_Time_to_live>237.179</Network_Time_to_live>
        <The_Location_of_ZOR>1019.98,1526.23,0</The_Location_of_ZOR>
        <The_Shape_of_ZOR>1</The_Shape_of_ZOR>
        <The_Length_of_ZOR>1500</The_Length_of_ZOR>
        <The_Width_of_ZOR>1500</The_Width_of_ZOR>
        <The_Location_of_ZOF>1019.98,1526.23,0</The_Location_of_ZOF>
        <The_Shape_of_ZOF>1</The_Shape_of_ZOF>
        <The_Length_of_ZOF>1500</The_Length_of_ZOF>
        <The_Width_of_ZOF>1500</The_Width_of_ZOF>
        <The_Number_of_Received_Message_Nodes_ZOR>414</The_Number_of_Received_Message_Nodes_ZOR>
        <The_Number_of_Received_Message_Nodes_ZOF>414</The_Number_of_Received_Message_Nodes_ZOF>
        <The_Max_Hops>11</The_Max_Hops>
        <The_Max_Delay_Time>9.45536</The_Max_Delay_Time>
        <The_Number_of_Nodes_Which_Passing_Through_ZOR>427</The_Number_of_Nodes_Which_Passing_Through_ZOR>
        <The_Number_of_Nodes_Which_Passing_Through_ZOF>427</The_Number_of_Nodes_Which_Passing_Through_ZOF>
        <The_Packet_Delivery_Ratio>0.969555</The_Packet_Delivery_Ratio>
        <The_Efficiency>5.63971e-07</The_Efficiency>
    </Network_Identification_Number>
    <Network_Identification_Number ID="8">
        <Network_Created_by>330</Network_Created_by>
        <Network_Creating_Time>480.3</Network_Creating_Time>
        <Network_Time_to_live>233.083</Network_Time_to_live>
        <The_Location_of_ZOR>508.664,528.295,0</The_Location_of_ZOR>
        <The_Shape_of_ZOR>1</The_Shape_of_ZOR>
        <The_Length_of_ZOR>1500</The_Length_of_ZOR>
        <The_Width_of_ZOR>6.5</The_Width_of_ZOR>
        <The_Location_of_ZOF>508.664,525.045,0</The_Location_of_ZOF>
        <The_Shape_of_ZOF>1</The_Shape_of_ZOF>
        <The_Length_of_ZOF>1500</The_Length_of_ZOF>
        <The_Width_of_ZOF>13</The_Width_of_ZOF>
        <The_Number_of_Received_Message_Nodes_ZOR>91</The_Number_of_Received_Message_Nodes_ZOR>
        <The_Number_of_Received_Message_Nodes_ZOF>165</The_Number_of_Received_Message_Nodes_ZOF>
        <The_Max_Hops>12</The_Max_Hops>
        <The_Max_Delay_Time>21.4548</The_Max_Delay_Time>
        <The_Number_of_Nodes_Which_Passing_Through_ZOR>133</The_Number_of_Nodes_Which_Passing_Through_ZOR>
        <The_Number_of_Nodes_Which_Passing_Through_ZOF>167</The_Number_of_Nodes_Which_Passing_Through_ZOF>
        <The_Packet_Delivery_Ratio>0.684211</The_Packet_Delivery_Ratio>
        <The_Efficiency>3.18908e-07</The_Efficiency>
    </Network_Identification_Number>
    <Network_Identification_Number ID="9">
        <Network_Created_by>324</Network_Created_by>
        <Network_Creating_Time>480.3</Network_Creating_Time>
        <Network_Time_to_live>191.705</Network_Time_to_live>
        <The_Location_of_ZOR>1025.24,1023.33,0</The_Location_of_ZOR>
        <The_Shape_of_ZOR>1</The_Shape_of_ZOR>
        <The_Length_of_ZOR>1500</The_Length_of_ZOR>
        <The_Width_of_ZOR>1500</The_Width_of_ZOR>
        <The_Location_of_ZOF>1025.24,1023.33,0</The_Location_of_ZOF>
        <The_Shape_of_ZOF>1</The_Shape_of_ZOF>
        <The_Length_of_ZOF>1500</The_Length_of_ZOF>
        <The_Width_of_ZOF>1500</The_Width_of_ZOF>
        <The_Number_of_Received_Message_Nodes_ZOR>538</The_Number_of_Received_Message_Nodes_ZOR>
        <The_Number_of_Received_Message_Nodes_ZOF>538</The_Number_of_Received_Message_Nodes_ZOF>
        <The_Max_Hops>10</The_Max_Hops>
        <The_Max_Delay_Time>0.556942</The_Max_Delay_Time>
        <The_Number_of_Nodes_Which_Passing_Through_ZOR>551</The_Number_of_Nodes_Which_Passing_Through_ZOR>
        <The_Number_of_Nodes_Which_Passing_Through_ZOF>551</The_Number_of_Nodes_Which_Passing_Through_ZOF>
        <The_Packet_Delivery_Ratio>0.976407</The_Packet_Delivery_Ratio>
        <The_Efficiency>8.76579e-06</The_Efficiency>
    </Network_Identification_Number>
    <Network_Identification_Number ID="10">
        <Network_Created_by>320</Network_Created_by>
        <Network_Creating_Time>480.3</Network_Creating_Time>
        <Network_Time_to_live>215.494</Network_Time_to_live>
        <The_Location_of_ZOR>1028.3,1912.34,0</The_Location_of_ZOR>
        <The_Shape_of_ZOR>1</The_Shape_of_ZOR>
        <The_Length_of_ZOR>1500</The_Length_of_ZOR>
        <The_Width_of_ZOR>6.5</The_Width_of_ZOR>
        <The_Location_of_ZOF>1025.05,1912.34,0</The_Location_of_ZOF>
        <The_Shape_of_ZOF>1</The_Shape_of_ZOF>
        <The_Length_of_ZOF>1500</The_Length_of_ZOF>
        <The_Width_of_ZOF>13</The_Width_of_ZOF>
        <The_Number_of_Received_Message_Nodes_ZOR>49</The_Number_of_Received_Message_Nodes_ZOR>
        <The_Number_of_Received_Message_Nodes_ZOF>89</The_Number_of_Received_Message_Nodes_ZOF>
        <The_Max_Hops>11</The_Max_Hops>
        <The_Max_Delay_Time>0.186742</The_Max_Delay_Time>
        <The_Number_of_Nodes_Which_Passing_Through_ZOR>65</The_Number_of_Nodes_Which_Passing_Through_ZOR>
        <The_Number_of_Nodes_Which_Passing_Through_ZOF>91</The_Number_of_Nodes_Which_Passing_Through_ZOF>
        <The_Packet_Delivery_Ratio>0.753846</The_Packet_Delivery_Ratio>
        <The_Efficiency>3.70043e-05</The_Efficiency>
    </Network_Identification_Number>
    <Network_Identification_Number ID="11">
        <Network_Created_by>319</Network_Created_by>
        <Network_Creating_Time>480.3</Network_Creating_Time>
        <Network_Time_to_live>75.016</Network_Time_to_live>
        <The_Location_of_ZOR>518.673,528.295,0</The_Location_of_ZOR>
        <The_Shape_of_ZOR>1</The_Shape_of_ZOR>
        <The_Length_of_ZOR>1500</The_Length_of_ZOR>
        <The_Width_of_ZOR>6.5</The_Width_of_ZOR>
        <The_Location_of_ZOF>518.673,525.045,0</The_Location_of_ZOF>
        <The_Shape_of_ZOF>1</The_Shape_of_ZOF>
        <The_Length_of_ZOF>1500</The_Length_of_ZOF>
        <The_Width_of_ZOF>13</The_Width_of_ZOF>
        <The_Number_of_Received_Message_Nodes_ZOR>57</The_Number_of_Received_Message_Nodes_ZOR>
        <The_Number_of_Received_Message_Nodes_ZOF>97</The_Number_of_Received_Message_Nodes_ZOF>
        <The_Max_Hops>6</The_Max_Hops>
        <The_Max_Delay_Time>0.45482</The_Max_Delay_Time>
        <The_Number_of_Nodes_Which_Passing_Through_ZOR>69</The_Number_of_Nodes_Which_Passing_Through_ZOR>
        <The_Number_of_Nodes_Which_Passing_Through_ZOF>99</The_Number_of_Nodes_Which_Passing_Through_ZOF>
        <The_Packet_Delivery_Ratio>0.826087</The_Packet_Delivery_Ratio>
        <The_Efficiency>9.08146e-06</The_Efficiency>
    </Network_Identification_Number>
    <Network_Identification_Number ID="12">
        <Network_Created_by>285</Network_Created_by>
        <Network_Creating_Time>480.3</Network_Creating_Time>
        <Network_Time_to_live>147.85</Network_Time_to_live>
        <The_Location_of_ZOR>1028.39,758.283,0</The_Location_of_ZOR>
        <The_Shape_of_ZOR>1</The_Shape_of_ZOR>
        <The_Length_of_ZOR>1500</The_Length_of_ZOR>
        <The_Width_of_ZOR>6.5</The_Width_of_ZOR>
        <The_Location_of_ZOF>1025.14,758.283,0</The_Location_of_ZOF>
        <The_Shape_of_ZOF>1</The_Shape_of_ZOF>
        <The_Length_of_ZOF>1500</The_Length_of_ZOF>
        <The_Width_of_ZOF>13</The_Width_of_ZOF>
        <The_Number_of_Received_Message_Nodes_ZOR>50</The_Number_of_Received_Message_Nodes_ZOR>
        <The_Number_of_Received_Message_Nodes_ZOF>109</The_Number_of_Received_Message_Nodes_ZOF>
        <The_Max_Hops>8</The_Max_Hops>
        <The_Max_Delay_Time>0.254411</The_Max_Delay_Time>
        <The_Number_of_Nodes_Which_Passing_Through_ZOR>70</The_Number_of_Nodes_Which_Passing_Through_ZOR>
        <The_Number_of_Nodes_Which_Passing_Through_ZOF>110</The_Number_of_Nodes_Which_Passing_Through_ZOF>
        <The_Packet_Delivery_Ratio>0.714286</The_Packet_Delivery_Ratio>
        <The_Efficiency>1.87174e-05</The_Efficiency>
    </Network_Identification_Number>
    <Network_Identification_Number ID="13">
        <Network_Created_by>280</Network_Created_by>
        <Network_Creating_Time>480.3</Network_Creating_Time>
        <Network_Time_to_live>96.8758</Network_Time_to_live>
        <The_Location_of_ZOR>1028.3,1005.31,0</The_Location_of_ZOR>
        <The_Shape_of_ZOR>1</The_Shape_of_ZOR>
        <The_Length_of_ZOR>1500</The_Length_of_ZOR>
        <The_Width_of_ZOR>6.5</The_Width_of_ZOR>
        <The_Location_of_ZOF>1025.05,1005.31,0</The_Location_of_ZOF>
        <The_Shape_of_ZOF>1</The_Shape_of_ZOF>
        <The_Length_of_ZOF>1500</The_Length_of_ZOF>
        <The_Width_of_ZOF>13</The_Width_of_ZOF>
        <The_Number_of_Received_Message_Nodes_ZOR>44</The_Number_of_Received_Message_Nodes_ZOR>
        <The_Number_of_Received_Message_Nodes_ZOF>90</The_Number_of_Received_Message_Nodes_ZOF>
        <The_Max_Hops>7</The_Max_Hops>
        <The_Max_Delay_Time>0.474223</The_Max_Delay_Time>
        <The_Number_of_Nodes_Which_Passing_Through_ZOR>65</The_Number_of_Nodes_Which_Passing_Through_ZOR>
        <The_Number_of_Nodes_Which_Passing_Through_ZOF>94</The_Number_of_Nodes_Which_Passing_Through_ZOF>
        <The_Packet_Delivery_Ratio>0.676923</The_Packet_Delivery_Ratio>
        <The_Efficiency>8.32671e-06</The_Efficiency>
    </Network_Identification_Number>
    <Network_Identification_Number ID="14">
        <Network_Created_by>272</Network_Created_by>
        <Network_Creating_Time>480.3</Network_Creating_Time>
        <Network_Time_to_live>78.0529</Network_Time_to_live>
        <The_Location_of_ZOR>1075.72,1521.69,0</The_Location_of_ZOR>
        <The_Shape_of_ZOR>1</The_Shape_of_ZOR>
        <The_Length_of_ZOR>1500</The_Length_of_ZOR>
        <The_Width_of_ZOR>6.5</The_Width_of_ZOR>
        <The_Location_of_ZOF>1075.72,1524.94,0</The_Location_of_ZOF>
        <The_Shape_of_ZOF>1</The_Shape_of_ZOF>
        <The_Length_of_ZOF>1500</The_Length_of_ZOF>
        <The_Width_of_ZOF>13</The_Width_of_ZOF>
        <The_Number_of_Received_Message_Nodes_ZOR>67</The_Number_of_Received_Message_Nodes_ZOR>
        <The_Number_of_Received_Message_Nodes_ZOF>118</The_Number_of_Received_Message_Nodes_ZOF>
        <The_Max_Hops>8</The_Max_Hops>
        <The_Max_Delay_Time>0.480296</The_Max_Delay_Time>
        <The_Number_of_Nodes_Which_Passing_Through_ZOR>90</The_Number_of_Nodes_Which_Passing_Through_ZOR>
        <The_Number_of_Nodes_Which_Passing_Through_ZOF>121</The_Number_of_Nodes_Which_Passing_Through_ZOF>
        <The_Packet_Delivery_Ratio>0.744444</The_Packet_Delivery_Ratio>
        <The_Efficiency>1.03331e-05</The_Efficiency>
    </Network_Identification_Number>
    <Network_Identification_Number ID="15">
        <Network_Created_by>268</Network_Created_by>
        <Network_Creating_Time>480.3</Network_Creating_Time>
        <Network_Time_to_live>161.776</Network_Time_to_live>
        <The_Location_of_ZOR>1019.98,1026.23,0</The_Location_of_ZOR>
        <The_Shape_of_ZOR>1</The_Shape_of_ZOR>
        <The_Length_of_ZOR>1500</The_Length_of_ZOR>
        <The_Width_of_ZOR>1500</The_Width_of_ZOR>
        <The_Location_of_ZOF>1019.98,1026.23,0</The_Location_of_ZOF>
        <The_Shape_of_ZOF>1</The_Shape_of_ZOF>
        <The_Length_of_ZOF>1500</The_Length_of_ZOF>
        <The_Width_of_ZOF>1500</The_Width_of_ZOF>
        <The_Number_of_Received_Message_Nodes_ZOR>491</The_Number_of_Received_Message_Nodes_ZOR>
        <The_Number_of_Received_Message_Nodes_ZOF>491</The_Number_of_Received_Message_Nodes_ZOF>
        <The_Max_Hops>10</The_Max_Hops>
        <The_Max_Delay_Time>0.255009</The_Max_Delay_Time>
        <The_Number_of_Nodes_Which_Passing_Through_ZOR>504</The_Number_of_Nodes_Which_Passing_Through_ZOR>
        <The_Number_of_Nodes_Which_Passing_Through_ZOF>504</The_Number_of_Nodes_Which_Passing_Through_ZOF>
        <The_Packet_Delivery_Ratio>0.974206</The_Packet_Delivery_Ratio>
        <The_Efficiency>1.91014e-05</The_Efficiency>
    </Network_Identification_Number>
    <Network_Identification_Number ID="16">
        <Network_Created_by>250</Network_Created_by>
        <Network_Creating_Time>480.3</Network_Creating_Time>
        <Network_Time_to_live>230.527</Network_Time_to_live>
        <The_Location_of_ZOR>475.739,1528.31,0</The_Location_of_ZOR>
        <The_Shape_of_ZOR>1</The_Shape_of_ZOR>
        <The_Length_of_ZOR>1500</The_Length_of_ZOR>
        <The_Width_of_ZOR>6.5</The_Width_of_ZOR>
        <The_Location_of_ZOF>475.739,1525.06,0</The_Location_of_ZOF>
        <The_Shape_of_ZOF>1</The_Shape_of_ZOF>
        <The_Length_of_ZOF>1500</The_Length_of_ZOF>
        <The_Width_of_ZOF>13</The_Width_of_ZOF>
        <The_Number_of_Received_Message_Nodes_ZOR>76</The_Number_of_Received_Message_Nodes_ZOR>
        <The_Number_of_Received_Message_Nodes_ZOF>157</The_Number_of_Received_Message_Nodes_ZOF>
        <The_Max_Hops>6</The_Max_Hops>
        <The_Max_Delay_Time>16.9829</The_Max_Delay_Time>
        <The_Number_of_Nodes_Which_Passing_Through_ZOR>120</The_Number_of_Nodes_Which_Passing_Through_ZOR>
        <The_Number_of_Nodes_Which_Passing_Through_ZOF>158</The_Number_of_Nodes_Which_Passing_Through_ZOF>
        <The_Packet_Delivery_Ratio>0.633333</The_Packet_Delivery_Ratio>
        <The_Efficiency>1.86462e-07</The_Efficiency>
    </Network_Identification_Number>
    <Network_Identification_Number ID="17">
        <Network_Created_by>241</Network_Created_by>
        <Network_Creating_Time>480.3</Network_Creating_Time>
        <Network_Time_to_live>76.6673</Network_Time_to_live>
        <The_Location_of_ZOR>1008.66,1521.69,0</The_Location_of_ZOR>
        <The_Shape_of_ZOR>1</The_Shape_of_ZOR>
        <The_Length_of_ZOR>1500</The_Length_of_ZOR>
        <The_Width_of_ZOR>6.5</The_Width_of_ZOR>
        <The_Location_of_ZOF>1008.66,1524.94,0</The_Location_of_ZOF>
        <The_Shape_of_ZOF>1</The_Shape_of_ZOF>
        <The_Length_of_ZOF>1500</The_Length_of_ZOF>
        <The_Width_of_ZOF>13</The_Width_of_ZOF>
        <The_Number_of_Received_Message_Nodes_ZOR>66</The_Number_of_Received_Message_Nodes_ZOR>
        <The_Number_of_Received_Message_Nodes_ZOF>116</The_Number_of_Received_Message_Nodes_ZOF>
        <The_Max_Hops>8</The_Max_Hops>
        <The_Max_Delay_Time>0.255737</The_Max_Delay_Time>
        <The_Number_of_Nodes_Which_Passing_Through_ZOR>89</The_Number_of_Nodes_Which_Passing_Through_ZOR>
        <The_Number_of_Nodes_Which_Passing_Through_ZOF>118</The_Number_of_Nodes_Which_Passing_Through_ZOF>
        <The_Packet_Delivery_Ratio>0.741573</The_Packet_Delivery_Ratio>
        <The_Efficiency>1.93316e-05</The_Efficiency>
    </Network_Identification_Number>
    <Network_Identification_Number ID="18">
        <Network_Created_by>238</Network_Created_by>
        <Network_Creating_Time>480.3</Network_Creating_Time>
        <Network_Time_to_live>209.589</Network_Time_to_live>
        <The_Location_of_ZOR>1032.22,528.295,0</The_Location_of_ZOR>
        <The_Shape_of_ZOR>1</The_Shape_of_ZOR>
        <The_Length_of_ZOR>1500</The_Length_of_ZOR>
        <The_Width_of_ZOR>6.5</The_Width_of_ZOR>
        <The_Location_of_ZOF>1032.22,525.045,0</The_Location_of_ZOF>
        <The_Shape_of_ZOF>1</The_Shape_of_ZOF>
        <The_Length_of_ZOF>1500</The_Length_of_ZOF>
        <The_Width_of_ZOF>13</The_Width_of_ZOF>
        <The_Number_of_Received_Message_Nodes_ZOR>110</The_Number_of_Received_Message_Nodes_ZOR>
        <The_Number_of_Received_Message_Nodes_ZOF>212</The_Number_of_Received_Message_Nodes_ZOF>
        <The_Max_Hops>9</The_Max_Hops>
        <The_Max_Delay_Time>1.95438</The_Max_Delay_Time>
        <The_Number_of_Nodes_Which_Passing_Through_ZOR>161</The_Number_of_Nodes_Which_Passing_Through_ZOR>
        <The_Number_of_Nodes_Which_Passing_Through_ZOF>213</The_Number_of_Nodes_Which_Passing_Through_ZOF>
        <The_Packet_Delivery_Ratio>0.68323</The_Packet_Delivery_Ratio>
        <The_Efficiency>2.62192e-06</The_Efficiency>
    </Network_Identification_Number>
    <Network_Identification_Number ID="19">
        <Network_Created_by>234</Network_Created_by>
        <Network_Creating_Time>480.3</Network_Creating_Time>
        <Network_Time_to_live>181.473</Network_Time_to_live>
        <The_Location_of_ZOR>1028.3,992.299,0</The_Location_of_ZOR>
        <The_Shape_of_ZOR>1</The_Shape_of_ZOR>
        <The_Length_of_ZOR>1500</The_Length_of_ZOR>
        <The_Width_of_ZOR>6.5</The_Width_of_ZOR>
        <The_Location_of_ZOF>1025.05,992.299,0</The_Location_of_ZOF>
        <The_Shape_of_ZOF>1</The_Shape_of_ZOF>
        <The_Length_of_ZOF>1500</The_Length_of_ZOF>
        <The_Width_of_ZOF>13</The_Width_of_ZOF>
        <The_Number_of_Received_Message_Nodes_ZOR>73</The_Number_of_Received_Message_Nodes_ZOR>
        <The_Number_of_Received_Message_Nodes_ZOF>145</The_Number_of_Received_Message_Nodes_ZOF>
        <The_Max_Hops>7</The_Max_Hops>
        <The_Max_Delay_Time>0.557041</The_Max_Delay_Time>
        <The_Number_of_Nodes_Which_Passing_Through_ZOR>114</The_Number_of_Nodes_Which_Passing_Through_ZOR>
        <The_Number_of_Nodes_Which_Passing_Through_ZOF>151</The_Number_of_Nodes_Which_Passing_Through_ZOF>
        <The_Packet_Delivery_Ratio>0.640351</The_Packet_Delivery_Ratio>
        <The_Efficiency>6.70575e-06</The_Efficiency>
    </Network_Identification_Number>
    <Network_Identification_Number ID="20">
        <Network_Created_by>228</Network_Created_by>
        <Network_Creating_Time>480.3</Network_Creating_Time>
        <Network_Time_to_live>186.805</Network_Time_to_live>
        <The_Location_of_ZOR>995.649,1521.69,0</The_Location_of_ZOR>
        <The_Shape_of_ZOR>1</The_Shape_of_ZOR>
        <The_Length_of_ZOR>1500</The_Length_of_ZOR>
        <The_Width_of_ZOR>6.5</The_Width_of_ZOR>
        <The_Location_of_ZOF>995.649,1524.94,0</The_Location_of_ZOF>
        <The_Shape_of_ZOF>1</The_Shape_of_ZOF>
        <The_Length_of_ZOF>1500</The_Length_of_ZOF>
        <The_Width_of_ZOF>13</The_Width_of_ZOF>
        <The_Number_of_Received_Message_Nodes_ZOR>109</The_Number_of_Received_Message_Nodes_ZOR>
        <The_Number_of_Received_Message_Nodes_ZOF>189</The_Number_of_Received_Message_Nodes_ZOF>
        <The_Max_Hops>11</The_Max_Hops>
        <The_Max_Delay_Time>65.1674</The_Max_Delay_Time>
        <The_Number_of_Nodes_Which_Passing_Through_ZOR>158</The_Number_of_Nodes_Which_Passing_Through_ZOR>
        <The_Number_of_Nodes_Which_Passing_Through_ZOF>194</The_Number_of_Nodes_Which_Passing_Through_ZOF>
        <The_Packet_Delivery_Ratio>0.689873</The_Packet_Delivery_Ratio>
        <The_Efficiency>9.70399e-08</The_Efficiency>
    </Network_Identification_Number>
    <Network_Identification_Number ID="21">
        <Network_Created_by>222</Network_Created_by>
        <Network_Creating_Time>480.3</Network_Creating_Time>
        <Network_Time_to_live>219.361</Network_Time_to_live>
        <The_Location_of_ZOR>1028.3,1949.97,0</The_Location_of_ZOR>
        <The_Shape_of_ZOR>1</The_Shape_of_ZOR>
        <The_Length_of_ZOR>1500</The_Length_of_ZOR>
        <The_Width_of_ZOR>6.5</The_Width_of_ZOR>
        <The_Location_of_ZOF>1025.05,1949.97,0</The_Location_of_ZOF>
        <The_Shape_of_ZOF>1</The_Shape_of_ZOF>
        <The_Length_of_ZOF>1500</The_Length_of_ZOF>
        <The_Width_of_ZOF>13</The_Width_of_ZOF>
        <The_Number_of_Received_Message_Nodes_ZOR>51</The_Number_of_Received_Message_Nodes_ZOR>
        <The_Number_of_Received_Message_Nodes_ZOF>92</The_Number_of_Received_Message_Nodes_ZOF>
        <The_Max_Hops>10</The_Max_Hops>
        <The_Max_Delay_Time>0.454849</The_Max_Delay_Time>
        <The_Number_of_Nodes_Which_Passing_Through_ZOR>66</The_Number_of_Nodes_Which_Passing_Through_ZOR>
        <The_Number_of_Nodes_Which_Passing_Through_ZOF>93</The_Number_of_Nodes_Which_Passing_Through_ZOF>
        <The_Packet_Delivery_Ratio>0.772727</The_Packet_Delivery_Ratio>
        <The_Efficiency>1.41572e-05</The_Efficiency>
    </Network_Identification_Number>
    <Network_Identification_Number ID="22">
        <Network_Created_by>220</Network_Created_by>
        <Network_Creating_Time>480.3</Network_Creating_Time>
        <Network_Time_to_live>142.083</Network_Time_to_live>
        <The_Location_of_ZOR>1025.24,523.33,0</The_Location_of_ZOR>
        <The_Shape_of_ZOR>1</The_Shape_of_ZOR>
        <The_Length_of_ZOR>1500</The_Length_of_ZOR>
        <The_Width_of_ZOR>1500</The_Width_of_ZOR>
        <The_Location_of_ZOF>1025.24,523.33,0</The_Location_of_ZOF>
        <The_Shape_of_ZOF>1</The_Shape_of_ZOF>
        <The_Length_of_ZOF>1500</The_Length_of_ZOF>
        <The_Width_of_ZOF>1500</The_Width_of_ZOF>
        <The_Number_of_Received_Message_Nodes_ZOR>342</The_Number_of_Received_Message_Nodes_ZOR>
        <The_Number_of_Received_Message_Nodes_ZOF>342</The_Number_of_Received_Message_Nodes_ZOF>
        <The_Max_Hops>9</The_Max_Hops>
        <The_Max_Delay_Time>2.16052</The_Max_Delay_Time>
        <The_Number_of_Nodes_Which_Passing_Through_ZOR>346</The_Number_of_Nodes_Which_Passing_Through_ZOR>
        <The_Number_of_Nodes_Which_Passing_Through_ZOF>346</The_Number_of_Nodes_Which_Passing_Through_ZOF>
        <The_Packet_Delivery_Ratio>0.988439</The_Packet_Delivery_Ratio>
        <The_Efficiency>2.05875e-06</The_Efficiency>
    </Network_Identification_Number>
    <Network_Identification_Number ID="23">
        <Network_Created_by>201</Network_Created_by>
        <Network_Creating_Time>480.3</Network_Creating_Time>
        <Network_Time_to_live>117.603</Network_Time_to_live>
        <The_Location_of_ZOR>1025.24,1523.32,0</The_Location_of_ZOR>
        <The_Shape_of_ZOR>1</The_Shape_of_ZOR>
        <The_Length_of_ZOR>1500</The_Length_of_ZOR>
        <The_Width_of_ZOR>1500</The_Width_of_ZOR>
        <The_Location_of_ZOF>1025.24,1523.32,0</The_Location_of_ZOF>
        <The_Shape_of_ZOF>1</The_Shape_of_ZOF>
        <The_Length_of_ZOF>1500</The_Length_of_ZOF>
        <The_Width_of_ZOF>1500</The_Width_of_ZOF>
        <The_Number_of_Received_Message_Nodes_ZOR>304</The_Number_of_Received_Message_Nodes_ZOR>
        <The_Number_of_Received_Message_Nodes_ZOF>304</The_Number_of_Received_Message_Nodes_ZOF>
        <The_Max_Hops>9</The_Max_Hops>
        <The_Max_Delay_Time>0.285717</The_Max_Delay_Time>
        <The_Number_of_Nodes_Which_Passing_Through_ZOR>316</The_Number_of_Nodes_Which_Passing_Through_ZOR>
        <The_Number_of_Nodes_Which_Passing_Through_ZOF>316</The_Number_of_Nodes_Which_Passing_Through_ZOF>
        <The_Packet_Delivery_Ratio>0.962025</The_Packet_Delivery_Ratio>
        <The_Efficiency>1.51517e-05</The_Efficiency>
    </Network_Identification_Number>
    <Network_Identification_Number ID="24">
        <Network_Created_by>197</Network_Created_by>
        <Network_Creating_Time>480.3</Network_Creating_Time>
        <Network_Time_to_live>97.3446</Network_Time_to_live>
        <The_Location_of_ZOR>528.305,1925.99,0</The_Location_of_ZOR>
        <The_Shape_of_ZOR>1</The_Shape_of_ZOR>
        <The_Length_of_ZOR>1500</The_Length_of_ZOR>
        <The_Width_of_ZOR>6.5</The_Width_of_ZOR>
        <The_Location_of_ZOF>525.055,1925.99,0</The_Location_of_ZOF>
        <The_Shape_of_ZOF>1</The_Shape_of_ZOF>
        <The_Length_of_ZOF>1500</The_Length_of_ZOF>
        <The_Width_of_ZOF>13</The_Width_of_ZOF>
        <The_Number_of_Received_Message_Nodes_ZOR>25</The_Number_of_Received_Message_Nodes_ZOR>
        <The_Number_of_Received_Message_Nodes_ZOF>48</The_Number_of_Received_Message_Nodes_ZOF>
        <The_Max_Hops>4</The_Max_Hops>
        <The_Max_Delay_Time>0.181511</The_Max_Delay_Time>
        <The_Number_of_Nodes_Which_Passing_Through_ZOR>35</The_Number_of_Nodes_Which_Passing_Through_ZOR>
        <The_Number_of_Nodes_Which_Passing_Through_ZOF>49</The_Number_of_Nodes_Which_Passing_Through_ZOF>
        <The_Packet_Delivery_Ratio>0.714286</The_Packet_Delivery_Ratio>
        <The_Efficiency>1.31174e-05</The_Efficiency>
    </Network_Identification_Number>
    <Network_Identification_Number ID="25">
        <Network_Created_by>193</Network_Created_by>
        <Network_Creating_Time>480.3</Network_Creating_Time>
        <Network_Time_to_live>235.949</Network_Time_to_live>
        <The_Location_of_ZOR>1528.4,1537.7,0</The_Location_of_ZOR>
        <The_Shape_of_ZOR>1</The_Shape_of_ZOR>
        <The_Length_of_ZOR>1500</The_Length_of_ZOR>
        <The_Width_of_ZOR>6.5</The_Width_of_ZOR>
        <The_Location_of_ZOF>1525.15,1537.7,0</The_Location_of_ZOF>
        <The_Shape_of_ZOF>1</The_Shape_of_ZOF>
        <The_Length_of_ZOF>1500</The_Length_of_ZOF>
        <The_Width_of_ZOF>13</The_Width_of_ZOF>
        <The_Number_of_Received_Message_Nodes_ZOR>77</The_Number_of_Received_Message_Nodes_ZOR>
        <The_Number_of_Received_Message_Nodes_ZOF>141</The_Number_of_Received_Message_Nodes_ZOF>
        <The_Max_Hops>7</The_Max_Hops>
        <The_Max_Delay_Time>128.158</The_Max_Delay_Time>
        <The_Number_of_Nodes_Which_Passing_Through_ZOR>116</The_Number_of_Nodes_Which_Passing_Through_ZOR>
        <The_Number_of_Nodes_Which_Passing_Through_ZOF>142</The_Number_of_Nodes_Which_Passing_Through_ZOF>
        <The_Packet_Delivery_Ratio>0.663793</The_Packet_Delivery_Ratio>
        <The_Efficiency>3.02137e-08</The_Efficiency>
    </Network_Identification_Number>
    <Network_Identification_Number ID="26">
        <Network_Created_by>175</Network_Created_by>
        <Network_Creating_Time>480.3</Network_Creating_Time>
        <Network_Time_to_live>171.178</Network_Time_to_live>
        <The_Location_of_ZOR>530.02,1023.77,0</The_Location_of_ZOR>
        <The_Shape_of_ZOR>1</The_Shape_of_ZOR>
        <The_Length_of_ZOR>1500</The_Length_of_ZOR>
        <The_Width_of_ZOR>1500</The_Width_of_ZOR>
        <The_Location_of_ZOF>530.02,1023.77,0</The_Location_of_ZOF>
        <The_Shape_of_ZOF>1</The_Shape_of_ZOF>
        <The_Length_of_ZOF>1500</The_Length_of_ZOF>
        <The_Width_of_ZOF>1500</The_Width_of_ZOF>
        <The_Number_of_Received_Message_Nodes_ZOR>407</The_Number_of_Received_Message_Nodes_ZOR>
        <The_Number_of_Received_Message_Nodes_ZOF>407</The_Number_of_Received_Message_Nodes_ZOF>
        <The_Max_Hops>11</The_Max_Hops>
        <The_Max_Delay_Time>37.4548</The_Max_Delay_Time>
        <The_Number_of_Nodes_Which_Passing_Through_ZOR>419</The_Number_of_Nodes_Which_Passing_Through_ZOR>
        <The_Number_of_Nodes_Which_Passing_Through_ZOF>419</The_Number_of_Nodes_Which_Passing_Through_ZOF>
        <The_Packet_Delivery_Ratio>0.97136</The_Packet_Delivery_Ratio>
        <The_Efficiency>1.42638e-07</The_Efficiency>
    </Network_Identification_Number>
    <Network_Identification_Number ID="27">
        <Network_Created_by>166</Network_Created_by>
        <Network_Creating_Time>480.3</Network_Creating_Time>
        <Network_Time_to_live>218.454</Network_Time_to_live>
        <The_Location_of_ZOR>1021.67,1521.69,0</The_Location_of_ZOR>
        <The_Shape_of_ZOR>1</The_Shape_of_ZOR>
        <The_Length_of_ZOR>1500</The_Length_of_ZOR>
        <The_Width_of_ZOR>6.5</The_Width_of_ZOR>
        <The_Location_of_ZOF>1021.67,1524.94,0</The_Location_of_ZOF>
        <The_Shape_of_ZOF>1</The_Shape_of_ZOF>
        <The_Length_of_ZOF>1500</The_Length_of_ZOF>
        <The_Width_of_ZOF>13</The_Width_of_ZOF>
        <The_Number_of_Received_Message_Nodes_ZOR>110</The_Number_of_Received_Message_Nodes_ZOR>
        <The_Number_of_Received_Message_Nodes_ZOF>194</The_Number_of_Received_Message_Nodes_ZOF>
        <The_Max_Hops>9</The_Max_Hops>
        <The_Max_Delay_Time>37.0651</The_Max_Delay_Time>
        <The_Number_of_Nodes_Which_Passing_Through_ZOR>164</The_Number_of_Nodes_Which_Passing_Through_ZOR>
        <The_Number_of_Nodes_Which_Passing_Through_ZOF>198</The_Number_of_Nodes_Which_Passing_Through_ZOF>
        <The_Packet_Delivery_Ratio>0.670732</The_Packet_Delivery_Ratio>
        <The_Efficiency>1.3572e-07</The_Efficiency>
    </Network_Identification_Number>
    <Network_Identification_Number ID="28">
        <Network_Created_by>144</Network_Created_by>
        <Network_Creating_Time>480.3</Network_Creating_Time>
        <Network_Time_to_live>107.398</Network_Time_to_live>
        <The_Location_of_ZOR>1528.4,1833.87,0</The_Location_of_ZOR>
        <The_Shape_of_ZOR>1</The_Shape_of_ZOR>
        <The_Length_of_ZOR>1500</The_Length_of_ZOR>
        <The_Width_of_ZOR>6.5</The_Width_of_ZOR>
        <The_Location_of_ZOF>1525.15,1833.87,0</The_Location_of_ZOF>
        <The_Shape_of_ZOF>1</The_Shape_of_ZOF>
        <The_Length_of_ZOF>1500</The_Length_of_ZOF>
        <The_Width_of_ZOF>13</The_Width_of_ZOF>
        <The_Number_of_Received_Message_Nodes_ZOR>24</The_Number_of_Received_Message_Nodes_ZOR>
        <The_Number_of_Received_Message_Nodes_ZOF>50</The_Number_of_Received_Message_Nodes_ZOF>
        <The_Max_Hops>4</The_Max_Hops>
        <The_Max_Delay_Time>31.1752</The_Max_Delay_Time>
        <The_Number_of_Nodes_Which_Passing_Through_ZOR>36</The_Number_of_Nodes_Which_Passing_Through_ZOR>
        <The_Number_of_Nodes_Which_Passing_Through_ZOF>51</The_Number_of_Nodes_Which_Passing_Through_ZOF>
        <The_Packet_Delivery_Ratio>0.666667</The_Packet_Delivery_Ratio>
        <The_Efficiency>7.12817e-08</The_Efficiency>
    </Network_Identification_Number>
    <Network_Identification_Number ID="29">
        <Network_Created_by>141</Network_Created_by>
        <Network_Creating_Time>480.3</Network_Creating_Time>
        <Network_Time_to_live>147.014</Network_Time_to_live>
        <The_Location_of_ZOR>530.02,1523.77,0</The_Location_of_ZOR>
        <The_Shape_of_ZOR>1</The_Shape_of_ZOR>
        <The_Length_of_ZOR>1500</The_Length_of_ZOR>
        <The_Width_of_ZOR>1500</The_Width_of_ZOR>
        <The_Location_of_ZOF>530.02,1523.77,0</The_Location_of_ZOF>
        <The_Shape_of_ZOF>1</The_Shape_of_ZOF>
        <The_Length_of_ZOF>1500</The_Length_of_ZOF>
        <The_Width_of_ZOF>1500</The_Width_of_ZOF>
        <The_Number_of_Received_Message_Nodes_ZOR>273</The_Number_of_Received_Message_Nodes_ZOR>
        <The_Number_of_Received_Message_Nodes_ZOF>273</The_Number_of_Received_Message_Nodes_ZOF>
        <The_Max_Hops>10</The_Max_Hops>
        <The_Max_Delay_Time>95.6712</The_Max_Delay_Time>
        <The_Number_of_Nodes_Which_Passing_Through_ZOR>280</The_Number_of_Nodes_Which_Passing_Through_ZOR>
        <The_Number_of_Nodes_Which_Passing_Through_ZOF>280</The_Number_of_Nodes_Which_Passing_Through_ZOF>
        <The_Packet_Delivery_Ratio>0.975</The_Packet_Delivery_Ratio>
        <The_Efficiency>5.09558e-08</The_Efficiency>
    </Network_Identification_Number>
    <Network_Identification_Number ID="30">
        <Network_Created_by>132</Network_Created_by>
        <Network_Creating_Time>480.3</Network_Creating_Time>
        <Network_Time_to_live>231.502</Network_Time_to_live>
        <The_Location_of_ZOR>528.305,1948.39,0</The_Location_of_ZOR>
        <The_Shape_of_ZOR>1</The_Shape_of_ZOR>
        <The_Length_of_ZOR>1500</The_Length_of_ZOR>
        <The_Width_of_ZOR>6.5</The_Width_of_ZOR>
        <The_Location_of_ZOF>525.055,1948.39,0</The_Location_of_ZOF>
        <The_Shape_of_ZOF>1</The_Shape_of_ZOF>
        <The_Length_of_ZOF>1500</The_Length_of_ZOF>
        <The_Width_of_ZOF>13</The_Width_of_ZOF>
        <The_Number_of_Received_Message_Nodes_ZOR>54</The_Number_of_Received_Message_Nodes_ZOR>
        <The_Number_of_Received_Message_Nodes_ZOF>92</The_Number_of_Received_Message_Nodes_ZOF>
        <The_Max_Hops>9</The_Max_Hops>
        <The_Max_Delay_Time>0.254876</The_Max_Delay_Time>
        <The_Number_of_Nodes_Which_Passing_Through_ZOR>73</The_Number_of_Nodes_Which_Passing_Through_ZOR>
        <The_Number_of_Nodes_Which_Passing_Through_ZOF>93</The_Number_of_Nodes_Which_Passing_Through_ZOF>
        <The_Packet_Delivery_Ratio>0.739726</The_Packet_Delivery_Ratio>
        <The_Efficiency>2.17672e-05</The_Efficiency>
    </Network_Identification_Number>
    <Network_Identification_Number ID="31">
        <Network_Created_by>119</Network_Created_by>
        <Network_Creating_Time>480.3</Network_Creating_Time>
        <Network_Time_to_live>143.444</Network_Time_to_live>
        <The_Location_of_ZOR>1519.97,1026.23,0</The_Location_of_ZOR>
        <The_Shape_of_ZOR>1</The_Shape_of_ZOR>
        <The_Length_of_ZOR>1500</The_Length_of_ZOR>
        <The_Width_of_ZOR>1500</The_Width_of_ZOR>
        <The_Location_of_ZOF>1519.97,1026.23,0</The_Location_of_ZOF>
        <The_Shape_of_ZOF>1</The_Shape_of_ZOF>
        <The_Length_of_ZOF>1500</The_Length_of_ZOF>
        <The_Width_of_ZOF>1500</The_Width_of_ZOF>
        <The_Number_of_Received_Message_Nodes_ZOR>312</The_Number_of_Received_Message_Nodes_ZOR>
        <The_Number_of_Received_Message_Nodes_ZOF>312</The_Number_of_Received_Message_Nodes_ZOF>
        <The_Max_Hops>9</The_Max_Hops>
        <The_Max_Delay_Time>0.28572</The_Max_Delay_Time>
        <The_Number_of_Nodes_Which_Passing_Through_ZOR>322</The_Number_of_Nodes_Which_Passing_Through_ZOR>
        <The_Number_of_Nodes_Which_Passing_Through_ZOF>322</The_Number_of_Nodes_Which_Passing_Through_ZOF>
        <The_Packet_Delivery_Ratio>0.968944</The_Packet_Delivery_Ratio>
        <The_Efficiency>1.52605e-05</The_Efficiency>
    </Network_Identification_Number>
    <Network_Identification_Number ID="32">
        <Network_Created_by>95</Network_Created_by>
        <Network_Creating_Time>480.3</Network_Creating_Time>
        <Network_Time_to_live>60.01</Network_Time_to_live>
        <The_Location_of_ZOR>1528.4,1515.24,0</The_Location_of_ZOR>
        <The_Shape_of_ZOR>1</The_Shape_of_ZOR>
        <The_Length_of_ZOR>1500</The_Length_of_ZOR>
        <The_Width_of_ZOR>6.5</The_Width_of_ZOR>
        <The_Location_of_ZOF>1525.15,1515.24,0</The_Location_of_ZOF>
        <The_Shape_of_ZOF>1</The_Shape_of_ZOF>
        <The_Length_of_ZOF>1500</The_Length_of_ZOF>
        <The_Width_of_ZOF>13</The_Width_of_ZOF>
        <The_Number_of_Received_Message_Nodes_ZOR>37</The_Number_of_Received_Message_Nodes_ZOR>
        <The_Number_of_Received_Message_Nodes_ZOF>70</The_Number_of_Received_Message_Nodes_ZOF>
        <The_Max_Hops>4</The_Max_Hops>
        <The_Max_Delay_Time>1.1549</The_Max_Delay_Time>
        <The_Number_of_Nodes_Which_Passing_Through_ZOR>50</The_Number_of_Nodes_Which_Passing_Through_ZOR>
        <The_Number_of_Nodes_Which_Passing_Through_ZOF>71</The_Number_of_Nodes_Which_Passing_Through_ZOF>
        <The_Packet_Delivery_Ratio>0.74</The_Packet_Delivery_Ratio>
        <The_Efficiency>2.13582e-06</The_Efficiency>
    </Network_Identification_Number>
    <Network_Identification_Number ID="33">
        <Network_Created_by>84</Network_Created_by>
        <Network_Creating_Time>480.3</Network_Creating_Time>
        <Network_Time_to_live>144.915</Network_Time_to_live>
        <The_Location_of_ZOR>1028.3,1445.63,0</The_Location_of_ZOR>
        <The_Shape_of_ZOR>1</The_Shape_of_ZOR>
        <The_Length_of_ZOR>1500</The_Length_of_ZOR>
        <The_Width_of_ZOR>6.5</The_Width_of_ZOR>
        <The_Location_of_ZOF>1025.05,1445.63,0</The_Location_of_ZOF>
        <The_Shape_of_ZOF>1</The_Shape_of_ZOF>
        <The_Length_of_ZOF>1500</The_Length_of_ZOF>
        <The_Width_of_ZOF>13</The_Width_of_ZOF>
        <The_Number_of_Received_Message_Nodes_ZOR>50</The_Number_of_Received_Message_Nodes_ZOR>
        <The_Number_of_Received_Message_Nodes_ZOF>98</The_Number_of_Received_Message_Nodes_ZOF>
        <The_Max_Hops>8</The_Max_Hops>
        <The_Max_Delay_Time>38.7556</The_Max_Delay_Time>
        <The_Number_of_Nodes_Which_Passing_Through_ZOR>66</The_Number_of_Nodes_Which_Passing_Through_ZOR>
        <The_Number_of_Nodes_Which_Passing_Through_ZOF>99</The_Number_of_Nodes_Which_Passing_Through_ZOF>
        <The_Packet_Delivery_Ratio>0.757576</The_Packet_Delivery_Ratio>
        <The_Efficiency>1.30317e-07</The_Efficiency>
    </Network_Identification_Number>
    <Network_Identification_Number ID="34">
        <Network_Created_by>56</Network_Created_by>
        <Network_Creating_Time>480.3</Network_Creating_Time>
        <Network_Time_to_live>101.259</Network_Time_to_live>
        <The_Location_of_ZOR>528.305,1021.78,0</The_Location_of_ZOR>
        <The_Shape_of_ZOR>1</The_Shape_of_ZOR>
        <The_Length_of_ZOR>1500</The_Length_of_ZOR>
        <The_Width_of_ZOR>6.5</The_Width_of_ZOR>
        <The_Location_of_ZOF>525.055,1021.78,0</The_Location_of_ZOF>
        <The_Shape_of_ZOF>1</The_Shape_of_ZOF>
        <The_Length_of_ZOF>1500</The_Length_of_ZOF>
        <The_Width_of_ZOF>13</The_Width_of_ZOF>
        <The_Number_of_Received_Message_Nodes_ZOR>47</The_Number_of_Received_Message_Nodes_ZOR>
        <The_Number_of_Received_Message_Nodes_ZOF>88</The_Number_of_Received_Message_Nodes_ZOF>
        <The_Max_Hops>10</The_Max_Hops>
        <The_Max_Delay_Time>4.1542</The_Max_Delay_Time>
        <The_Number_of_Nodes_Which_Passing_Through_ZOR>74</The_Number_of_Nodes_Which_Passing_Through_ZOR>
        <The_Number_of_Nodes_Which_Passing_Through_ZOF>91</The_Number_of_Nodes_Which_Passing_Through_ZOF>
        <The_Packet_Delivery_Ratio>0.635135</The_Packet_Delivery_Ratio>
        <The_Efficiency>1.27408e-06</The_Efficiency>
    </Network_Identification_Number>
    <Network_Identification_Number ID="35">
        <Network_Created_by>50</Network_Created_by>
        <Network_Creating_Time>480.3</Network_Creating_Time>
        <Network_Time_to_live>193.89</Network_Time_to_live>
        <The_Location_of_ZOR>530.02,523.77,0</The_Location_of_ZOR>
        <The_Shape_of_ZOR>1</The_Shape_of_ZOR>
        <The_Length_of_ZOR>1500</The_Length_of_ZOR>
        <The_Width_of_ZOR>1500</The_Width_of_ZOR>
        <The_Location_of_ZOF>530.02,523.77,0</The_Location_of_ZOF>
        <The_Shape_of_ZOF>1</The_Shape_of_ZOF>
        <The_Length_of_ZOF>1500</The_Length_of_ZOF>
        <The_Width_of_ZOF>1500</The_Width_of_ZOF>
        <The_Number_of_Received_Message_Nodes_ZOR>301</The_Number_of_Received_Message_Nodes_ZOR>
        <The_Number_of_Received_Message_Nodes_ZOF>301</The_Number_of_Received_Message_Nodes_ZOF>
        <The_Max_Hops>10</The_Max_Hops>
        <The_Max_Delay_Time>0.55478</The_Max_Delay_Time>
        <The_Number_of_Nodes_Which_Passing_Through_ZOR>417</The_Number_of_Nodes_Which_Passing_Through_ZOR>
        <The_Number_of_Nodes_Which_Passing_Through_ZOF>417</The_Number_of_Nodes_Which_Passing_Through_ZOF>
        <The_Packet_Delivery_Ratio>0.721823</The_Packet_Delivery_Ratio>
        <The_Efficiency>6.50549e-06</The_Efficiency>
    </Network_Identification_Number>
    <Network_Identification_Number ID="36">
        <Network_Created_by>36</Network_Created_by>
        <Network_Creating_Time>480.3</Network_Creating_Time>
        <Network_Time_to_live>169.268</Network_Time_to_live>
        <The_Location_of_ZOR>543.841,1028.3,0</The_Location_of_ZOR>
        <The_Shape_of_ZOR>1</The_Shape_of_ZOR>
        <The_Length_of_ZOR>1500</The_Length_of_ZOR>
        <The_Width_of_ZOR>6.5</The_Width_of_ZOR>
        <The_Location_of_ZOF>543.841,1025.05,0</The_Location_of_ZOF>
        <The_Shape_of_ZOF>1</The_Shape_of_ZOF>
        <The_Length_of_ZOF>1500</The_Length_of_ZOF>
        <The_Width_of_ZOF>13</The_Width_of_ZOF>
        <The_Number_of_Received_Message_Nodes_ZOR>77</The_Number_of_Received_Message_Nodes_ZOR>
        <The_Number_of_Received_Message_Nodes_ZOF>128</The_Number_of_Received_Message_Nodes_ZOF>
        <The_Max_Hops>6</The_Max_Hops>
        <The_Max_Delay_Time>0.254494</The_Max_Delay_Time>
        <The_Number_of_Nodes_Which_Passing_Through_ZOR>106</The_Number_of_Nodes_Which_Passing_Through_ZOR>
        <The_Number_of_Nodes_Which_Passing_Through_ZOF>129</The_Number_of_Nodes_Which_Passing_Through_ZOF>
        <The_Packet_Delivery_Ratio>0.726415</The_Packet_Delivery_Ratio>
        <The_Efficiency>1.42718e-05</The_Efficiency>
    </Network_Identification_Number>
    <Network_Identification_Number ID="37">
        <Network_Created_by>24</Network_Created_by>
        <Network_Creating_Time>480.3</Network_Creating_Time>
        <Network_Time_to_live>141.665</Network_Time_to_live>
        <The_Location_of_ZOR>1030.02,1023.77,0</The_Location_of_ZOR>
        <The_Shape_of_ZOR>1</The_Shape_of_ZOR>
        <The_Length_of_ZOR>1500</The_Length_of_ZOR>
        <The_Width_of_ZOR>1500</The_Width_of_ZOR>
        <The_Location_of_ZOF>1030.02,1023.77,0</The_Location_of_ZOF>
        <The_Shape_of_ZOF>1</The_Shape_of_ZOF>
        <The_Length_of_ZOF>1500</The_Length_of_ZOF>
        <The_Width_of_ZOF>1500</The_Width_of_ZOF>
        <The_Number_of_Received_Message_Nodes_ZOR>468</The_Number_of_Received_Message_Nodes_ZOR>
        <The_Number_of_Received_Message_Nodes_ZOF>468</The_Number_of_Received_Message_Nodes_ZOF>
        <The_Max_Hops>11</The_Max_Hops>
        <The_Max_Delay_Time>2.46733</The_Max_Delay_Time>
        <The_Number_of_Nodes_Which_Passing_Through_ZOR>483</The_Number_of_Nodes_Which_Passing_Through_ZOR>
        <The_Number_of_Nodes_Which_Passing_Through_ZOF>483</The_Number_of_Nodes_Which_Passing_Through_ZOF>
        <The_Packet_Delivery_Ratio>0.968944</The_Packet_Delivery_Ratio>
        <The_Efficiency>2.1599e-06</The_Efficiency>
    </Network_Identification_Number>
    <Network_Identification_Number ID="38">
        <Network_Created_by>21</Network_Created_by>
        <Network_Creating_Time>480.3</Network_Creating_Time>
        <Network_Time_to_live>238.261</Network_Time_to_live>
        <The_Location_of_ZOR>525.23,1523.32,0</The_Location_of_ZOR>
        <The_Shape_of_ZOR>1</The_Shape_of_ZOR>
        <The_Length_of_ZOR>1500</The_Length_of_ZOR>
        <The_Width_of_ZOR>1500</The_Width_of_ZOR>
        <The_Location_of_ZOF>525.23,1523.32,0</The_Location_of_ZOF>
        <The_Shape_of_ZOF>1</The_Shape_of_ZOF>
        <The_Length_of_ZOF>1500</The_Length_of_ZOF>
        <The_Width_of_ZOF>1500</The_Width_of_ZOF>
        <The_Number_of_Received_Message_Nodes_ZOR>324</The_Number_of_Received_Message_Nodes_ZOR>
        <The_Number_of_Received_Message_Nodes_ZOF>324</The_Number_of_Received_Message_Nodes_ZOF>
        <The_Max_Hops>13</The_Max_Hops>
        <The_Max_Delay_Time>0.771977</The_Max_Delay_Time>
        <The_Number_of_Nodes_Which_Passing_Through_ZOR>333</The_Number_of_Nodes_Which_Passing_Through_ZOR>
        <The_Number_of_Nodes_Which_Passing_Through_ZOF>333</The_Number_of_Nodes_Which_Passing_Through_ZOF>
        <The_Packet_Delivery_Ratio>0.972973</The_Packet_Delivery_Ratio>
        <The_Efficiency>8.19238e-06</The_Efficiency>
    </Network_Identification_Number>
    <Network_Identification_Number ID="39">
        <Network_Created_by>12</Network_Created_by>
        <Network_Creating_Time>480.3</Network_Creating_Time>
        <Network_Time_to_live>64.4422</Network_Time_to_live>
        <The_Location_of_ZOR>1493.15,1021.7,0</The_Location_of_ZOR>
        <The_Shape_of_ZOR>1</The_Shape_of_ZOR>
        <The_Length_of_ZOR>1500</The_Length_of_ZOR>
        <The_Width_of_ZOR>6.5</The_Width_of_ZOR>
        <The_Location_of_ZOF>1493.15,1024.95,0</The_Location_of_ZOF>
        <The_Shape_of_ZOF>1</The_Shape_of_ZOF>
        <The_Length_of_ZOF>1500</The_Length_of_ZOF>
        <The_Width_of_ZOF>13</The_Width_of_ZOF>
        <The_Number_of_Received_Message_Nodes_ZOR>35</The_Number_of_Received_Message_Nodes_ZOR>
        <The_Number_of_Received_Message_Nodes_ZOF>61</The_Number_of_Received_Message_Nodes_ZOF>
        <The_Max_Hops>5</The_Max_Hops>
        <The_Max_Delay_Time>1.25857</The_Max_Delay_Time>
        <The_Number_of_Nodes_Which_Passing_Through_ZOR>43</The_Number_of_Nodes_Which_Passing_Through_ZOR>
        <The_Number_of_Nodes_Which_Passing_Through_ZOF>62</The_Number_of_Nodes_Which_Passing_Through_ZOF>
        <The_Packet_Delivery_Ratio>0.813953</The_Packet_Delivery_Ratio>
        <The_Efficiency>2.6947e-06</The_Efficiency>
    </Network_Identification_Number>
    <Network_Identification_Number ID="40">
        <Network_Created_by>5</Network_Created_by>
        <Network_Creating_Time>480.3</Network_Creating_Time>
        <Network_Time_to_live>185.342</Network_Time_to_live>
        <The_Location_of_ZOR>1545.88,1521.69,0</The_Location_of_ZOR>
        <The_Shape_of_ZOR>1</The_Shape_of_ZOR>
        <The_Length_of_ZOR>1500</The_Length_of_ZOR>
        <The_Width_of_ZOR>6.5</The_Width_of_ZOR>
        <The_Location_of_ZOF>1545.88,1524.94,0</The_Location_of_ZOF>
        <The_Shape_of_ZOF>1</The_Shape_of_ZOF>
        <The_Length_of_ZOF>1500</The_Length_of_ZOF>
        <The_Width_of_ZOF>13</The_Width_of_ZOF>
        <The_Number_of_Received_Message_Nodes_ZOR>84</The_Number_of_Received_Message_Nodes_ZOR>
        <The_Number_of_Received_Message_Nodes_ZOF>136</The_Number_of_Received_Message_Nodes_ZOF>
        <The_Max_Hops>11</The_Max_Hops>
        <The_Max_Delay_Time>63.1591</The_Max_Delay_Time>
        <The_Number_of_Nodes_Which_Passing_Through_ZOR>111</The_Number_of_Nodes_Which_Passing_Through_ZOR>
        <The_Number_of_Nodes_Which_Passing_Through_ZOF>137</The_Number_of_Nodes_Which_Passing_Through_ZOF>
        <The_Packet_Delivery_Ratio>0.756757</The_Packet_Delivery_Ratio>
        <The_Efficiency>1.09833e-07</The_Efficiency>
    </Network_Identification_Number>
    <Network_Identification_Number ID="41">
        <Network_Created_by>305</Network_Created_by>
        <Network_Creating_Time>480.4</Network_Creating_Time>
        <Network_Time_to_live>111.645</Network_Time_to_live>
        <The_Location_of_ZOR>1044.73,528.295,0</The_Location_of_ZOR>
        <The_Shape_of_ZOR>1</The_Shape_of_ZOR>
        <The_Length_of_ZOR>1500</The_Length_of_ZOR>
        <The_Width_of_ZOR>6.5</The_Width_of_ZOR>
        <The_Location_of_ZOF>1044.73,525.045,0</The_Location_of_ZOF>
        <The_Shape_of_ZOF>1</The_Shape_of_ZOF>
        <The_Length_of_ZOF>1500</The_Length_of_ZOF>
        <The_Width_of_ZOF>13</The_Width_of_ZOF>
        <The_Number_of_Received_Message_Nodes_ZOR>82</The_Number_of_Received_Message_Nodes_ZOR>
        <The_Number_of_Received_Message_Nodes_ZOF>159</The_Number_of_Received_Message_Nodes_ZOF>
        <The_Max_Hops>7</The_Max_Hops>
        <The_Max_Delay_Time>0.664834</The_Max_Delay_Time>
        <The_Number_of_Nodes_Which_Passing_Through_ZOR>110</The_Number_of_Nodes_Which_Passing_Through_ZOR>
        <The_Number_of_Nodes_Which_Passing_Through_ZOF>161</The_Number_of_Nodes_Which_Passing_Through_ZOF>
        <The_Packet_Delivery_Ratio>0.745455</The_Packet_Delivery_Ratio>
        <The_Efficiency>6.54071e-06</The_Efficiency>
    </Network_Identification_Number>
    <Network_Identification_Number ID="42">
        <Network_Created_by>243</Network_Created_by>
        <Network_Creating_Time>480.4</Network_Creating_Time>
        <Network_Time_to_live>83.7723</Network_Time_to_live>
        <The_Location_of_ZOR>1022.21,528.295,0</The_Location_of_ZOR>
        <The_Shape_of_ZOR>1</The_Shape_of_ZOR>
        <The_Length_of_ZOR>1500</The_Length_of_ZOR>
        <The_Width_of_ZOR>6.5</The_Width_of_ZOR>
        <The_Location_of_ZOF>1022.21,525.045,0</The_Location_of_ZOF>
        <The_Shape_of_ZOF>1</The_Shape_of_ZOF>
        <The_Length_of_ZOF>1500</The_Length_of_ZOF>
        <The_Width_of_ZOF>13</The_Width_of_ZOF>
        <The_Number_of_Received_Message_Nodes_ZOR>80</The_Number_of_Received_Message_Nodes_ZOR>
        <The_Number_of_Received_Message_Nodes_ZOF>148</The_Number_of_Received_Message_Nodes_ZOF>
        <The_Max_Hops>6</The_Max_Hops>
        <The_Max_Delay_Time>0.564063</The_Max_Delay_Time>
        <The_Number_of_Nodes_Which_Passing_Through_ZOR>99</The_Number_of_Nodes_Which_Passing_Through_ZOR>
        <The_Number_of_Nodes_Which_Passing_Through_ZOF>149</The_Number_of_Nodes_Which_Passing_Through_ZOF>
        <The_Packet_Delivery_Ratio>0.808081</The_Packet_Delivery_Ratio>
        <The_Efficiency>7.16304e-06</The_Efficiency>
    </Network_Identification_Number>
    <Network_Identification_Number ID="43">
        <Network_Created_by>367</Network_Created_by>
        <Network_Creating_Time>489.6</Network_Creating_Time>
        <Network_Time_to_live>197.759</Network_Time_to_live>
        <The_Location_of_ZOR>528.305,1081.7,0</The_Location_of_ZOR>
        <The_Shape_of_ZOR>1</The_Shape_of_ZOR>
        <The_Length_of_ZOR>1500</The_Length_of_ZOR>
        <The_Width_of_ZOR>6.5</The_Width_of_ZOR>
        <The_Location_of_ZOF>525.055,1081.7,0</The_Location_of_ZOF>
        <The_Shape_of_ZOF>1</The_Shape_of_ZOF>
        <The_Length_of_ZOF>1500</The_Length_of_ZOF>
        <The_Width_of_ZOF>13</The_Width_of_ZOF>
        <The_Number_of_Received_Message_Nodes_ZOR>76</The_Number_of_Received_Message_Nodes_ZOR>
        <The_Number_of_Received_Message_Nodes_ZOF>152</The_Number_of_Received_Message_Nodes_ZOF>
        <The_Max_Hops>11</The_Max_Hops>
        <The_Max_Delay_Time>20.366</The_Max_Delay_Time>
        <The_Number_of_Nodes_Which_Passing_Through_ZOR>127</The_Number_of_Nodes_Which_Passing_Through_ZOR>
        <The_Number_of_Nodes_Which_Passing_Through_ZOF>157</The_Number_of_Nodes_Which_Passing_Through_ZOF>
        <The_Packet_Delivery_Ratio>0.598425</The_Packet_Delivery_Ratio>
        <The_Efficiency>2.69349e-07</The_Efficiency>
    </Network_Identification_Number>
    <Network_Identification_Number ID="44">
        <Network_Created_by>261</Network_Created_by>
        <Network_Creating_Time>489.7</Network_Creating_Time>
        <Network_Time_to_live>160.017</Network_Time_to_live>
        <The_Location_of_ZOR>1054.7,521.705,0</The_Location_of_ZOR>
        <The_Shape_of_ZOR>1</The_Shape_of_ZOR>
        <The_Length_of_ZOR>1500</The_Length_of_ZOR>
        <The_Width_of_ZOR>6.5</The_Width_of_ZOR>
        <The_Location_of_ZOF>1054.7,524.955,0</The_Location_of_ZOF>
        <The_Shape_of_ZOF>1</The_Shape_of_ZOF>
        <The_Length_of_ZOF>1500</The_Length_of_ZOF>
        <The_Width_of_ZOF>13</The_Width_of_ZOF>
        <The_Number_of_Received_Message_Nodes_ZOR>87</The_Number_of_Received_Message_Nodes_ZOR>
        <The_Number_of_Received_Message_Nodes_ZOF>183</The_Number_of_Received_Message_Nodes_ZOF>
        <The_Max_Hops>8</The_Max_Hops>
        <The_Max_Delay_Time>0.0909138</The_Max_Delay_Time>
        <The_Number_of_Nodes_Which_Passing_Through_ZOR>127</The_Number_of_Nodes_Which_Passing_Through_ZOR>
        <The_Number_of_Nodes_Which_Passing_Through_ZOF>184</The_Number_of_Nodes_Which_Passing_Through_ZOF>
        <The_Packet_Delivery_Ratio>0.685039</The_Packet_Delivery_Ratio>
        <The_Efficiency>5.02336e-05</The_Efficiency>
    </Network_Identification_Number>
    <Network_Identification_Number ID="45">
        <Network_Created_by>256</Network_Created_by>
        <Network_Creating_Time>489.7</Network_Creating_Time>
        <Network_Time_to_live>233.149</Network_Time_to_live>
        <The_Location_of_ZOR>1034.68,521.705,0</The_Location_of_ZOR>
        <The_Shape_of_ZOR>1</The_Shape_of_ZOR>
        <The_Length_of_ZOR>1500</The_Length_of_ZOR>
        <The_Width_of_ZOR>6.5</The_Width_of_ZOR>
        <The_Location_of_ZOF>1034.68,524.955,0</The_Location_of_ZOF>
        <The_Shape_of_ZOF>1</The_Shape_of_ZOF>
        <The_Length_of_ZOF>1500</The_Length_of_ZOF>
        <The_Width_of_ZOF>13</The_Width_of_ZOF>
        <The_Number_of_Received_Message_Nodes_ZOR>103</The_Number_of_Received_Message_Nodes_ZOR>
        <The_Number_of_Received_Message_Nodes_ZOF>210</The_Number_of_Received_Message_Nodes_ZOF>
        <The_Max_Hops>7</The_Max_Hops>
        <The_Max_Delay_Time>1.67481</The_Max_Delay_Time>
        <The_Number_of_Nodes_Which_Passing_Through_ZOR>156</The_Number_of_Nodes_Which_Passing_Through_ZOR>
        <The_Number_of_Nodes_Which_Passing_Through_ZOF>211</The_Number_of_Nodes_Which_Passing_Through_ZOF>
        <The_Packet_Delivery_Ratio>0.660256</The_Packet_Delivery_Ratio>
        <The_Efficiency>2.29966e-06</The_Efficiency>
    </Network_Identification_Number>
    <Network_Identification_Number ID="46">
        <Network_Created_by>310</Network_Created_by>
        <Network_Creating_Time>498.6</Network_Creating_Time>
        <Network_Time_to_live>169.166</Network_Time_to_live>
        <The_Location_of_ZOR>1021.61,982.251,0</The_Location_of_ZOR>
        <The_Shape_of_ZOR>1</The_Shape_of_ZOR>
        <The_Length_of_ZOR>1500</The_Length_of_ZOR>
        <The_Width_of_ZOR>6.5</The_Width_of_ZOR>
        <The_Location_of_ZOF>1024.86,982.251,0</The_Location_of_ZOF>
        <The_Shape_of_ZOF>1</The_Shape_of_ZOF>
        <The_Length_of_ZOF>1500</The_Length_of_ZOF>
        <The_Width_of_ZOF>13</The_Width_of_ZOF>
        <The_Number_of_Received_Message_Nodes_ZOR>73</The_Number_of_Received_Message_Nodes_ZOR>
        <The_Number_of_Received_Message_Nodes_ZOF>129</The_Number_of_Received_Message_Nodes_ZOF>
        <The_Max_Hops>8</The_Max_Hops>
        <The_Max_Delay_Time>28.7639</The_Max_Delay_Time>
        <The_Number_of_Nodes_Which_Passing_Through_ZOR>112</The_Number_of_Nodes_Which_Passing_Through_ZOR>
        <The_Number_of_Nodes_Which_Passing_Through_ZOF>134</The_Number_of_Nodes_Which_Passing_Through_ZOF>
        <The_Packet_Delivery_Ratio>0.651786</The_Packet_Delivery_Ratio>
        <The_Efficiency>1.51065e-07</The_Efficiency>
    </Network_Identification_Number>
    <Network_Identification_Number ID="47">
        <Network_Created_by>239</Network_Created_by>
        <Network_Creating_Time>506</Network_Creating_Time>
        <Network_Time_to_live>218.197</Network_Time_to_live>
        <The_Location_of_ZOR>997.02,528.295,0</The_Location_of_ZOR>
        <The_Shape_of_ZOR>1</The_Shape_of_ZOR>
        <The_Length_of_ZOR>1500</The_Length_of_ZOR>
        <The_Width_of_ZOR>6.5</The_Width_of_ZOR>
        <The_Location_of_ZOF>997.02,525.045,0</The_Location_of_ZOF>
        <The_Shape_of_ZOF>1</The_Shape_of_ZOF>
        <The_Length_of_ZOF>1500</The_Length_of_ZOF>
        <The_Width_of_ZOF>13</The_Width_of_ZOF>
        <The_Number_of_Received_Message_Nodes_ZOR>112</The_Number_of_Received_Message_Nodes_ZOR>
        <The_Number_of_Received_Message_Nodes_ZOF>209</The_Number_of_Received_Message_Nodes_ZOF>
        <The_Max_Hops>9</The_Max_Hops>
        <The_Max_Delay_Time>0.0678266</The_Max_Delay_Time>
        <The_Number_of_Nodes_Which_Passing_Through_ZOR>169</The_Number_of_Nodes_Which_Passing_Through_ZOR>
        <The_Number_of_Nodes_Which_Passing_Through_ZOF>212</The_Number_of_Nodes_Which_Passing_Through_ZOF>
        <The_Packet_Delivery_Ratio>0.662722</The_Packet_Delivery_Ratio>
        <The_Efficiency>7.32812e-05</The_Efficiency>
    </Network_Identification_Number>
    <Network_Identification_Number ID="48">
        <Network_Created_by>368</Network_Created_by>
        <Network_Creating_Time>615.2</Network_Creating_Time>
        <Network_Time_to_live>180.585</Network_Time_to_live>
        <The_Location_of_ZOR>1068.43,521.595,0</The_Location_of_ZOR>
        <The_Shape_of_ZOR>1</The_Shape_of_ZOR>
        <The_Length_of_ZOR>1500</The_Length_of_ZOR>
        <The_Width_of_ZOR>6.5</The_Width_of_ZOR>
        <The_Location_of_ZOF>1068.43,524.845,0</The_Location_of_ZOF>
        <The_Shape_of_ZOF>1</The_Shape_of_ZOF>
        <The_Length_of_ZOF>1500</The_Length_of_ZOF>
        <The_Width_of_ZOF>13</The_Width_of_ZOF>
        <The_Number_of_Received_Message_Nodes_ZOR>100</The_Number_of_Received_Message_Nodes_ZOR>
        <The_Number_of_Received_Message_Nodes_ZOF>183</The_Number_of_Received_Message_Nodes_ZOF>
        <The_Max_Hops>8</The_Max_Hops>
        <The_Max_Delay_Time>20.7571</The_Max_Delay_Time>
        <The_Number_of_Nodes_Which_Passing_Through_ZOR>147</The_Number_of_Nodes_Which_Passing_Through_ZOR>
        <The_Number_of_Nodes_Which_Passing_Through_ZOF>185</The_Number_of_Nodes_Which_Passing_Through_ZOF>
        <The_Packet_Delivery_Ratio>0.680272</The_Packet_Delivery_Ratio>
        <The_Efficiency>2.18487e-07</The_Efficiency>
    </Network_Identification_Number>
    <Network_Identification_Number ID="49">
        <Network_Created_by>172</Network_Created_by>
        <Network_Creating_Time>615.3</Network_Creating_Time>
        <Network_Time_to_live>152.231</Network_Time_to_live>
        <The_Location_of_ZOR>525,531.45,0</The_Location_of_ZOR>
        <The_Shape_of_ZOR>1</The_Shape_of_ZOR>
        <The_Length_of_ZOR>1500</The_Length_of_ZOR>
        <The_Width_of_ZOR>1500</The_Width_of_ZOR>
        <The_Location_of_ZOF>525,531.45,0</The_Location_of_ZOF>
        <The_Shape_of_ZOF>1</The_Shape_of_ZOF>
        <The_Length_of_ZOF>1500</The_Length_of_ZOF>
        <The_Width_of_ZOF>1500</The_Width_of_ZOF>
        <The_Number_of_Received_Message_Nodes_ZOR>300</The_Number_of_Received_Message_Nodes_ZOR>
        <The_Number_of_Received_Message_Nodes_ZOF>300</The_Number_of_Received_Message_Nodes_ZOF>
        <The_Max_Hops>9</The_Max_Hops>
        <The_Max_Delay_Time>6.67844</The_Max_Delay_Time>
        <The_Number_of_Nodes_Which_Passing_Through_ZOR>400</The_Number_of_Nodes_Which_Passing_Through_ZOR>
        <The_Number_of_Nodes_Which_Passing_Through_ZOF>400</The_Number_of_Nodes_Which_Passing_Through_ZOF>
        <The_Packet_Delivery_Ratio>0.75</The_Packet_Delivery_Ratio>
        <The_Efficiency>5.05358e-07</The_Efficiency>
    </Network_Identification_Number>
</Protocol>
