<Protocol Name="ROVER">
    <The_Simulation_Start_at>2013-11-21,03:31:48</The_Simulation_Start_at>
    <The_Simulation_End_at>2013-11-21,23:58:26</The_Simulation_End_at>
    <Playground_X>2025</Playground_X>
    <Playground_Y>2025</Playground_Y>
    <Road_Length>452.804</Road_Length>
    <Road_Building_Density_Ratio>0.0883385</Road_Building_Density_Ratio>
    <Number_of_CrossRoads>9</Number_of_CrossRoads>
    <Number_of_Polygons>9</Number_of_Polygons>
    <Vehicle_In_City>400</Vehicle_In_City>
    <The_Range_of_Transmission>300</The_Range_of_Transmission>
    <Network_Identification_Number ID="0">
        <Network_Created_by>384</Network_Created_by>
        <Network_Creating_Time>480.3</Network_Creating_Time>
        <Network_Time_to_live>93.5625</Network_Time_to_live>
        <The_Location_of_ZOR>1519.97,526.23,0</The_Location_of_ZOR>
        <The_Shape_of_ZOR>1</The_Shape_of_ZOR>
        <The_Length_of_ZOR>500</The_Length_of_ZOR>
        <The_Width_of_ZOR>500</The_Width_of_ZOR>
        <The_Location_of_ZOF>1519.97,526.23,0</The_Location_of_ZOF>
        <The_Shape_of_ZOF>1</The_Shape_of_ZOF>
        <The_Length_of_ZOF>500</The_Length_of_ZOF>
        <The_Width_of_ZOF>500</The_Width_of_ZOF>
        <The_Number_of_Received_Message_Nodes_ZOR>66</The_Number_of_Received_Message_Nodes_ZOR>
        <The_Number_of_Received_Message_Nodes_ZOF>66</The_Number_of_Received_Message_Nodes_ZOF>
        <The_Max_Hops>5</The_Max_Hops>
        <The_Max_Delay_Time>0.554442</The_Max_Delay_Time>
        <The_Number_of_Nodes_Which_Passing_Through_ZOR>67</The_Number_of_Nodes_Which_Passing_Through_ZOR>
        <The_Number_of_Nodes_Which_Passing_Through_ZOF>67</The_Number_of_Nodes_Which_Passing_Through_ZOF>
        <The_Packet_Delivery_Ratio>0.985075</The_Packet_Delivery_Ratio>
        <The_Efficiency>3.70145e-06</The_Efficiency>
    </Network_Identification_Number>
    <Network_Identification_Number ID="1">
        <Network_Created_by>377</Network_Created_by>
        <Network_Creating_Time>480.3</Network_Creating_Time>
        <Network_Time_to_live>189.975</Network_Time_to_live>
        <The_Location_of_ZOR>-1.18606,1028.3,0</The_Location_of_ZOR>
        <The_Shape_of_ZOR>1</The_Shape_of_ZOR>
        <The_Length_of_ZOR>500</The_Length_of_ZOR>
        <The_Width_of_ZOR>6.5</The_Width_of_ZOR>
        <The_Location_of_ZOF>-1.18606,1025.05,0</The_Location_of_ZOF>
        <The_Shape_of_ZOF>1</The_Shape_of_ZOF>
        <The_Length_of_ZOF>500</The_Length_of_ZOF>
        <The_Width_of_ZOF>13</The_Width_of_ZOF>
        <The_Number_of_Received_Message_Nodes_ZOR>24</The_Number_of_Received_Message_Nodes_ZOR>
        <The_Number_of_Received_Message_Nodes_ZOF>31</The_Number_of_Received_Message_Nodes_ZOF>
        <The_Max_Hops>3</The_Max_Hops>
        <The_Max_Delay_Time>0.259664</The_Max_Delay_Time>
        <The_Number_of_Nodes_Which_Passing_Through_ZOR>28</The_Number_of_Nodes_Which_Passing_Through_ZOR>
        <The_Number_of_Nodes_Which_Passing_Through_ZOF>45</The_Number_of_Nodes_Which_Passing_Through_ZOF>
        <The_Packet_Delivery_Ratio>0.857143</The_Packet_Delivery_Ratio>
        <The_Efficiency>8.25242e-06</The_Efficiency>
    </Network_Identification_Number>
    <Network_Identification_Number ID="2">
        <Network_Created_by>373</Network_Created_by>
        <Network_Creating_Time>480.3</Network_Creating_Time>
        <Network_Time_to_live>191.48</Network_Time_to_live>
        <The_Location_of_ZOR>28.8421,1028.3,0</The_Location_of_ZOR>
        <The_Shape_of_ZOR>1</The_Shape_of_ZOR>
        <The_Length_of_ZOR>500</The_Length_of_ZOR>
        <The_Width_of_ZOR>6.5</The_Width_of_ZOR>
        <The_Location_of_ZOF>28.8421,1025.05,0</The_Location_of_ZOF>
        <The_Shape_of_ZOF>1</The_Shape_of_ZOF>
        <The_Length_of_ZOF>500</The_Length_of_ZOF>
        <The_Width_of_ZOF>13</The_Width_of_ZOF>
        <The_Number_of_Received_Message_Nodes_ZOR>14</The_Number_of_Received_Message_Nodes_ZOR>
        <The_Number_of_Received_Message_Nodes_ZOF>18</The_Number_of_Received_Message_Nodes_ZOF>
        <The_Max_Hops>3</The_Max_Hops>
        <The_Max_Delay_Time>0.274998</The_Max_Delay_Time>
        <The_Number_of_Nodes_Which_Passing_Through_ZOR>30</The_Number_of_Nodes_Which_Passing_Through_ZOR>
        <The_Number_of_Nodes_Which_Passing_Through_ZOF>47</The_Number_of_Nodes_Which_Passing_Through_ZOF>
        <The_Packet_Delivery_Ratio>0.466667</The_Packet_Delivery_Ratio>
        <The_Efficiency>4.24246e-06</The_Efficiency>
    </Network_Identification_Number>
    <Network_Identification_Number ID="3">
        <Network_Created_by>372</Network_Created_by>
        <Network_Creating_Time>480.3</Network_Creating_Time>
        <Network_Time_to_live>98.3962</Network_Time_to_live>
        <The_Location_of_ZOR>1914.33,521.705,0</The_Location_of_ZOR>
        <The_Shape_of_ZOR>1</The_Shape_of_ZOR>
        <The_Length_of_ZOR>500</The_Length_of_ZOR>
        <The_Width_of_ZOR>6.5</The_Width_of_ZOR>
        <The_Location_of_ZOF>1914.33,524.955,0</The_Location_of_ZOF>
        <The_Shape_of_ZOF>1</The_Shape_of_ZOF>
        <The_Length_of_ZOF>500</The_Length_of_ZOF>
        <The_Width_of_ZOF>13</The_Width_of_ZOF>
        <The_Number_of_Received_Message_Nodes_ZOR>7</The_Number_of_Received_Message_Nodes_ZOR>
        <The_Number_of_Received_Message_Nodes_ZOF>11</The_Number_of_Received_Message_Nodes_ZOF>
        <The_Max_Hops>2</The_Max_Hops>
        <The_Max_Delay_Time>3.55461</The_Max_Delay_Time>
        <The_Number_of_Nodes_Which_Passing_Through_ZOR>12</The_Number_of_Nodes_Which_Passing_Through_ZOR>
        <The_Number_of_Nodes_Which_Passing_Through_ZOF>19</The_Number_of_Nodes_Which_Passing_Through_ZOF>
        <The_Packet_Delivery_Ratio>0.583333</The_Packet_Delivery_Ratio>
        <The_Efficiency>2.73511e-07</The_Efficiency>
    </Network_Identification_Number>
    <Network_Identification_Number ID="4">
        <Network_Created_by>361</Network_Created_by>
        <Network_Creating_Time>480.3</Network_Creating_Time>
        <Network_Time_to_live>165.554</Network_Time_to_live>
        <The_Location_of_ZOR>1034.18,1521.69,0</The_Location_of_ZOR>
        <The_Shape_of_ZOR>1</The_Shape_of_ZOR>
        <The_Length_of_ZOR>500</The_Length_of_ZOR>
        <The_Width_of_ZOR>6.5</The_Width_of_ZOR>
        <The_Location_of_ZOF>1034.18,1524.94,0</The_Location_of_ZOF>
        <The_Shape_of_ZOF>1</The_Shape_of_ZOF>
        <The_Length_of_ZOF>500</The_Length_of_ZOF>
        <The_Width_of_ZOF>13</The_Width_of_ZOF>
        <The_Number_of_Received_Message_Nodes_ZOR>40</The_Number_of_Received_Message_Nodes_ZOR>
        <The_Number_of_Received_Message_Nodes_ZOF>68</The_Number_of_Received_Message_Nodes_ZOF>
        <The_Max_Hops>5</The_Max_Hops>
        <The_Max_Delay_Time>0.163625</The_Max_Delay_Time>
        <The_Number_of_Nodes_Which_Passing_Through_ZOR>54</The_Number_of_Nodes_Which_Passing_Through_ZOR>
        <The_Number_of_Nodes_Which_Passing_Through_ZOF>71</The_Number_of_Nodes_Which_Passing_Through_ZOF>
        <The_Packet_Delivery_Ratio>0.740741</The_Packet_Delivery_Ratio>
        <The_Efficiency>1.88627e-05</The_Efficiency>
    </Network_Identification_Number>
    <Network_Identification_Number ID="5">
        <Network_Created_by>359</Network_Created_by>
        <Network_Creating_Time>480.3</Network_Creating_Time>
        <Network_Time_to_live>109.238</Network_Time_to_live>
        <The_Location_of_ZOR>1057.74,528.295,0</The_Location_of_ZOR>
        <The_Shape_of_ZOR>1</The_Shape_of_ZOR>
        <The_Length_of_ZOR>500</The_Length_of_ZOR>
        <The_Width_of_ZOR>6.5</The_Width_of_ZOR>
        <The_Location_of_ZOF>1057.74,525.045,0</The_Location_of_ZOF>
        <The_Shape_of_ZOF>1</The_Shape_of_ZOF>
        <The_Length_of_ZOF>500</The_Length_of_ZOF>
        <The_Width_of_ZOF>13</The_Width_of_ZOF>
        <The_Number_of_Received_Message_Nodes_ZOR>30</The_Number_of_Received_Message_Nodes_ZOR>
        <The_Number_of_Received_Message_Nodes_ZOF>66</The_Number_of_Received_Message_Nodes_ZOF>
        <The_Max_Hops>9</The_Max_Hops>
        <The_Max_Delay_Time>0.90024</The_Max_Delay_Time>
        <The_Number_of_Nodes_Which_Passing_Through_ZOR>40</The_Number_of_Nodes_Which_Passing_Through_ZOR>
        <The_Number_of_Nodes_Which_Passing_Through_ZOF>66</The_Number_of_Nodes_Which_Passing_Through_ZOF>
        <The_Packet_Delivery_Ratio>0.75</The_Packet_Delivery_Ratio>
        <The_Efficiency>6.24833e-06</The_Efficiency>
    </Network_Identification_Number>
    <Network_Identification_Number ID="6">
        <Network_Created_by>355</Network_Created_by>
        <Network_Creating_Time>480.3</Network_Creating_Time>
        <Network_Time_to_live>176.241</Network_Time_to_live>
        <The_Location_of_ZOR>519.98,1026.23,0</The_Location_of_ZOR>
        <The_Shape_of_ZOR>1</The_Shape_of_ZOR>
        <The_Length_of_ZOR>500</The_Length_of_ZOR>
        <The_Width_of_ZOR>500</The_Width_of_ZOR>
        <The_Location_of_ZOF>519.98,1026.23,0</The_Location_of_ZOF>
        <The_Shape_of_ZOF>1</The_Shape_of_ZOF>
        <The_Length_of_ZOF>500</The_Length_of_ZOF>
        <The_Width_of_ZOF>500</The_Width_of_ZOF>
        <The_Number_of_Received_Message_Nodes_ZOR>85</The_Number_of_Received_Message_Nodes_ZOR>
        <The_Number_of_Received_Message_Nodes_ZOF>85</The_Number_of_Received_Message_Nodes_ZOF>
        <The_Max_Hops>5</The_Max_Hops>
        <The_Max_Delay_Time>91.9544</The_Max_Delay_Time>
        <The_Number_of_Nodes_Which_Passing_Through_ZOR>86</The_Number_of_Nodes_Which_Passing_Through_ZOR>
        <The_Number_of_Nodes_Which_Passing_Through_ZOF>86</The_Number_of_Nodes_Which_Passing_Through_ZOF>
        <The_Packet_Delivery_Ratio>0.988372</The_Packet_Delivery_Ratio>
        <The_Efficiency>2.23927e-08</The_Efficiency>
    </Network_Identification_Number>
    <Network_Identification_Number ID="7">
        <Network_Created_by>335</Network_Created_by>
        <Network_Creating_Time>480.3</Network_Creating_Time>
        <Network_Time_to_live>237.179</Network_Time_to_live>
        <The_Location_of_ZOR>1019.98,1526.23,0</The_Location_of_ZOR>
        <The_Shape_of_ZOR>1</The_Shape_of_ZOR>
        <The_Length_of_ZOR>500</The_Length_of_ZOR>
        <The_Width_of_ZOR>500</The_Width_of_ZOR>
        <The_Location_of_ZOF>1019.98,1526.23,0</The_Location_of_ZOF>
        <The_Shape_of_ZOF>1</The_Shape_of_ZOF>
        <The_Length_of_ZOF>500</The_Length_of_ZOF>
        <The_Width_of_ZOF>500</The_Width_of_ZOF>
        <The_Number_of_Received_Message_Nodes_ZOR>124</The_Number_of_Received_Message_Nodes_ZOR>
        <The_Number_of_Received_Message_Nodes_ZOF>124</The_Number_of_Received_Message_Nodes_ZOF>
        <The_Max_Hops>7</The_Max_Hops>
        <The_Max_Delay_Time>179.856</The_Max_Delay_Time>
        <The_Number_of_Nodes_Which_Passing_Through_ZOR>126</The_Number_of_Nodes_Which_Passing_Through_ZOR>
        <The_Number_of_Nodes_Which_Passing_Through_ZOF>126</The_Number_of_Nodes_Which_Passing_Through_ZOF>
        <The_Packet_Delivery_Ratio>0.984127</The_Packet_Delivery_Ratio>
        <The_Efficiency>1.59592e-08</The_Efficiency>
    </Network_Identification_Number>
    <Network_Identification_Number ID="8">
        <Network_Created_by>330</Network_Created_by>
        <Network_Creating_Time>480.3</Network_Creating_Time>
        <Network_Time_to_live>233.083</Network_Time_to_live>
        <The_Location_of_ZOR>508.664,528.295,0</The_Location_of_ZOR>
        <The_Shape_of_ZOR>1</The_Shape_of_ZOR>
        <The_Length_of_ZOR>500</The_Length_of_ZOR>
        <The_Width_of_ZOR>6.5</The_Width_of_ZOR>
        <The_Location_of_ZOF>508.664,525.045,0</The_Location_of_ZOF>
        <The_Shape_of_ZOF>1</The_Shape_of_ZOF>
        <The_Length_of_ZOF>500</The_Length_of_ZOF>
        <The_Width_of_ZOF>13</The_Width_of_ZOF>
        <The_Number_of_Received_Message_Nodes_ZOR>59</The_Number_of_Received_Message_Nodes_ZOR>
        <The_Number_of_Received_Message_Nodes_ZOF>103</The_Number_of_Received_Message_Nodes_ZOF>
        <The_Max_Hops>9</The_Max_Hops>
        <The_Max_Delay_Time>0.454345</The_Max_Delay_Time>
        <The_Number_of_Nodes_Which_Passing_Through_ZOR>81</The_Number_of_Nodes_Which_Passing_Through_ZOR>
        <The_Number_of_Nodes_Which_Passing_Through_ZOF>109</The_Number_of_Nodes_Which_Passing_Through_ZOF>
        <The_Packet_Delivery_Ratio>0.728395</The_Packet_Delivery_Ratio>
        <The_Efficiency>1.20238e-05</The_Efficiency>
    </Network_Identification_Number>
    <Network_Identification_Number ID="9">
        <Network_Created_by>324</Network_Created_by>
        <Network_Creating_Time>480.3</Network_Creating_Time>
        <Network_Time_to_live>191.705</Network_Time_to_live>
        <The_Location_of_ZOR>1025.24,1023.33,0</The_Location_of_ZOR>
        <The_Shape_of_ZOR>1</The_Shape_of_ZOR>
        <The_Length_of_ZOR>500</The_Length_of_ZOR>
        <The_Width_of_ZOR>500</The_Width_of_ZOR>
        <The_Location_of_ZOF>1025.24,1023.33,0</The_Location_of_ZOF>
        <The_Shape_of_ZOF>1</The_Shape_of_ZOF>
        <The_Length_of_ZOF>500</The_Length_of_ZOF>
        <The_Width_of_ZOF>500</The_Width_of_ZOF>
        <The_Number_of_Received_Message_Nodes_ZOR>76</The_Number_of_Received_Message_Nodes_ZOR>
        <The_Number_of_Received_Message_Nodes_ZOF>76</The_Number_of_Received_Message_Nodes_ZOF>
        <The_Max_Hops>5</The_Max_Hops>
        <The_Max_Delay_Time>2.48052</The_Max_Delay_Time>
        <The_Number_of_Nodes_Which_Passing_Through_ZOR>78</The_Number_of_Nodes_Which_Passing_Through_ZOR>
        <The_Number_of_Nodes_Which_Passing_Through_ZOF>78</The_Number_of_Nodes_Which_Passing_Through_ZOF>
        <The_Packet_Delivery_Ratio>0.974359</The_Packet_Delivery_Ratio>
        <The_Efficiency>8.18343e-07</The_Efficiency>
    </Network_Identification_Number>
    <Network_Identification_Number ID="10">
        <Network_Created_by>320</Network_Created_by>
        <Network_Creating_Time>480.3</Network_Creating_Time>
        <Network_Time_to_live>215.494</Network_Time_to_live>
        <The_Location_of_ZOR>1028.3,1912.34,0</The_Location_of_ZOR>
        <The_Shape_of_ZOR>1</The_Shape_of_ZOR>
        <The_Length_of_ZOR>500</The_Length_of_ZOR>
        <The_Width_of_ZOR>6.5</The_Width_of_ZOR>
        <The_Location_of_ZOF>1025.05,1912.34,0</The_Location_of_ZOF>
        <The_Shape_of_ZOF>1</The_Shape_of_ZOF>
        <The_Length_of_ZOF>500</The_Length_of_ZOF>
        <The_Width_of_ZOF>13</The_Width_of_ZOF>
        <The_Number_of_Received_Message_Nodes_ZOR>6</The_Number_of_Received_Message_Nodes_ZOR>
        <The_Number_of_Received_Message_Nodes_ZOF>15</The_Number_of_Received_Message_Nodes_ZOF>
        <The_Max_Hops>4</The_Max_Hops>
        <The_Max_Delay_Time>0.473049</The_Max_Delay_Time>
        <The_Number_of_Nodes_Which_Passing_Through_ZOR>22</The_Number_of_Nodes_Which_Passing_Through_ZOR>
        <The_Number_of_Nodes_Which_Passing_Through_ZOF>43</The_Number_of_Nodes_Which_Passing_Through_ZOF>
        <The_Packet_Delivery_Ratio>0.272727</The_Packet_Delivery_Ratio>
        <The_Efficiency>1.92177e-06</The_Efficiency>
    </Network_Identification_Number>
    <Network_Identification_Number ID="11">
        <Network_Created_by>319</Network_Created_by>
        <Network_Creating_Time>480.3</Network_Creating_Time>
        <Network_Time_to_live>75.016</Network_Time_to_live>
        <The_Location_of_ZOR>518.673,528.295,0</The_Location_of_ZOR>
        <The_Shape_of_ZOR>1</The_Shape_of_ZOR>
        <The_Length_of_ZOR>500</The_Length_of_ZOR>
        <The_Width_of_ZOR>6.5</The_Width_of_ZOR>
        <The_Location_of_ZOF>518.673,525.045,0</The_Location_of_ZOF>
        <The_Shape_of_ZOF>1</The_Shape_of_ZOF>
        <The_Length_of_ZOF>500</The_Length_of_ZOF>
        <The_Width_of_ZOF>13</The_Width_of_ZOF>
        <The_Number_of_Received_Message_Nodes_ZOR>36</The_Number_of_Received_Message_Nodes_ZOR>
        <The_Number_of_Received_Message_Nodes_ZOF>54</The_Number_of_Received_Message_Nodes_ZOF>
        <The_Max_Hops>6</The_Max_Hops>
        <The_Max_Delay_Time>0.45473</The_Max_Delay_Time>
        <The_Number_of_Nodes_Which_Passing_Through_ZOR>44</The_Number_of_Nodes_Which_Passing_Through_ZOR>
        <The_Number_of_Nodes_Which_Passing_Through_ZOF>59</The_Number_of_Nodes_Which_Passing_Through_ZOF>
        <The_Packet_Delivery_Ratio>0.818182</The_Packet_Delivery_Ratio>
        <The_Efficiency>8.99635e-06</The_Efficiency>
    </Network_Identification_Number>
    <Network_Identification_Number ID="12">
        <Network_Created_by>285</Network_Created_by>
        <Network_Creating_Time>480.3</Network_Creating_Time>
        <Network_Time_to_live>147.85</Network_Time_to_live>
        <The_Location_of_ZOR>1028.39,758.283,0</The_Location_of_ZOR>
        <The_Shape_of_ZOR>1</The_Shape_of_ZOR>
        <The_Length_of_ZOR>500</The_Length_of_ZOR>
        <The_Width_of_ZOR>6.5</The_Width_of_ZOR>
        <The_Location_of_ZOF>1025.14,758.283,0</The_Location_of_ZOF>
        <The_Shape_of_ZOF>1</The_Shape_of_ZOF>
        <The_Length_of_ZOF>500</The_Length_of_ZOF>
        <The_Width_of_ZOF>13</The_Width_of_ZOF>
        <The_Number_of_Received_Message_Nodes_ZOR>30</The_Number_of_Received_Message_Nodes_ZOR>
        <The_Number_of_Received_Message_Nodes_ZOF>60</The_Number_of_Received_Message_Nodes_ZOF>
        <The_Max_Hops>10</The_Max_Hops>
        <The_Max_Delay_Time>16.8671</The_Max_Delay_Time>
        <The_Number_of_Nodes_Which_Passing_Through_ZOR>43</The_Number_of_Nodes_Which_Passing_Through_ZOR>
        <The_Number_of_Nodes_Which_Passing_Through_ZOF>64</The_Number_of_Nodes_Which_Passing_Through_ZOF>
        <The_Packet_Delivery_Ratio>0.697674</The_Packet_Delivery_Ratio>
        <The_Efficiency>3.44692e-07</The_Efficiency>
    </Network_Identification_Number>
    <Network_Identification_Number ID="13">
        <Network_Created_by>280</Network_Created_by>
        <Network_Creating_Time>480.3</Network_Creating_Time>
        <Network_Time_to_live>96.8758</Network_Time_to_live>
        <The_Location_of_ZOR>1028.3,1005.31,0</The_Location_of_ZOR>
        <The_Shape_of_ZOR>1</The_Shape_of_ZOR>
        <The_Length_of_ZOR>500</The_Length_of_ZOR>
        <The_Width_of_ZOR>6.5</The_Width_of_ZOR>
        <The_Location_of_ZOF>1025.05,1005.31,0</The_Location_of_ZOF>
        <The_Shape_of_ZOF>1</The_Shape_of_ZOF>
        <The_Length_of_ZOF>500</The_Length_of_ZOF>
        <The_Width_of_ZOF>13</The_Width_of_ZOF>
        <The_Number_of_Received_Message_Nodes_ZOR>13</The_Number_of_Received_Message_Nodes_ZOR>
        <The_Number_of_Received_Message_Nodes_ZOF>33</The_Number_of_Received_Message_Nodes_ZOF>
        <The_Max_Hops>6</The_Max_Hops>
        <The_Max_Delay_Time>0.474062</The_Max_Delay_Time>
        <The_Number_of_Nodes_Which_Passing_Through_ZOR>19</The_Number_of_Nodes_Which_Passing_Through_ZOR>
        <The_Number_of_Nodes_Which_Passing_Through_ZOF>34</The_Number_of_Nodes_Which_Passing_Through_ZOF>
        <The_Packet_Delivery_Ratio>0.684211</The_Packet_Delivery_Ratio>
        <The_Efficiency>7.21646e-06</The_Efficiency>
    </Network_Identification_Number>
    <Network_Identification_Number ID="14">
        <Network_Created_by>272</Network_Created_by>
        <Network_Creating_Time>480.3</Network_Creating_Time>
        <Network_Time_to_live>78.0529</Network_Time_to_live>
        <The_Location_of_ZOR>1075.72,1521.69,0</The_Location_of_ZOR>
        <The_Shape_of_ZOR>1</The_Shape_of_ZOR>
        <The_Length_of_ZOR>500</The_Length_of_ZOR>
        <The_Width_of_ZOR>6.5</The_Width_of_ZOR>
        <The_Location_of_ZOF>1075.72,1524.94,0</The_Location_of_ZOF>
        <The_Shape_of_ZOF>1</The_Shape_of_ZOF>
        <The_Length_of_ZOF>500</The_Length_of_ZOF>
        <The_Width_of_ZOF>13</The_Width_of_ZOF>
        <The_Number_of_Received_Message_Nodes_ZOR>25</The_Number_of_Received_Message_Nodes_ZOR>
        <The_Number_of_Received_Message_Nodes_ZOF>43</The_Number_of_Received_Message_Nodes_ZOF>
        <The_Max_Hops>4</The_Max_Hops>
        <The_Max_Delay_Time>0.289351</The_Max_Delay_Time>
        <The_Number_of_Nodes_Which_Passing_Through_ZOR>29</The_Number_of_Nodes_Which_Passing_Through_ZOR>
        <The_Number_of_Nodes_Which_Passing_Through_ZOF>44</The_Number_of_Nodes_Which_Passing_Through_ZOF>
        <The_Packet_Delivery_Ratio>0.862069</The_Packet_Delivery_Ratio>
        <The_Efficiency>9.93106e-06</The_Efficiency>
    </Network_Identification_Number>
    <Network_Identification_Number ID="15">
        <Network_Created_by>268</Network_Created_by>
        <Network_Creating_Time>480.3</Network_Creating_Time>
        <Network_Time_to_live>161.776</Network_Time_to_live>
        <The_Location_of_ZOR>1019.98,1026.23,0</The_Location_of_ZOR>
        <The_Shape_of_ZOR>1</The_Shape_of_ZOR>
        <The_Length_of_ZOR>500</The_Length_of_ZOR>
        <The_Width_of_ZOR>500</The_Width_of_ZOR>
        <The_Location_of_ZOF>1019.98,1026.23,0</The_Location_of_ZOF>
        <The_Shape_of_ZOF>1</The_Shape_of_ZOF>
        <The_Length_of_ZOF>500</The_Length_of_ZOF>
        <The_Width_of_ZOF>500</The_Width_of_ZOF>
        <The_Number_of_Received_Message_Nodes_ZOR>67</The_Number_of_Received_Message_Nodes_ZOR>
        <The_Number_of_Received_Message_Nodes_ZOF>67</The_Number_of_Received_Message_Nodes_ZOF>
        <The_Max_Hops>7</The_Max_Hops>
        <The_Max_Delay_Time>0.255221</The_Max_Delay_Time>
        <The_Number_of_Nodes_Which_Passing_Through_ZOR>68</The_Number_of_Nodes_Which_Passing_Through_ZOR>
        <The_Number_of_Nodes_Which_Passing_Through_ZOF>68</The_Number_of_Nodes_Which_Passing_Through_ZOF>
        <The_Packet_Delivery_Ratio>0.985294</The_Packet_Delivery_Ratio>
        <The_Efficiency>1.12599e-05</The_Efficiency>
    </Network_Identification_Number>
    <Network_Identification_Number ID="16">
        <Network_Created_by>250</Network_Created_by>
        <Network_Creating_Time>480.3</Network_Creating_Time>
        <Network_Time_to_live>230.527</Network_Time_to_live>
        <The_Location_of_ZOR>475.739,1528.31,0</The_Location_of_ZOR>
        <The_Shape_of_ZOR>1</The_Shape_of_ZOR>
        <The_Length_of_ZOR>500</The_Length_of_ZOR>
        <The_Width_of_ZOR>6.5</The_Width_of_ZOR>
        <The_Location_of_ZOF>475.739,1525.06,0</The_Location_of_ZOF>
        <The_Shape_of_ZOF>1</The_Shape_of_ZOF>
        <The_Length_of_ZOF>500</The_Length_of_ZOF>
        <The_Width_of_ZOF>13</The_Width_of_ZOF>
        <The_Number_of_Received_Message_Nodes_ZOR>46</The_Number_of_Received_Message_Nodes_ZOR>
        <The_Number_of_Received_Message_Nodes_ZOF>84</The_Number_of_Received_Message_Nodes_ZOF>
        <The_Max_Hops>6</The_Max_Hops>
        <The_Max_Delay_Time>0.756062</The_Max_Delay_Time>
        <The_Number_of_Nodes_Which_Passing_Through_ZOR>67</The_Number_of_Nodes_Which_Passing_Through_ZOR>
        <The_Number_of_Nodes_Which_Passing_Through_ZOF>94</The_Number_of_Nodes_Which_Passing_Through_ZOF>
        <The_Packet_Delivery_Ratio>0.686567</The_Packet_Delivery_Ratio>
        <The_Efficiency>4.54042e-06</The_Efficiency>
    </Network_Identification_Number>
    <Network_Identification_Number ID="17">
        <Network_Created_by>241</Network_Created_by>
        <Network_Creating_Time>480.3</Network_Creating_Time>
        <Network_Time_to_live>76.6673</Network_Time_to_live>
        <The_Location_of_ZOR>1008.66,1521.69,0</The_Location_of_ZOR>
        <The_Shape_of_ZOR>1</The_Shape_of_ZOR>
        <The_Length_of_ZOR>500</The_Length_of_ZOR>
        <The_Width_of_ZOR>6.5</The_Width_of_ZOR>
        <The_Location_of_ZOF>1008.66,1524.94,0</The_Location_of_ZOF>
        <The_Shape_of_ZOF>1</The_Shape_of_ZOF>
        <The_Length_of_ZOF>500</The_Length_of_ZOF>
        <The_Width_of_ZOF>13</The_Width_of_ZOF>
        <The_Number_of_Received_Message_Nodes_ZOR>28</The_Number_of_Received_Message_Nodes_ZOR>
        <The_Number_of_Received_Message_Nodes_ZOF>45</The_Number_of_Received_Message_Nodes_ZOF>
        <The_Max_Hops>4</The_Max_Hops>
        <The_Max_Delay_Time>0.254635</The_Max_Delay_Time>
        <The_Number_of_Nodes_Which_Passing_Through_ZOR>31</The_Number_of_Nodes_Which_Passing_Through_ZOR>
        <The_Number_of_Nodes_Which_Passing_Through_ZOF>45</The_Number_of_Nodes_Which_Passing_Through_ZOF>
        <The_Packet_Delivery_Ratio>0.903226</The_Packet_Delivery_Ratio>
        <The_Efficiency>1.18238e-05</The_Efficiency>
    </Network_Identification_Number>
    <Network_Identification_Number ID="18">
        <Network_Created_by>238</Network_Created_by>
        <Network_Creating_Time>480.3</Network_Creating_Time>
        <Network_Time_to_live>209.589</Network_Time_to_live>
        <The_Location_of_ZOR>1032.22,528.295,0</The_Location_of_ZOR>
        <The_Shape_of_ZOR>1</The_Shape_of_ZOR>
        <The_Length_of_ZOR>500</The_Length_of_ZOR>
        <The_Width_of_ZOR>6.5</The_Width_of_ZOR>
        <The_Location_of_ZOF>1032.22,525.045,0</The_Location_of_ZOF>
        <The_Shape_of_ZOF>1</The_Shape_of_ZOF>
        <The_Length_of_ZOF>500</The_Length_of_ZOF>
        <The_Width_of_ZOF>13</The_Width_of_ZOF>
        <The_Number_of_Received_Message_Nodes_ZOR>50</The_Number_of_Received_Message_Nodes_ZOR>
        <The_Number_of_Received_Message_Nodes_ZOF>100</The_Number_of_Received_Message_Nodes_ZOF>
        <The_Max_Hops>15</The_Max_Hops>
        <The_Max_Delay_Time>0.867312</The_Max_Delay_Time>
        <The_Number_of_Nodes_Which_Passing_Through_ZOR>70</The_Number_of_Nodes_Which_Passing_Through_ZOR>
        <The_Number_of_Nodes_Which_Passing_Through_ZOF>100</The_Number_of_Nodes_Which_Passing_Through_ZOF>
        <The_Packet_Delivery_Ratio>0.714286</The_Packet_Delivery_Ratio>
        <The_Efficiency>1.02945e-05</The_Efficiency>
    </Network_Identification_Number>
    <Network_Identification_Number ID="19">
        <Network_Created_by>234</Network_Created_by>
        <Network_Creating_Time>480.3</Network_Creating_Time>
        <Network_Time_to_live>181.473</Network_Time_to_live>
        <The_Location_of_ZOR>1028.3,992.299,0</The_Location_of_ZOR>
        <The_Shape_of_ZOR>1</The_Shape_of_ZOR>
        <The_Length_of_ZOR>500</The_Length_of_ZOR>
        <The_Width_of_ZOR>6.5</The_Width_of_ZOR>
        <The_Location_of_ZOF>1025.05,992.299,0</The_Location_of_ZOF>
        <The_Shape_of_ZOF>1</The_Shape_of_ZOF>
        <The_Length_of_ZOF>500</The_Length_of_ZOF>
        <The_Width_of_ZOF>13</The_Width_of_ZOF>
        <The_Number_of_Received_Message_Nodes_ZOR>26</The_Number_of_Received_Message_Nodes_ZOR>
        <The_Number_of_Received_Message_Nodes_ZOF>57</The_Number_of_Received_Message_Nodes_ZOF>
        <The_Max_Hops>7</The_Max_Hops>
        <The_Max_Delay_Time>1.6573</The_Max_Delay_Time>
        <The_Number_of_Nodes_Which_Passing_Through_ZOR>39</The_Number_of_Nodes_Which_Passing_Through_ZOR>
        <The_Number_of_Nodes_Which_Passing_Through_ZOF>59</The_Number_of_Nodes_Which_Passing_Through_ZOF>
        <The_Packet_Delivery_Ratio>0.666667</The_Packet_Delivery_Ratio>
        <The_Efficiency>2.34651e-06</The_Efficiency>
    </Network_Identification_Number>
    <Network_Identification_Number ID="20">
        <Network_Created_by>228</Network_Created_by>
        <Network_Creating_Time>480.3</Network_Creating_Time>
        <Network_Time_to_live>186.805</Network_Time_to_live>
        <The_Location_of_ZOR>995.649,1521.69,0</The_Location_of_ZOR>
        <The_Shape_of_ZOR>1</The_Shape_of_ZOR>
        <The_Length_of_ZOR>500</The_Length_of_ZOR>
        <The_Width_of_ZOR>6.5</The_Width_of_ZOR>
        <The_Location_of_ZOF>995.649,1524.94,0</The_Location_of_ZOF>
        <The_Shape_of_ZOF>1</The_Shape_of_ZOF>
        <The_Length_of_ZOF>500</The_Length_of_ZOF>
        <The_Width_of_ZOF>13</The_Width_of_ZOF>
        <The_Number_of_Received_Message_Nodes_ZOR>49</The_Number_of_Received_Message_Nodes_ZOR>
        <The_Number_of_Received_Message_Nodes_ZOF>82</The_Number_of_Received_Message_Nodes_ZOF>
        <The_Max_Hops>7</The_Max_Hops>
        <The_Max_Delay_Time>0.166168</The_Max_Delay_Time>
        <The_Number_of_Nodes_Which_Passing_Through_ZOR>65</The_Number_of_Nodes_Which_Passing_Through_ZOR>
        <The_Number_of_Nodes_Which_Passing_Through_ZOF>88</The_Number_of_Nodes_Which_Passing_Through_ZOF>
        <The_Packet_Delivery_Ratio>0.753846</The_Packet_Delivery_Ratio>
        <The_Efficiency>2.64637e-05</The_Efficiency>
    </Network_Identification_Number>
    <Network_Identification_Number ID="21">
        <Network_Created_by>222</Network_Created_by>
        <Network_Creating_Time>480.3</Network_Creating_Time>
        <Network_Time_to_live>219.361</Network_Time_to_live>
        <The_Location_of_ZOR>1028.3,1949.97,0</The_Location_of_ZOR>
        <The_Shape_of_ZOR>1</The_Shape_of_ZOR>
        <The_Length_of_ZOR>500</The_Length_of_ZOR>
        <The_Width_of_ZOR>6.5</The_Width_of_ZOR>
        <The_Location_of_ZOF>1025.05,1949.97,0</The_Location_of_ZOF>
        <The_Shape_of_ZOF>1</The_Shape_of_ZOF>
        <The_Length_of_ZOF>500</The_Length_of_ZOF>
        <The_Width_of_ZOF>13</The_Width_of_ZOF>
        <The_Number_of_Received_Message_Nodes_ZOR>6</The_Number_of_Received_Message_Nodes_ZOR>
        <The_Number_of_Received_Message_Nodes_ZOF>15</The_Number_of_Received_Message_Nodes_ZOF>
        <The_Max_Hops>3</The_Max_Hops>
        <The_Max_Delay_Time>1.15435</The_Max_Delay_Time>
        <The_Number_of_Nodes_Which_Passing_Through_ZOR>22</The_Number_of_Nodes_Which_Passing_Through_ZOR>
        <The_Number_of_Nodes_Which_Passing_Through_ZOF>43</The_Number_of_Nodes_Which_Passing_Through_ZOF>
        <The_Packet_Delivery_Ratio>0.272727</The_Packet_Delivery_Ratio>
        <The_Efficiency>5.90652e-07</The_Efficiency>
    </Network_Identification_Number>
    <Network_Identification_Number ID="22">
        <Network_Created_by>220</Network_Created_by>
        <Network_Creating_Time>480.3</Network_Creating_Time>
        <Network_Time_to_live>142.083</Network_Time_to_live>
        <The_Location_of_ZOR>1025.24,523.33,0</The_Location_of_ZOR>
        <The_Shape_of_ZOR>1</The_Shape_of_ZOR>
        <The_Length_of_ZOR>500</The_Length_of_ZOR>
        <The_Width_of_ZOR>500</The_Width_of_ZOR>
        <The_Location_of_ZOF>1025.24,523.33,0</The_Location_of_ZOF>
        <The_Shape_of_ZOF>1</The_Shape_of_ZOF>
        <The_Length_of_ZOF>500</The_Length_of_ZOF>
        <The_Width_of_ZOF>500</The_Width_of_ZOF>
        <The_Number_of_Received_Message_Nodes_ZOR>97</The_Number_of_Received_Message_Nodes_ZOR>
        <The_Number_of_Received_Message_Nodes_ZOF>97</The_Number_of_Received_Message_Nodes_ZOF>
        <The_Max_Hops>8</The_Max_Hops>
        <The_Max_Delay_Time>0.254617</The_Max_Delay_Time>
        <The_Number_of_Nodes_Which_Passing_Through_ZOR>98</The_Number_of_Nodes_Which_Passing_Through_ZOR>
        <The_Number_of_Nodes_Which_Passing_Through_ZOF>98</The_Number_of_Nodes_Which_Passing_Through_ZOF>
        <The_Packet_Delivery_Ratio>0.989796</The_Packet_Delivery_Ratio>
        <The_Efficiency>1.2958e-05</The_Efficiency>
    </Network_Identification_Number>
    <Network_Identification_Number ID="23">
        <Network_Created_by>201</Network_Created_by>
        <Network_Creating_Time>480.3</Network_Creating_Time>
        <Network_Time_to_live>117.603</Network_Time_to_live>
        <The_Location_of_ZOR>1025.24,1523.32,0</The_Location_of_ZOR>
        <The_Shape_of_ZOR>1</The_Shape_of_ZOR>
        <The_Length_of_ZOR>500</The_Length_of_ZOR>
        <The_Width_of_ZOR>500</The_Width_of_ZOR>
        <The_Location_of_ZOF>1025.24,1523.32,0</The_Location_of_ZOF>
        <The_Shape_of_ZOF>1</The_Shape_of_ZOF>
        <The_Length_of_ZOF>500</The_Length_of_ZOF>
        <The_Width_of_ZOF>500</The_Width_of_ZOF>
        <The_Number_of_Received_Message_Nodes_ZOR>75</The_Number_of_Received_Message_Nodes_ZOR>
        <The_Number_of_Received_Message_Nodes_ZOF>75</The_Number_of_Received_Message_Nodes_ZOF>
        <The_Max_Hops>4</The_Max_Hops>
        <The_Max_Delay_Time>91.3594</The_Max_Delay_Time>
        <The_Number_of_Nodes_Which_Passing_Through_ZOR>78</The_Number_of_Nodes_Which_Passing_Through_ZOR>
        <The_Number_of_Nodes_Which_Passing_Through_ZOF>78</The_Number_of_Nodes_Which_Passing_Through_ZOF>
        <The_Packet_Delivery_Ratio>0.961538</The_Packet_Delivery_Ratio>
        <The_Efficiency>1.75413e-08</The_Efficiency>
    </Network_Identification_Number>
    <Network_Identification_Number ID="24">
        <Network_Created_by>197</Network_Created_by>
        <Network_Creating_Time>480.3</Network_Creating_Time>
        <Network_Time_to_live>97.3446</Network_Time_to_live>
        <The_Location_of_ZOR>528.305,1925.99,0</The_Location_of_ZOR>
        <The_Shape_of_ZOR>1</The_Shape_of_ZOR>
        <The_Length_of_ZOR>500</The_Length_of_ZOR>
        <The_Width_of_ZOR>6.5</The_Width_of_ZOR>
        <The_Location_of_ZOF>525.055,1925.99,0</The_Location_of_ZOF>
        <The_Shape_of_ZOF>1</The_Shape_of_ZOF>
        <The_Length_of_ZOF>500</The_Length_of_ZOF>
        <The_Width_of_ZOF>13</The_Width_of_ZOF>
        <The_Number_of_Received_Message_Nodes_ZOR>11</The_Number_of_Received_Message_Nodes_ZOR>
        <The_Number_of_Received_Message_Nodes_ZOF>21</The_Number_of_Received_Message_Nodes_ZOF>
        <The_Max_Hops>3</The_Max_Hops>
        <The_Max_Delay_Time>0.181506</The_Max_Delay_Time>
        <The_Number_of_Nodes_Which_Passing_Through_ZOR>14</The_Number_of_Nodes_Which_Passing_Through_ZOR>
        <The_Number_of_Nodes_Which_Passing_Through_ZOF>26</The_Number_of_Nodes_Which_Passing_Through_ZOF>
        <The_Packet_Delivery_Ratio>0.785714</The_Packet_Delivery_Ratio>
        <The_Efficiency>1.08222e-05</The_Efficiency>
    </Network_Identification_Number>
    <Network_Identification_Number ID="25">
        <Network_Created_by>193</Network_Created_by>
        <Network_Creating_Time>480.3</Network_Creating_Time>
        <Network_Time_to_live>235.949</Network_Time_to_live>
        <The_Location_of_ZOR>1528.4,1537.7,0</The_Location_of_ZOR>
        <The_Shape_of_ZOR>1</The_Shape_of_ZOR>
        <The_Length_of_ZOR>500</The_Length_of_ZOR>
        <The_Width_of_ZOR>6.5</The_Width_of_ZOR>
        <The_Location_of_ZOF>1525.15,1537.7,0</The_Location_of_ZOF>
        <The_Shape_of_ZOF>1</The_Shape_of_ZOF>
        <The_Length_of_ZOF>500</The_Length_of_ZOF>
        <The_Width_of_ZOF>13</The_Width_of_ZOF>
        <The_Number_of_Received_Message_Nodes_ZOR>42</The_Number_of_Received_Message_Nodes_ZOR>
        <The_Number_of_Received_Message_Nodes_ZOF>80</The_Number_of_Received_Message_Nodes_ZOF>
        <The_Max_Hops>9</The_Max_Hops>
        <The_Max_Delay_Time>0.455571</The_Max_Delay_Time>
        <The_Number_of_Nodes_Which_Passing_Through_ZOR>72</The_Number_of_Nodes_Which_Passing_Through_ZOR>
        <The_Number_of_Nodes_Which_Passing_Through_ZOF>94</The_Number_of_Nodes_Which_Passing_Through_ZOF>
        <The_Packet_Delivery_Ratio>0.583333</The_Packet_Delivery_Ratio>
        <The_Efficiency>9.60334e-06</The_Efficiency>
    </Network_Identification_Number>
    <Network_Identification_Number ID="26">
        <Network_Created_by>175</Network_Created_by>
        <Network_Creating_Time>480.3</Network_Creating_Time>
        <Network_Time_to_live>171.178</Network_Time_to_live>
        <The_Location_of_ZOR>530.02,1023.77,0</The_Location_of_ZOR>
        <The_Shape_of_ZOR>1</The_Shape_of_ZOR>
        <The_Length_of_ZOR>500</The_Length_of_ZOR>
        <The_Width_of_ZOR>500</The_Width_of_ZOR>
        <The_Location_of_ZOF>530.02,1023.77,0</The_Location_of_ZOF>
        <The_Shape_of_ZOF>1</The_Shape_of_ZOF>
        <The_Length_of_ZOF>500</The_Length_of_ZOF>
        <The_Width_of_ZOF>500</The_Width_of_ZOF>
        <The_Number_of_Received_Message_Nodes_ZOR>83</The_Number_of_Received_Message_Nodes_ZOR>
        <The_Number_of_Received_Message_Nodes_ZOF>83</The_Number_of_Received_Message_Nodes_ZOF>
        <The_Max_Hops>4</The_Max_Hops>
        <The_Max_Delay_Time>47.4555</The_Max_Delay_Time>
        <The_Number_of_Nodes_Which_Passing_Through_ZOR>84</The_Number_of_Nodes_Which_Passing_Through_ZOR>
        <The_Number_of_Nodes_Which_Passing_Through_ZOF>84</The_Number_of_Nodes_Which_Passing_Through_ZOF>
        <The_Packet_Delivery_Ratio>0.988095</The_Packet_Delivery_Ratio>
        <The_Efficiency>3.47025e-08</The_Efficiency>
    </Network_Identification_Number>
    <Network_Identification_Number ID="27">
        <Network_Created_by>166</Network_Created_by>
        <Network_Creating_Time>480.3</Network_Creating_Time>
        <Network_Time_to_live>218.454</Network_Time_to_live>
        <The_Location_of_ZOR>1021.67,1521.69,0</The_Location_of_ZOR>
        <The_Shape_of_ZOR>1</The_Shape_of_ZOR>
        <The_Length_of_ZOR>500</The_Length_of_ZOR>
        <The_Width_of_ZOR>6.5</The_Width_of_ZOR>
        <The_Location_of_ZOF>1021.67,1524.94,0</The_Location_of_ZOF>
        <The_Shape_of_ZOF>1</The_Shape_of_ZOF>
        <The_Length_of_ZOF>500</The_Length_of_ZOF>
        <The_Width_of_ZOF>13</The_Width_of_ZOF>
        <The_Number_of_Received_Message_Nodes_ZOR>31</The_Number_of_Received_Message_Nodes_ZOR>
        <The_Number_of_Received_Message_Nodes_ZOF>49</The_Number_of_Received_Message_Nodes_ZOF>
        <The_Max_Hops>4</The_Max_Hops>
        <The_Max_Delay_Time>0.058355</The_Max_Delay_Time>
        <The_Number_of_Nodes_Which_Passing_Through_ZOR>68</The_Number_of_Nodes_Which_Passing_Through_ZOR>
        <The_Number_of_Nodes_Which_Passing_Through_ZOF>95</The_Number_of_Nodes_Which_Passing_Through_ZOF>
        <The_Packet_Delivery_Ratio>0.455882</The_Packet_Delivery_Ratio>
        <The_Efficiency>2.60407e-05</The_Efficiency>
    </Network_Identification_Number>
    <Network_Identification_Number ID="28">
        <Network_Created_by>144</Network_Created_by>
        <Network_Creating_Time>480.3</Network_Creating_Time>
        <Network_Time_to_live>107.398</Network_Time_to_live>
        <The_Location_of_ZOR>1528.4,1833.87,0</The_Location_of_ZOR>
        <The_Shape_of_ZOR>1</The_Shape_of_ZOR>
        <The_Length_of_ZOR>500</The_Length_of_ZOR>
        <The_Width_of_ZOR>6.5</The_Width_of_ZOR>
        <The_Location_of_ZOF>1525.15,1833.87,0</The_Location_of_ZOF>
        <The_Shape_of_ZOF>1</The_Shape_of_ZOF>
        <The_Length_of_ZOF>500</The_Length_of_ZOF>
        <The_Width_of_ZOF>13</The_Width_of_ZOF>
        <The_Number_of_Received_Message_Nodes_ZOR>9</The_Number_of_Received_Message_Nodes_ZOR>
        <The_Number_of_Received_Message_Nodes_ZOF>18</The_Number_of_Received_Message_Nodes_ZOF>
        <The_Max_Hops>4</The_Max_Hops>
        <The_Max_Delay_Time>0.154317</The_Max_Delay_Time>
        <The_Number_of_Nodes_Which_Passing_Through_ZOR>9</The_Number_of_Nodes_Which_Passing_Through_ZOR>
        <The_Number_of_Nodes_Which_Passing_Through_ZOF>19</The_Number_of_Nodes_Which_Passing_Through_ZOF>
        <The_Packet_Delivery_Ratio>1</The_Packet_Delivery_Ratio>
        <The_Efficiency>2.16006e-05</The_Efficiency>
    </Network_Identification_Number>
    <Network_Identification_Number ID="29">
        <Network_Created_by>141</Network_Created_by>
        <Network_Creating_Time>480.3</Network_Creating_Time>
        <Network_Time_to_live>147.014</Network_Time_to_live>
        <The_Location_of_ZOR>530.02,1523.77,0</The_Location_of_ZOR>
        <The_Shape_of_ZOR>1</The_Shape_of_ZOR>
        <The_Length_of_ZOR>500</The_Length_of_ZOR>
        <The_Width_of_ZOR>500</The_Width_of_ZOR>
        <The_Location_of_ZOF>530.02,1523.77,0</The_Location_of_ZOF>
        <The_Shape_of_ZOF>1</The_Shape_of_ZOF>
        <The_Length_of_ZOF>500</The_Length_of_ZOF>
        <The_Width_of_ZOF>500</The_Width_of_ZOF>
        <The_Number_of_Received_Message_Nodes_ZOR>92</The_Number_of_Received_Message_Nodes_ZOR>
        <The_Number_of_Received_Message_Nodes_ZOF>92</The_Number_of_Received_Message_Nodes_ZOF>
        <The_Max_Hops>4</The_Max_Hops>
        <The_Max_Delay_Time>21.9546</The_Max_Delay_Time>
        <The_Number_of_Nodes_Which_Passing_Through_ZOR>93</The_Number_of_Nodes_Which_Passing_Through_ZOR>
        <The_Number_of_Nodes_Which_Passing_Through_ZOF>93</The_Number_of_Nodes_Which_Passing_Through_ZOF>
        <The_Packet_Delivery_Ratio>0.989247</The_Packet_Delivery_Ratio>
        <The_Efficiency>7.50981e-08</The_Efficiency>
    </Network_Identification_Number>
    <Network_Identification_Number ID="30">
        <Network_Created_by>132</Network_Created_by>
        <Network_Creating_Time>480.3</Network_Creating_Time>
        <Network_Time_to_live>231.502</Network_Time_to_live>
        <The_Location_of_ZOR>528.305,1948.39,0</The_Location_of_ZOR>
        <The_Shape_of_ZOR>1</The_Shape_of_ZOR>
        <The_Length_of_ZOR>500</The_Length_of_ZOR>
        <The_Width_of_ZOR>6.5</The_Width_of_ZOR>
        <The_Location_of_ZOF>525.055,1948.39,0</The_Location_of_ZOF>
        <The_Shape_of_ZOF>1</The_Shape_of_ZOF>
        <The_Length_of_ZOF>500</The_Length_of_ZOF>
        <The_Width_of_ZOF>13</The_Width_of_ZOF>
        <The_Number_of_Received_Message_Nodes_ZOR>10</The_Number_of_Received_Message_Nodes_ZOR>
        <The_Number_of_Received_Message_Nodes_ZOF>20</The_Number_of_Received_Message_Nodes_ZOF>
        <The_Max_Hops>3</The_Max_Hops>
        <The_Max_Delay_Time>0.254936</The_Max_Delay_Time>
        <The_Number_of_Nodes_Which_Passing_Through_ZOR>30</The_Number_of_Nodes_Which_Passing_Through_ZOR>
        <The_Number_of_Nodes_Which_Passing_Through_ZOF>51</The_Number_of_Nodes_Which_Passing_Through_ZOF>
        <The_Packet_Delivery_Ratio>0.333333</The_Packet_Delivery_Ratio>
        <The_Efficiency>3.2688e-06</The_Efficiency>
    </Network_Identification_Number>
    <Network_Identification_Number ID="31">
        <Network_Created_by>119</Network_Created_by>
        <Network_Creating_Time>480.3</Network_Creating_Time>
        <Network_Time_to_live>143.444</Network_Time_to_live>
        <The_Location_of_ZOR>1519.97,1026.23,0</The_Location_of_ZOR>
        <The_Shape_of_ZOR>1</The_Shape_of_ZOR>
        <The_Length_of_ZOR>500</The_Length_of_ZOR>
        <The_Width_of_ZOR>500</The_Width_of_ZOR>
        <The_Location_of_ZOF>1519.97,1026.23,0</The_Location_of_ZOF>
        <The_Shape_of_ZOF>1</The_Shape_of_ZOF>
        <The_Length_of_ZOF>500</The_Length_of_ZOF>
        <The_Width_of_ZOF>500</The_Width_of_ZOF>
        <The_Number_of_Received_Message_Nodes_ZOR>72</The_Number_of_Received_Message_Nodes_ZOR>
        <The_Number_of_Received_Message_Nodes_ZOF>72</The_Number_of_Received_Message_Nodes_ZOF>
        <The_Max_Hops>4</The_Max_Hops>
        <The_Max_Delay_Time>0.285719</The_Max_Delay_Time>
        <The_Number_of_Nodes_Which_Passing_Through_ZOR>74</The_Number_of_Nodes_Which_Passing_Through_ZOR>
        <The_Number_of_Nodes_Which_Passing_Through_ZOF>74</The_Number_of_Nodes_Which_Passing_Through_ZOF>
        <The_Packet_Delivery_Ratio>0.972973</The_Packet_Delivery_Ratio>
        <The_Efficiency>5.67558e-06</The_Efficiency>
    </Network_Identification_Number>
    <Network_Identification_Number ID="32">
        <Network_Created_by>95</Network_Created_by>
        <Network_Creating_Time>480.3</Network_Creating_Time>
        <Network_Time_to_live>60.01</Network_Time_to_live>
        <The_Location_of_ZOR>1528.4,1515.24,0</The_Location_of_ZOR>
        <The_Shape_of_ZOR>1</The_Shape_of_ZOR>
        <The_Length_of_ZOR>500</The_Length_of_ZOR>
        <The_Width_of_ZOR>6.5</The_Width_of_ZOR>
        <The_Location_of_ZOF>1525.15,1515.24,0</The_Location_of_ZOF>
        <The_Shape_of_ZOF>1</The_Shape_of_ZOF>
        <The_Length_of_ZOF>500</The_Length_of_ZOF>
        <The_Width_of_ZOF>13</The_Width_of_ZOF>
        <The_Number_of_Received_Message_Nodes_ZOR>19</The_Number_of_Received_Message_Nodes_ZOR>
        <The_Number_of_Received_Message_Nodes_ZOF>34</The_Number_of_Received_Message_Nodes_ZOF>
        <The_Max_Hops>5</The_Max_Hops>
        <The_Max_Delay_Time>0.874628</The_Max_Delay_Time>
        <The_Number_of_Nodes_Which_Passing_Through_ZOR>27</The_Number_of_Nodes_Which_Passing_Through_ZOR>
        <The_Number_of_Nodes_Which_Passing_Through_ZOF>37</The_Number_of_Nodes_Which_Passing_Through_ZOF>
        <The_Packet_Delivery_Ratio>0.703704</The_Packet_Delivery_Ratio>
        <The_Efficiency>3.3524e-06</The_Efficiency>
    </Network_Identification_Number>
    <Network_Identification_Number ID="33">
        <Network_Created_by>84</Network_Created_by>
        <Network_Creating_Time>480.3</Network_Creating_Time>
        <Network_Time_to_live>144.915</Network_Time_to_live>
        <The_Location_of_ZOR>1028.3,1445.63,0</The_Location_of_ZOR>
        <The_Shape_of_ZOR>1</The_Shape_of_ZOR>
        <The_Length_of_ZOR>500</The_Length_of_ZOR>
        <The_Width_of_ZOR>6.5</The_Width_of_ZOR>
        <The_Location_of_ZOF>1025.05,1445.63,0</The_Location_of_ZOF>
        <The_Shape_of_ZOF>1</The_Shape_of_ZOF>
        <The_Length_of_ZOF>500</The_Length_of_ZOF>
        <The_Width_of_ZOF>13</The_Width_of_ZOF>
        <The_Number_of_Received_Message_Nodes_ZOR>28</The_Number_of_Received_Message_Nodes_ZOR>
        <The_Number_of_Received_Message_Nodes_ZOF>59</The_Number_of_Received_Message_Nodes_ZOF>
        <The_Max_Hops>10</The_Max_Hops>
        <The_Max_Delay_Time>42.2834</The_Max_Delay_Time>
        <The_Number_of_Nodes_Which_Passing_Through_ZOR>37</The_Number_of_Nodes_Which_Passing_Through_ZOR>
        <The_Number_of_Nodes_Which_Passing_Through_ZOF>60</The_Number_of_Nodes_Which_Passing_Through_ZOF>
        <The_Packet_Delivery_Ratio>0.756757</The_Packet_Delivery_Ratio>
        <The_Efficiency>1.49144e-07</The_Efficiency>
    </Network_Identification_Number>
    <Network_Identification_Number ID="34">
        <Network_Created_by>56</Network_Created_by>
        <Network_Creating_Time>480.3</Network_Creating_Time>
        <Network_Time_to_live>101.259</Network_Time_to_live>
        <The_Location_of_ZOR>528.305,1021.78,0</The_Location_of_ZOR>
        <The_Shape_of_ZOR>1</The_Shape_of_ZOR>
        <The_Length_of_ZOR>500</The_Length_of_ZOR>
        <The_Width_of_ZOR>6.5</The_Width_of_ZOR>
        <The_Location_of_ZOF>525.055,1021.78,0</The_Location_of_ZOF>
        <The_Shape_of_ZOF>1</The_Shape_of_ZOF>
        <The_Length_of_ZOF>500</The_Length_of_ZOF>
        <The_Width_of_ZOF>13</The_Width_of_ZOF>
        <The_Number_of_Received_Message_Nodes_ZOR>13</The_Number_of_Received_Message_Nodes_ZOR>
        <The_Number_of_Received_Message_Nodes_ZOF>25</The_Number_of_Received_Message_Nodes_ZOF>
        <The_Max_Hops>5</The_Max_Hops>
        <The_Max_Delay_Time>0.199363</The_Max_Delay_Time>
        <The_Number_of_Nodes_Which_Passing_Through_ZOR>23</The_Number_of_Nodes_Which_Passing_Through_ZOR>
        <The_Number_of_Nodes_Which_Passing_Through_ZOF>30</The_Number_of_Nodes_Which_Passing_Through_ZOF>
        <The_Packet_Delivery_Ratio>0.565217</The_Packet_Delivery_Ratio>
        <The_Efficiency>1.1813e-05</The_Efficiency>
    </Network_Identification_Number>
    <Network_Identification_Number ID="35">
        <Network_Created_by>50</Network_Created_by>
        <Network_Creating_Time>480.3</Network_Creating_Time>
        <Network_Time_to_live>193.89</Network_Time_to_live>
        <The_Location_of_ZOR>530.02,523.77,0</The_Location_of_ZOR>
        <The_Shape_of_ZOR>1</The_Shape_of_ZOR>
        <The_Length_of_ZOR>500</The_Length_of_ZOR>
        <The_Width_of_ZOR>500</The_Width_of_ZOR>
        <The_Location_of_ZOF>530.02,523.77,0</The_Location_of_ZOF>
        <The_Shape_of_ZOF>1</The_Shape_of_ZOF>
        <The_Length_of_ZOF>500</The_Length_of_ZOF>
        <The_Width_of_ZOF>500</The_Width_of_ZOF>
        <The_Number_of_Received_Message_Nodes_ZOR>124</The_Number_of_Received_Message_Nodes_ZOR>
        <The_Number_of_Received_Message_Nodes_ZOF>124</The_Number_of_Received_Message_Nodes_ZOF>
        <The_Max_Hops>7</The_Max_Hops>
        <The_Max_Delay_Time>67.7544</The_Max_Delay_Time>
        <The_Number_of_Nodes_Which_Passing_Through_ZOR>125</The_Number_of_Nodes_Which_Passing_Through_ZOR>
        <The_Number_of_Nodes_Which_Passing_Through_ZOF>125</The_Number_of_Nodes_Which_Passing_Through_ZOF>
        <The_Packet_Delivery_Ratio>0.992</The_Packet_Delivery_Ratio>
        <The_Efficiency>4.27032e-08</The_Efficiency>
    </Network_Identification_Number>
    <Network_Identification_Number ID="36">
        <Network_Created_by>36</Network_Created_by>
        <Network_Creating_Time>480.3</Network_Creating_Time>
        <Network_Time_to_live>169.268</Network_Time_to_live>
        <The_Location_of_ZOR>543.841,1028.3,0</The_Location_of_ZOR>
        <The_Shape_of_ZOR>1</The_Shape_of_ZOR>
        <The_Length_of_ZOR>500</The_Length_of_ZOR>
        <The_Width_of_ZOR>6.5</The_Width_of_ZOR>
        <The_Location_of_ZOF>543.841,1025.05,0</The_Location_of_ZOF>
        <The_Shape_of_ZOF>1</The_Shape_of_ZOF>
        <The_Length_of_ZOF>500</The_Length_of_ZOF>
        <The_Width_of_ZOF>13</The_Width_of_ZOF>
        <The_Number_of_Received_Message_Nodes_ZOR>33</The_Number_of_Received_Message_Nodes_ZOR>
        <The_Number_of_Received_Message_Nodes_ZOF>41</The_Number_of_Received_Message_Nodes_ZOF>
        <The_Max_Hops>5</The_Max_Hops>
        <The_Max_Delay_Time>0.25463</The_Max_Delay_Time>
        <The_Number_of_Nodes_Which_Passing_Through_ZOR>59</The_Number_of_Nodes_Which_Passing_Through_ZOR>
        <The_Number_of_Nodes_Which_Passing_Through_ZOF>72</The_Number_of_Nodes_Which_Passing_Through_ZOF>
        <The_Packet_Delivery_Ratio>0.559322</The_Packet_Delivery_Ratio>
        <The_Efficiency>9.15251e-06</The_Efficiency>
    </Network_Identification_Number>
    <Network_Identification_Number ID="37">
        <Network_Created_by>24</Network_Created_by>
        <Network_Creating_Time>480.3</Network_Creating_Time>
        <Network_Time_to_live>141.665</Network_Time_to_live>
        <The_Location_of_ZOR>1030.02,1023.77,0</The_Location_of_ZOR>
        <The_Shape_of_ZOR>1</The_Shape_of_ZOR>
        <The_Length_of_ZOR>500</The_Length_of_ZOR>
        <The_Width_of_ZOR>500</The_Width_of_ZOR>
        <The_Location_of_ZOF>1030.02,1023.77,0</The_Location_of_ZOF>
        <The_Shape_of_ZOF>1</The_Shape_of_ZOF>
        <The_Length_of_ZOF>500</The_Length_of_ZOF>
        <The_Width_of_ZOF>500</The_Width_of_ZOF>
        <The_Number_of_Received_Message_Nodes_ZOR>61</The_Number_of_Received_Message_Nodes_ZOR>
        <The_Number_of_Received_Message_Nodes_ZOF>61</The_Number_of_Received_Message_Nodes_ZOF>
        <The_Max_Hops>6</The_Max_Hops>
        <The_Max_Delay_Time>15.9542</The_Max_Delay_Time>
        <The_Number_of_Nodes_Which_Passing_Through_ZOR>62</The_Number_of_Nodes_Which_Passing_Through_ZOR>
        <The_Number_of_Nodes_Which_Passing_Through_ZOF>62</The_Number_of_Nodes_Which_Passing_Through_ZOF>
        <The_Packet_Delivery_Ratio>0.983871</The_Packet_Delivery_Ratio>
        <The_Efficiency>1.54171e-07</The_Efficiency>
    </Network_Identification_Number>
    <Network_Identification_Number ID="38">
        <Network_Created_by>21</Network_Created_by>
        <Network_Creating_Time>480.3</Network_Creating_Time>
        <Network_Time_to_live>238.261</Network_Time_to_live>
        <The_Location_of_ZOR>525.23,1523.32,0</The_Location_of_ZOR>
        <The_Shape_of_ZOR>1</The_Shape_of_ZOR>
        <The_Length_of_ZOR>500</The_Length_of_ZOR>
        <The_Width_of_ZOR>500</The_Width_of_ZOR>
        <The_Location_of_ZOF>525.23,1523.32,0</The_Location_of_ZOF>
        <The_Shape_of_ZOF>1</The_Shape_of_ZOF>
        <The_Length_of_ZOF>500</The_Length_of_ZOF>
        <The_Width_of_ZOF>500</The_Width_of_ZOF>
        <The_Number_of_Received_Message_Nodes_ZOR>120</The_Number_of_Received_Message_Nodes_ZOR>
        <The_Number_of_Received_Message_Nodes_ZOF>120</The_Number_of_Received_Message_Nodes_ZOF>
        <The_Max_Hops>6</The_Max_Hops>
        <The_Max_Delay_Time>34.9545</The_Max_Delay_Time>
        <The_Number_of_Nodes_Which_Passing_Through_ZOR>121</The_Number_of_Nodes_Which_Passing_Through_ZOR>
        <The_Number_of_Nodes_Which_Passing_Through_ZOF>121</The_Number_of_Nodes_Which_Passing_Through_ZOF>
        <The_Packet_Delivery_Ratio>0.991736</The_Packet_Delivery_Ratio>
        <The_Efficiency>7.09305e-08</The_Efficiency>
    </Network_Identification_Number>
    <Network_Identification_Number ID="39">
        <Network_Created_by>12</Network_Created_by>
        <Network_Creating_Time>480.3</Network_Creating_Time>
        <Network_Time_to_live>64.4422</Network_Time_to_live>
        <The_Location_of_ZOR>1493.15,1021.7,0</The_Location_of_ZOR>
        <The_Shape_of_ZOR>1</The_Shape_of_ZOR>
        <The_Length_of_ZOR>500</The_Length_of_ZOR>
        <The_Width_of_ZOR>6.5</The_Width_of_ZOR>
        <The_Location_of_ZOF>1493.15,1024.95,0</The_Location_of_ZOF>
        <The_Shape_of_ZOF>1</The_Shape_of_ZOF>
        <The_Length_of_ZOF>500</The_Length_of_ZOF>
        <The_Width_of_ZOF>13</The_Width_of_ZOF>
        <The_Number_of_Received_Message_Nodes_ZOR>22</The_Number_of_Received_Message_Nodes_ZOR>
        <The_Number_of_Received_Message_Nodes_ZOF>32</The_Number_of_Received_Message_Nodes_ZOF>
        <The_Max_Hops>3</The_Max_Hops>
        <The_Max_Delay_Time>0.693164</The_Max_Delay_Time>
        <The_Number_of_Nodes_Which_Passing_Through_ZOR>28</The_Number_of_Nodes_Which_Passing_Through_ZOR>
        <The_Number_of_Nodes_Which_Passing_Through_ZOF>37</The_Number_of_Nodes_Which_Passing_Through_ZOF>
        <The_Packet_Delivery_Ratio>0.785714</The_Packet_Delivery_Ratio>
        <The_Efficiency>2.8338e-06</The_Efficiency>
    </Network_Identification_Number>
    <Network_Identification_Number ID="40">
        <Network_Created_by>5</Network_Created_by>
        <Network_Creating_Time>480.3</Network_Creating_Time>
        <Network_Time_to_live>185.342</Network_Time_to_live>
        <The_Location_of_ZOR>1545.88,1521.69,0</The_Location_of_ZOR>
        <The_Shape_of_ZOR>1</The_Shape_of_ZOR>
        <The_Length_of_ZOR>500</The_Length_of_ZOR>
        <The_Width_of_ZOR>6.5</The_Width_of_ZOR>
        <The_Location_of_ZOF>1545.88,1524.94,0</The_Location_of_ZOF>
        <The_Shape_of_ZOF>1</The_Shape_of_ZOF>
        <The_Length_of_ZOF>500</The_Length_of_ZOF>
        <The_Width_of_ZOF>13</The_Width_of_ZOF>
        <The_Number_of_Received_Message_Nodes_ZOR>48</The_Number_of_Received_Message_Nodes_ZOR>
        <The_Number_of_Received_Message_Nodes_ZOF>78</The_Number_of_Received_Message_Nodes_ZOF>
        <The_Max_Hops>5</The_Max_Hops>
        <The_Max_Delay_Time>0.794012</The_Max_Delay_Time>
        <The_Number_of_Nodes_Which_Passing_Through_ZOR>70</The_Number_of_Nodes_Which_Passing_Through_ZOR>
        <The_Number_of_Nodes_Which_Passing_Through_ZOF>83</The_Number_of_Nodes_Which_Passing_Through_ZOF>
        <The_Packet_Delivery_Ratio>0.685714</The_Packet_Delivery_Ratio>
        <The_Efficiency>3.59836e-06</The_Efficiency>
    </Network_Identification_Number>
    <Network_Identification_Number ID="41">
        <Network_Created_by>305</Network_Created_by>
        <Network_Creating_Time>480.4</Network_Creating_Time>
        <Network_Time_to_live>111.645</Network_Time_to_live>
        <The_Location_of_ZOR>1044.73,528.295,0</The_Location_of_ZOR>
        <The_Shape_of_ZOR>1</The_Shape_of_ZOR>
        <The_Length_of_ZOR>500</The_Length_of_ZOR>
        <The_Width_of_ZOR>6.5</The_Width_of_ZOR>
        <The_Location_of_ZOF>1044.73,525.045,0</The_Location_of_ZOF>
        <The_Shape_of_ZOF>1</The_Shape_of_ZOF>
        <The_Length_of_ZOF>500</The_Length_of_ZOF>
        <The_Width_of_ZOF>13</The_Width_of_ZOF>
        <The_Number_of_Received_Message_Nodes_ZOR>30</The_Number_of_Received_Message_Nodes_ZOR>
        <The_Number_of_Received_Message_Nodes_ZOF>65</The_Number_of_Received_Message_Nodes_ZOF>
        <The_Max_Hops>9</The_Max_Hops>
        <The_Max_Delay_Time>0.884837</The_Max_Delay_Time>
        <The_Number_of_Nodes_Which_Passing_Through_ZOR>40</The_Number_of_Nodes_Which_Passing_Through_ZOR>
        <The_Number_of_Nodes_Which_Passing_Through_ZOF>65</The_Number_of_Nodes_Which_Passing_Through_ZOF>
        <The_Packet_Delivery_Ratio>0.75</The_Packet_Delivery_Ratio>
        <The_Efficiency>6.35711e-06</The_Efficiency>
    </Network_Identification_Number>
    <Network_Identification_Number ID="42">
        <Network_Created_by>243</Network_Created_by>
        <Network_Creating_Time>480.4</Network_Creating_Time>
        <Network_Time_to_live>83.7723</Network_Time_to_live>
        <The_Location_of_ZOR>1022.21,528.295,0</The_Location_of_ZOR>
        <The_Shape_of_ZOR>1</The_Shape_of_ZOR>
        <The_Length_of_ZOR>500</The_Length_of_ZOR>
        <The_Width_of_ZOR>6.5</The_Width_of_ZOR>
        <The_Location_of_ZOF>1022.21,525.045,0</The_Location_of_ZOF>
        <The_Shape_of_ZOF>1</The_Shape_of_ZOF>
        <The_Length_of_ZOF>500</The_Length_of_ZOF>
        <The_Width_of_ZOF>13</The_Width_of_ZOF>
        <The_Number_of_Received_Message_Nodes_ZOR>26</The_Number_of_Received_Message_Nodes_ZOR>
        <The_Number_of_Received_Message_Nodes_ZOF>51</The_Number_of_Received_Message_Nodes_ZOF>
        <The_Max_Hops>7</The_Max_Hops>
        <The_Max_Delay_Time>0.888199</The_Max_Delay_Time>
        <The_Number_of_Nodes_Which_Passing_Through_ZOR>34</The_Number_of_Nodes_Which_Passing_Through_ZOR>
        <The_Number_of_Nodes_Which_Passing_Through_ZOF>51</The_Number_of_Nodes_Which_Passing_Through_ZOF>
        <The_Packet_Delivery_Ratio>0.764706</The_Packet_Delivery_Ratio>
        <The_Efficiency>5.02228e-06</The_Efficiency>
    </Network_Identification_Number>
    <Network_Identification_Number ID="43">
        <Network_Created_by>367</Network_Created_by>
        <Network_Creating_Time>489.6</Network_Creating_Time>
        <Network_Time_to_live>197.759</Network_Time_to_live>
        <The_Location_of_ZOR>528.305,1081.7,0</The_Location_of_ZOR>
        <The_Shape_of_ZOR>1</The_Shape_of_ZOR>
        <The_Length_of_ZOR>500</The_Length_of_ZOR>
        <The_Width_of_ZOR>6.5</The_Width_of_ZOR>
        <The_Location_of_ZOF>525.055,1081.7,0</The_Location_of_ZOF>
        <The_Shape_of_ZOF>1</The_Shape_of_ZOF>
        <The_Length_of_ZOF>500</The_Length_of_ZOF>
        <The_Width_of_ZOF>13</The_Width_of_ZOF>
        <The_Number_of_Received_Message_Nodes_ZOR>25</The_Number_of_Received_Message_Nodes_ZOR>
        <The_Number_of_Received_Message_Nodes_ZOF>54</The_Number_of_Received_Message_Nodes_ZOF>
        <The_Max_Hops>8</The_Max_Hops>
        <The_Max_Delay_Time>0.454574</The_Max_Delay_Time>
        <The_Number_of_Nodes_Which_Passing_Through_ZOR>46</The_Number_of_Nodes_Which_Passing_Through_ZOR>
        <The_Number_of_Nodes_Which_Passing_Through_ZOF>58</The_Number_of_Nodes_Which_Passing_Through_ZOF>
        <The_Packet_Delivery_Ratio>0.543478</The_Packet_Delivery_Ratio>
        <The_Efficiency>7.97051e-06</The_Efficiency>
    </Network_Identification_Number>
    <Network_Identification_Number ID="44">
        <Network_Created_by>261</Network_Created_by>
        <Network_Creating_Time>489.7</Network_Creating_Time>
        <Network_Time_to_live>160.017</Network_Time_to_live>
        <The_Location_of_ZOR>1054.7,521.705,0</The_Location_of_ZOR>
        <The_Shape_of_ZOR>1</The_Shape_of_ZOR>
        <The_Length_of_ZOR>500</The_Length_of_ZOR>
        <The_Width_of_ZOR>6.5</The_Width_of_ZOR>
        <The_Location_of_ZOF>1054.7,524.955,0</The_Location_of_ZOF>
        <The_Shape_of_ZOF>1</The_Shape_of_ZOF>
        <The_Length_of_ZOF>500</The_Length_of_ZOF>
        <The_Width_of_ZOF>13</The_Width_of_ZOF>
        <The_Number_of_Received_Message_Nodes_ZOR>40</The_Number_of_Received_Message_Nodes_ZOR>
        <The_Number_of_Received_Message_Nodes_ZOF>76</The_Number_of_Received_Message_Nodes_ZOF>
        <The_Max_Hops>6</The_Max_Hops>
        <The_Max_Delay_Time>0.555609</The_Max_Delay_Time>
        <The_Number_of_Nodes_Which_Passing_Through_ZOR>57</The_Number_of_Nodes_Which_Passing_Through_ZOR>
        <The_Number_of_Nodes_Which_Passing_Through_ZOF>80</The_Number_of_Nodes_Which_Passing_Through_ZOF>
        <The_Packet_Delivery_Ratio>0.701754</The_Packet_Delivery_Ratio>
        <The_Efficiency>6.31518e-06</The_Efficiency>
    </Network_Identification_Number>
    <Network_Identification_Number ID="45">
        <Network_Created_by>256</Network_Created_by>
        <Network_Creating_Time>489.7</Network_Creating_Time>
        <Network_Time_to_live>233.149</Network_Time_to_live>
        <The_Location_of_ZOR>1034.68,521.705,0</The_Location_of_ZOR>
        <The_Shape_of_ZOR>1</The_Shape_of_ZOR>
        <The_Length_of_ZOR>500</The_Length_of_ZOR>
        <The_Width_of_ZOR>6.5</The_Width_of_ZOR>
        <The_Location_of_ZOF>1034.68,524.955,0</The_Location_of_ZOF>
        <The_Shape_of_ZOF>1</The_Shape_of_ZOF>
        <The_Length_of_ZOF>500</The_Length_of_ZOF>
        <The_Width_of_ZOF>13</The_Width_of_ZOF>
        <The_Number_of_Received_Message_Nodes_ZOR>49</The_Number_of_Received_Message_Nodes_ZOR>
        <The_Number_of_Received_Message_Nodes_ZOF>96</The_Number_of_Received_Message_Nodes_ZOF>
        <The_Max_Hops>8</The_Max_Hops>
        <The_Max_Delay_Time>0.0944171</The_Max_Delay_Time>
        <The_Number_of_Nodes_Which_Passing_Through_ZOR>72</The_Number_of_Nodes_Which_Passing_Through_ZOR>
        <The_Number_of_Nodes_Which_Passing_Through_ZOF>99</The_Number_of_Nodes_Which_Passing_Through_ZOF>
        <The_Packet_Delivery_Ratio>0.680556</The_Packet_Delivery_Ratio>
        <The_Efficiency>4.80531e-05</The_Efficiency>
    </Network_Identification_Number>
    <Network_Identification_Number ID="46">
        <Network_Created_by>310</Network_Created_by>
        <Network_Creating_Time>498.6</Network_Creating_Time>
        <Network_Time_to_live>169.166</Network_Time_to_live>
        <The_Location_of_ZOR>1021.61,982.251,0</The_Location_of_ZOR>
        <The_Shape_of_ZOR>1</The_Shape_of_ZOR>
        <The_Length_of_ZOR>500</The_Length_of_ZOR>
        <The_Width_of_ZOR>6.5</The_Width_of_ZOR>
        <The_Location_of_ZOF>1024.86,982.251,0</The_Location_of_ZOF>
        <The_Shape_of_ZOF>1</The_Shape_of_ZOF>
        <The_Length_of_ZOF>500</The_Length_of_ZOF>
        <The_Width_of_ZOF>13</The_Width_of_ZOF>
        <The_Number_of_Received_Message_Nodes_ZOR>30</The_Number_of_Received_Message_Nodes_ZOR>
        <The_Number_of_Received_Message_Nodes_ZOF>46</The_Number_of_Received_Message_Nodes_ZOF>
        <The_Max_Hops>6</The_Max_Hops>
        <The_Max_Delay_Time>19.4555</The_Max_Delay_Time>
        <The_Number_of_Nodes_Which_Passing_Through_ZOR>39</The_Number_of_Nodes_Which_Passing_Through_ZOR>
        <The_Number_of_Nodes_Which_Passing_Through_ZOF>50</The_Number_of_Nodes_Which_Passing_Through_ZOF>
        <The_Packet_Delivery_Ratio>0.769231</The_Packet_Delivery_Ratio>
        <The_Efficiency>1.9769e-07</The_Efficiency>
    </Network_Identification_Number>
    <Network_Identification_Number ID="47">
        <Network_Created_by>239</Network_Created_by>
        <Network_Creating_Time>506</Network_Creating_Time>
        <Network_Time_to_live>218.197</Network_Time_to_live>
        <The_Location_of_ZOR>997.02,528.295,0</The_Location_of_ZOR>
        <The_Shape_of_ZOR>1</The_Shape_of_ZOR>
        <The_Length_of_ZOR>500</The_Length_of_ZOR>
        <The_Width_of_ZOR>6.5</The_Width_of_ZOR>
        <The_Location_of_ZOF>997.02,525.045,0</The_Location_of_ZOF>
        <The_Shape_of_ZOF>1</The_Shape_of_ZOF>
        <The_Length_of_ZOF>500</The_Length_of_ZOF>
        <The_Width_of_ZOF>13</The_Width_of_ZOF>
        <The_Number_of_Received_Message_Nodes_ZOR>45</The_Number_of_Received_Message_Nodes_ZOR>
        <The_Number_of_Received_Message_Nodes_ZOF>89</The_Number_of_Received_Message_Nodes_ZOF>
        <The_Max_Hops>9</The_Max_Hops>
        <The_Max_Delay_Time>27.0554</The_Max_Delay_Time>
        <The_Number_of_Nodes_Which_Passing_Through_ZOR>74</The_Number_of_Nodes_Which_Passing_Through_ZOR>
        <The_Number_of_Nodes_Which_Passing_Through_ZOF>95</The_Number_of_Nodes_Which_Passing_Through_ZOF>
        <The_Packet_Delivery_Ratio>0.608108</The_Packet_Delivery_Ratio>
        <The_Efficiency>1.68573e-07</The_Efficiency>
    </Network_Identification_Number>
    <Network_Identification_Number ID="48">
        <Network_Created_by>368</Network_Created_by>
        <Network_Creating_Time>615.2</Network_Creating_Time>
        <Network_Time_to_live>180.585</Network_Time_to_live>
        <The_Location_of_ZOR>1068.43,521.595,0</The_Location_of_ZOR>
        <The_Shape_of_ZOR>1</The_Shape_of_ZOR>
        <The_Length_of_ZOR>500</The_Length_of_ZOR>
        <The_Width_of_ZOR>6.5</The_Width_of_ZOR>
        <The_Location_of_ZOF>1068.43,524.845,0</The_Location_of_ZOF>
        <The_Shape_of_ZOF>1</The_Shape_of_ZOF>
        <The_Length_of_ZOF>500</The_Length_of_ZOF>
        <The_Width_of_ZOF>13</The_Width_of_ZOF>
        <The_Number_of_Received_Message_Nodes_ZOR>51</The_Number_of_Received_Message_Nodes_ZOR>
        <The_Number_of_Received_Message_Nodes_ZOF>90</The_Number_of_Received_Message_Nodes_ZOF>
        <The_Max_Hops>8</The_Max_Hops>
        <The_Max_Delay_Time>31.2549</The_Max_Delay_Time>
        <The_Number_of_Nodes_Which_Passing_Through_ZOR>72</The_Number_of_Nodes_Which_Passing_Through_ZOR>
        <The_Number_of_Nodes_Which_Passing_Through_ZOF>97</The_Number_of_Nodes_Which_Passing_Through_ZOF>
        <The_Packet_Delivery_Ratio>0.708333</The_Packet_Delivery_Ratio>
        <The_Efficiency>1.51087e-07</The_Efficiency>
    </Network_Identification_Number>
    <Network_Identification_Number ID="49">
        <Network_Created_by>172</Network_Created_by>
        <Network_Creating_Time>615.3</Network_Creating_Time>
        <Network_Time_to_live>152.231</Network_Time_to_live>
        <The_Location_of_ZOR>525,531.45,0</The_Location_of_ZOR>
        <The_Shape_of_ZOR>1</The_Shape_of_ZOR>
        <The_Length_of_ZOR>500</The_Length_of_ZOR>
        <The_Width_of_ZOR>500</The_Width_of_ZOR>
        <The_Location_of_ZOF>525,531.45,0</The_Location_of_ZOF>
        <The_Shape_of_ZOF>1</The_Shape_of_ZOF>
        <The_Length_of_ZOF>500</The_Length_of_ZOF>
        <The_Width_of_ZOF>500</The_Width_of_ZOF>
        <The_Number_of_Received_Message_Nodes_ZOR>106</The_Number_of_Received_Message_Nodes_ZOR>
        <The_Number_of_Received_Message_Nodes_ZOF>106</The_Number_of_Received_Message_Nodes_ZOF>
        <The_Max_Hops>6</The_Max_Hops>
        <The_Max_Delay_Time>0.459151</The_Max_Delay_Time>
        <The_Number_of_Nodes_Which_Passing_Through_ZOR>108</The_Number_of_Nodes_Which_Passing_Through_ZOR>
        <The_Number_of_Nodes_Which_Passing_Through_ZOF>108</The_Number_of_Nodes_Which_Passing_Through_ZOF>
        <The_Packet_Delivery_Ratio>0.981481</The_Packet_Delivery_Ratio>
        <The_Efficiency>5.344e-06</The_Efficiency>
    </Network_Identification_Number>
</Protocol>
