<Protocol Name="DTSG">
    <The_Simulation_Start_at>2013-11-22,18:33:34</The_Simulation_Start_at>
    <The_Simulation_End_at>2013-11-22,18:42:40</The_Simulation_End_at>
    <Playground_X>2025</Playground_X>
    <Playground_Y>2025</Playground_Y>
    <Road_Length>452.804</Road_Length>
    <Road_Building_Density_Ratio>0.0883385</Road_Building_Density_Ratio>
    <Number_of_CrossRoads>9</Number_of_CrossRoads>
    <Number_of_Polygons>9</Number_of_Polygons>
    <Vehicle_In_City>200</Vehicle_In_City>
    <The_Range_of_Transmission>300</The_Range_of_Transmission>
    <Network_Identification_Number ID="0">
        <Network_Created_by>297</Network_Created_by>
        <Network_Creating_Time>300.3</Network_Creating_Time>
        <Network_Time_to_live>69.1059</Network_Time_to_live>
        <The_Location_of_ZOR>5.08919,1528.31,0</The_Location_of_ZOR>
        <The_Shape_of_ZOR>1</The_Shape_of_ZOR>
        <The_Length_of_ZOR>1000</The_Length_of_ZOR>
        <The_Width_of_ZOR>6.5</The_Width_of_ZOR>
        <The_Location_of_ZOF>5.08919,1525.06,0</The_Location_of_ZOF>
        <The_Shape_of_ZOF>1</The_Shape_of_ZOF>
        <The_Length_of_ZOF>1000</The_Length_of_ZOF>
        <The_Width_of_ZOF>13</The_Width_of_ZOF>
        <The_Number_of_Received_Message_Nodes_ZOR>12</The_Number_of_Received_Message_Nodes_ZOR>
        <The_Number_of_Received_Message_Nodes_ZOF>15</The_Number_of_Received_Message_Nodes_ZOF>
        <The_Max_Hops>1</The_Max_Hops>
        <The_Max_Delay_Time>25.3545</The_Max_Delay_Time>
        <The_Number_of_Nodes_Which_Passing_Through_ZOR>15</The_Number_of_Nodes_Which_Passing_Through_ZOR>
        <The_Number_of_Nodes_Which_Passing_Through_ZOF>21</The_Number_of_Nodes_Which_Passing_Through_ZOF>
        <The_Packet_Delivery_Ratio>0.8</The_Packet_Delivery_Ratio>
        <The_Efficiency>2.62938e-08</The_Efficiency>
    </Network_Identification_Number>
    <Network_Identification_Number ID="1">
        <Network_Created_by>295</Network_Created_by>
        <Network_Creating_Time>300.3</Network_Creating_Time>
        <Network_Time_to_live>177.576</Network_Time_to_live>
        <The_Location_of_ZOR>41.8512,528.295,0</The_Location_of_ZOR>
        <The_Shape_of_ZOR>1</The_Shape_of_ZOR>
        <The_Length_of_ZOR>1000</The_Length_of_ZOR>
        <The_Width_of_ZOR>6.5</The_Width_of_ZOR>
        <The_Location_of_ZOF>41.8512,525.045,0</The_Location_of_ZOF>
        <The_Shape_of_ZOF>1</The_Shape_of_ZOF>
        <The_Length_of_ZOF>1000</The_Length_of_ZOF>
        <The_Width_of_ZOF>13</The_Width_of_ZOF>
        <The_Number_of_Received_Message_Nodes_ZOR>15</The_Number_of_Received_Message_Nodes_ZOR>
        <The_Number_of_Received_Message_Nodes_ZOF>24</The_Number_of_Received_Message_Nodes_ZOF>
        <The_Max_Hops>3</The_Max_Hops>
        <The_Max_Delay_Time>43.2546</The_Max_Delay_Time>
        <The_Number_of_Nodes_Which_Passing_Through_ZOR>38</The_Number_of_Nodes_Which_Passing_Through_ZOR>
        <The_Number_of_Nodes_Which_Passing_Through_ZOF>51</The_Number_of_Nodes_Which_Passing_Through_ZOF>
        <The_Packet_Delivery_Ratio>0.394737</The_Packet_Delivery_Ratio>
        <The_Efficiency>2.28147e-08</The_Efficiency>
    </Network_Identification_Number>
    <Network_Identification_Number ID="2">
        <Network_Created_by>289</Network_Created_by>
        <Network_Creating_Time>300.3</Network_Creating_Time>
        <Network_Time_to_live>137.178</Network_Time_to_live>
        <The_Location_of_ZOR>37.8516,1528.31,0</The_Location_of_ZOR>
        <The_Shape_of_ZOR>1</The_Shape_of_ZOR>
        <The_Length_of_ZOR>1000</The_Length_of_ZOR>
        <The_Width_of_ZOR>6.5</The_Width_of_ZOR>
        <The_Location_of_ZOF>37.8516,1525.06,0</The_Location_of_ZOF>
        <The_Shape_of_ZOF>1</The_Shape_of_ZOF>
        <The_Length_of_ZOF>1000</The_Length_of_ZOF>
        <The_Width_of_ZOF>13</The_Width_of_ZOF>
        <The_Number_of_Received_Message_Nodes_ZOR>16</The_Number_of_Received_Message_Nodes_ZOR>
        <The_Number_of_Received_Message_Nodes_ZOF>22</The_Number_of_Received_Message_Nodes_ZOF>
        <The_Max_Hops>3</The_Max_Hops>
        <The_Max_Delay_Time>43.2545</The_Max_Delay_Time>
        <The_Number_of_Nodes_Which_Passing_Through_ZOR>26</The_Number_of_Nodes_Which_Passing_Through_ZOR>
        <The_Number_of_Nodes_Which_Passing_Through_ZOF>34</The_Number_of_Nodes_Which_Passing_Through_ZOF>
        <The_Packet_Delivery_Ratio>0.615385</The_Packet_Delivery_Ratio>
        <The_Efficiency>3.55677e-08</The_Efficiency>
    </Network_Identification_Number>
    <Network_Identification_Number ID="3">
        <Network_Created_by>287</Network_Created_by>
        <Network_Creating_Time>300.3</Network_Creating_Time>
        <Network_Time_to_live>178.831</Network_Time_to_live>
        <The_Location_of_ZOR>524.77,1526.68,0</The_Location_of_ZOR>
        <The_Shape_of_ZOR>1</The_Shape_of_ZOR>
        <The_Length_of_ZOR>1000</The_Length_of_ZOR>
        <The_Width_of_ZOR>1000</The_Width_of_ZOR>
        <The_Location_of_ZOF>524.77,1526.68,0</The_Location_of_ZOF>
        <The_Shape_of_ZOF>1</The_Shape_of_ZOF>
        <The_Length_of_ZOF>1000</The_Length_of_ZOF>
        <The_Width_of_ZOF>1000</The_Width_of_ZOF>
        <The_Number_of_Received_Message_Nodes_ZOR>44</The_Number_of_Received_Message_Nodes_ZOR>
        <The_Number_of_Received_Message_Nodes_ZOF>44</The_Number_of_Received_Message_Nodes_ZOF>
        <The_Max_Hops>5</The_Max_Hops>
        <The_Max_Delay_Time>31.1545</The_Max_Delay_Time>
        <The_Number_of_Nodes_Which_Passing_Through_ZOR>92</The_Number_of_Nodes_Which_Passing_Through_ZOR>
        <The_Number_of_Nodes_Which_Passing_Through_ZOF>92</The_Number_of_Nodes_Which_Passing_Through_ZOF>
        <The_Packet_Delivery_Ratio>0.478261</The_Packet_Delivery_Ratio>
        <The_Efficiency>3.65506e-08</The_Efficiency>
    </Network_Identification_Number>
    <Network_Identification_Number ID="4">
        <Network_Created_by>284</Network_Created_by>
        <Network_Creating_Time>300.3</Network_Creating_Time>
        <Network_Time_to_live>133.293</Network_Time_to_live>
        <The_Location_of_ZOR>1021.61,139.25,0</The_Location_of_ZOR>
        <The_Shape_of_ZOR>1</The_Shape_of_ZOR>
        <The_Length_of_ZOR>1000</The_Length_of_ZOR>
        <The_Width_of_ZOR>6.5</The_Width_of_ZOR>
        <The_Location_of_ZOF>1024.86,139.25,0</The_Location_of_ZOF>
        <The_Shape_of_ZOF>1</The_Shape_of_ZOF>
        <The_Length_of_ZOF>1000</The_Length_of_ZOF>
        <The_Width_of_ZOF>13</The_Width_of_ZOF>
        <The_Number_of_Received_Message_Nodes_ZOR>6</The_Number_of_Received_Message_Nodes_ZOR>
        <The_Number_of_Received_Message_Nodes_ZOF>8</The_Number_of_Received_Message_Nodes_ZOF>
        <The_Max_Hops>3</The_Max_Hops>
        <The_Max_Delay_Time>22.5543</The_Max_Delay_Time>
        <The_Number_of_Nodes_Which_Passing_Through_ZOR>20</The_Number_of_Nodes_Which_Passing_Through_ZOR>
        <The_Number_of_Nodes_Which_Passing_Through_ZOF>27</The_Number_of_Nodes_Which_Passing_Through_ZOF>
        <The_Packet_Delivery_Ratio>0.3</The_Packet_Delivery_Ratio>
        <The_Efficiency>3.32531e-08</The_Efficiency>
    </Network_Identification_Number>
    <Network_Identification_Number ID="5">
        <Network_Created_by>283</Network_Created_by>
        <Network_Creating_Time>300.3</Network_Creating_Time>
        <Network_Time_to_live>235.594</Network_Time_to_live>
        <The_Location_of_ZOR>519.98,1026.23,0</The_Location_of_ZOR>
        <The_Shape_of_ZOR>1</The_Shape_of_ZOR>
        <The_Length_of_ZOR>1000</The_Length_of_ZOR>
        <The_Width_of_ZOR>1000</The_Width_of_ZOR>
        <The_Location_of_ZOF>519.98,1026.23,0</The_Location_of_ZOF>
        <The_Shape_of_ZOF>1</The_Shape_of_ZOF>
        <The_Length_of_ZOF>1000</The_Length_of_ZOF>
        <The_Width_of_ZOF>1000</The_Width_of_ZOF>
        <The_Number_of_Received_Message_Nodes_ZOR>52</The_Number_of_Received_Message_Nodes_ZOR>
        <The_Number_of_Received_Message_Nodes_ZOF>52</The_Number_of_Received_Message_Nodes_ZOF>
        <The_Max_Hops>4</The_Max_Hops>
        <The_Max_Delay_Time>43.2546</The_Max_Delay_Time>
        <The_Number_of_Nodes_Which_Passing_Through_ZOR>137</The_Number_of_Nodes_Which_Passing_Through_ZOR>
        <The_Number_of_Nodes_Which_Passing_Through_ZOF>137</The_Number_of_Nodes_Which_Passing_Through_ZOF>
        <The_Packet_Delivery_Ratio>0.379562</The_Packet_Delivery_Ratio>
        <The_Efficiency>1.67144e-08</The_Efficiency>
    </Network_Identification_Number>
    <Network_Identification_Number ID="6">
        <Network_Created_by>281</Network_Created_by>
        <Network_Creating_Time>300.3</Network_Creating_Time>
        <Network_Time_to_live>222.837</Network_Time_to_live>
        <The_Location_of_ZOR>589.816,503.542,0</The_Location_of_ZOR>
        <The_Shape_of_ZOR>1</The_Shape_of_ZOR>
        <The_Length_of_ZOR>1000</The_Length_of_ZOR>
        <The_Width_of_ZOR>6.5</The_Width_of_ZOR>
        <The_Location_of_ZOF>589.995,500.297,0</The_Location_of_ZOF>
        <The_Shape_of_ZOF>1</The_Shape_of_ZOF>
        <The_Length_of_ZOF>1000</The_Length_of_ZOF>
        <The_Width_of_ZOF>13</The_Width_of_ZOF>
        <The_Number_of_Received_Message_Nodes_ZOR>4</The_Number_of_Received_Message_Nodes_ZOR>
        <The_Number_of_Received_Message_Nodes_ZOF>10</The_Number_of_Received_Message_Nodes_ZOF>
        <The_Max_Hops>2</The_Max_Hops>
        <The_Max_Delay_Time>29.0743</The_Max_Delay_Time>
        <The_Number_of_Nodes_Which_Passing_Through_ZOR>51</The_Number_of_Nodes_Which_Passing_Through_ZOR>
        <The_Number_of_Nodes_Which_Passing_Through_ZOF>60</The_Number_of_Nodes_Which_Passing_Through_ZOF>
        <The_Packet_Delivery_Ratio>0.0784314</The_Packet_Delivery_Ratio>
        <The_Efficiency>4.49603e-09</The_Efficiency>
    </Network_Identification_Number>
    <Network_Identification_Number ID="7">
        <Network_Created_by>277</Network_Created_by>
        <Network_Creating_Time>300.3</Network_Creating_Time>
        <Network_Time_to_live>178.74</Network_Time_to_live>
        <The_Location_of_ZOR>50.861,1528.31,0</The_Location_of_ZOR>
        <The_Shape_of_ZOR>1</The_Shape_of_ZOR>
        <The_Length_of_ZOR>1000</The_Length_of_ZOR>
        <The_Width_of_ZOR>6.5</The_Width_of_ZOR>
        <The_Location_of_ZOF>50.861,1525.06,0</The_Location_of_ZOF>
        <The_Shape_of_ZOF>1</The_Shape_of_ZOF>
        <The_Length_of_ZOF>1000</The_Length_of_ZOF>
        <The_Width_of_ZOF>13</The_Width_of_ZOF>
        <The_Number_of_Received_Message_Nodes_ZOR>12</The_Number_of_Received_Message_Nodes_ZOR>
        <The_Number_of_Received_Message_Nodes_ZOF>15</The_Number_of_Received_Message_Nodes_ZOF>
        <The_Max_Hops>1</The_Max_Hops>
        <The_Max_Delay_Time>43.2542</The_Max_Delay_Time>
        <The_Number_of_Nodes_Which_Passing_Through_ZOR>34</The_Number_of_Nodes_Which_Passing_Through_ZOR>
        <The_Number_of_Nodes_Which_Passing_Through_ZOF>42</The_Number_of_Nodes_Which_Passing_Through_ZOF>
        <The_Packet_Delivery_Ratio>0.352941</The_Packet_Delivery_Ratio>
        <The_Efficiency>6.79974e-09</The_Efficiency>
    </Network_Identification_Number>
    <Network_Identification_Number ID="8">
        <Network_Created_by>274</Network_Created_by>
        <Network_Creating_Time>300.3</Network_Creating_Time>
        <Network_Time_to_live>221.378</Network_Time_to_live>
        <The_Location_of_ZOR>1021.71,138.44,0</The_Location_of_ZOR>
        <The_Shape_of_ZOR>1</The_Shape_of_ZOR>
        <The_Length_of_ZOR>1000</The_Length_of_ZOR>
        <The_Width_of_ZOR>6.5</The_Width_of_ZOR>
        <The_Location_of_ZOF>1024.95,138.44,0</The_Location_of_ZOF>
        <The_Shape_of_ZOF>1</The_Shape_of_ZOF>
        <The_Length_of_ZOF>1000</The_Length_of_ZOF>
        <The_Width_of_ZOF>13</The_Width_of_ZOF>
        <The_Number_of_Received_Message_Nodes_ZOR>4</The_Number_of_Received_Message_Nodes_ZOR>
        <The_Number_of_Received_Message_Nodes_ZOF>7</The_Number_of_Received_Message_Nodes_ZOF>
        <The_Max_Hops>4</The_Max_Hops>
        <The_Max_Delay_Time>23.8943</The_Max_Delay_Time>
        <The_Number_of_Nodes_Which_Passing_Through_ZOR>36</The_Number_of_Nodes_Which_Passing_Through_ZOR>
        <The_Number_of_Nodes_Which_Passing_Through_ZOF>46</The_Number_of_Nodes_Which_Passing_Through_ZOF>
        <The_Packet_Delivery_Ratio>0.111111</The_Packet_Delivery_Ratio>
        <The_Efficiency>1.55004e-08</The_Efficiency>
    </Network_Identification_Number>
    <Network_Identification_Number ID="9">
        <Network_Created_by>270</Network_Created_by>
        <Network_Creating_Time>300.3</Network_Creating_Time>
        <Network_Time_to_live>218.599</Network_Time_to_live>
        <The_Location_of_ZOR>519.98,1526.23,0</The_Location_of_ZOR>
        <The_Shape_of_ZOR>1</The_Shape_of_ZOR>
        <The_Length_of_ZOR>1000</The_Length_of_ZOR>
        <The_Width_of_ZOR>1000</The_Width_of_ZOR>
        <The_Location_of_ZOF>519.98,1526.23,0</The_Location_of_ZOF>
        <The_Shape_of_ZOF>1</The_Shape_of_ZOF>
        <The_Length_of_ZOF>1000</The_Length_of_ZOF>
        <The_Width_of_ZOF>1000</The_Width_of_ZOF>
        <The_Number_of_Received_Message_Nodes_ZOR>57</The_Number_of_Received_Message_Nodes_ZOR>
        <The_Number_of_Received_Message_Nodes_ZOF>57</The_Number_of_Received_Message_Nodes_ZOF>
        <The_Max_Hops>6</The_Max_Hops>
        <The_Max_Delay_Time>43.2547</The_Max_Delay_Time>
        <The_Number_of_Nodes_Which_Passing_Through_ZOR>108</The_Number_of_Nodes_Which_Passing_Through_ZOR>
        <The_Number_of_Nodes_Which_Passing_Through_ZOF>108</The_Number_of_Nodes_Which_Passing_Through_ZOF>
        <The_Packet_Delivery_Ratio>0.527778</The_Packet_Delivery_Ratio>
        <The_Efficiency>3.48618e-08</The_Efficiency>
    </Network_Identification_Number>
    <Network_Identification_Number ID="10">
        <Network_Created_by>262</Network_Created_by>
        <Network_Creating_Time>300.3</Network_Creating_Time>
        <Network_Time_to_live>140.483</Network_Time_to_live>
        <The_Location_of_ZOR>944.031,1521.69,0</The_Location_of_ZOR>
        <The_Shape_of_ZOR>1</The_Shape_of_ZOR>
        <The_Length_of_ZOR>1000</The_Length_of_ZOR>
        <The_Width_of_ZOR>6.5</The_Width_of_ZOR>
        <The_Location_of_ZOF>944.031,1524.94,0</The_Location_of_ZOF>
        <The_Shape_of_ZOF>1</The_Shape_of_ZOF>
        <The_Length_of_ZOF>1000</The_Length_of_ZOF>
        <The_Width_of_ZOF>13</The_Width_of_ZOF>
        <The_Number_of_Received_Message_Nodes_ZOR>4</The_Number_of_Received_Message_Nodes_ZOR>
        <The_Number_of_Received_Message_Nodes_ZOF>10</The_Number_of_Received_Message_Nodes_ZOF>
        <The_Max_Hops>2</The_Max_Hops>
        <The_Max_Delay_Time>28.3585</The_Max_Delay_Time>
        <The_Number_of_Nodes_Which_Passing_Through_ZOR>28</The_Number_of_Nodes_Which_Passing_Through_ZOR>
        <The_Number_of_Nodes_Which_Passing_Through_ZOF>49</The_Number_of_Nodes_Which_Passing_Through_ZOF>
        <The_Packet_Delivery_Ratio>0.142857</The_Packet_Delivery_Ratio>
        <The_Efficiency>8.39589e-09</The_Efficiency>
    </Network_Identification_Number>
    <Network_Identification_Number ID="11">
        <Network_Created_by>255</Network_Created_by>
        <Network_Creating_Time>300.3</Network_Creating_Time>
        <Network_Time_to_live>111.926</Network_Time_to_live>
        <The_Location_of_ZOR>921.567,1521.69,0</The_Location_of_ZOR>
        <The_Shape_of_ZOR>1</The_Shape_of_ZOR>
        <The_Length_of_ZOR>1000</The_Length_of_ZOR>
        <The_Width_of_ZOR>6.5</The_Width_of_ZOR>
        <The_Location_of_ZOF>921.567,1524.94,0</The_Location_of_ZOF>
        <The_Shape_of_ZOF>1</The_Shape_of_ZOF>
        <The_Length_of_ZOF>1000</The_Length_of_ZOF>
        <The_Width_of_ZOF>13</The_Width_of_ZOF>
        <The_Number_of_Received_Message_Nodes_ZOR>4</The_Number_of_Received_Message_Nodes_ZOR>
        <The_Number_of_Received_Message_Nodes_ZOF>9</The_Number_of_Received_Message_Nodes_ZOF>
        <The_Max_Hops>2</The_Max_Hops>
        <The_Max_Delay_Time>26.7544</The_Max_Delay_Time>
        <The_Number_of_Nodes_Which_Passing_Through_ZOR>22</The_Number_of_Nodes_Which_Passing_Through_ZOR>
        <The_Number_of_Nodes_Which_Passing_Through_ZOF>48</The_Number_of_Nodes_Which_Passing_Through_ZOF>
        <The_Packet_Delivery_Ratio>0.181818</The_Packet_Delivery_Ratio>
        <The_Efficiency>1.13264e-08</The_Efficiency>
    </Network_Identification_Number>
    <Network_Identification_Number ID="12">
        <Network_Created_by>241</Network_Created_by>
        <Network_Creating_Time>300.3</Network_Creating_Time>
        <Network_Time_to_live>129.023</Network_Time_to_live>
        <The_Location_of_ZOR>1530.03,523.77,0</The_Location_of_ZOR>
        <The_Shape_of_ZOR>1</The_Shape_of_ZOR>
        <The_Length_of_ZOR>1000</The_Length_of_ZOR>
        <The_Width_of_ZOR>1000</The_Width_of_ZOR>
        <The_Location_of_ZOF>1530.03,523.77,0</The_Location_of_ZOF>
        <The_Shape_of_ZOF>1</The_Shape_of_ZOF>
        <The_Length_of_ZOF>1000</The_Length_of_ZOF>
        <The_Width_of_ZOF>1000</The_Width_of_ZOF>
        <The_Number_of_Received_Message_Nodes_ZOR>23</The_Number_of_Received_Message_Nodes_ZOR>
        <The_Number_of_Received_Message_Nodes_ZOF>23</The_Number_of_Received_Message_Nodes_ZOF>
        <The_Max_Hops>3</The_Max_Hops>
        <The_Max_Delay_Time>43.2545</The_Max_Delay_Time>
        <The_Number_of_Nodes_Which_Passing_Through_ZOR>56</The_Number_of_Nodes_Which_Passing_Through_ZOR>
        <The_Number_of_Nodes_Which_Passing_Through_ZOF>56</The_Number_of_Nodes_Which_Passing_Through_ZOF>
        <The_Packet_Delivery_Ratio>0.410714</The_Packet_Delivery_Ratio>
        <The_Efficiency>1.35647e-08</The_Efficiency>
    </Network_Identification_Number>
    <Network_Identification_Number ID="13">
        <Network_Created_by>235</Network_Created_by>
        <Network_Creating_Time>300.3</Network_Creating_Time>
        <Network_Time_to_live>162.594</Network_Time_to_live>
        <The_Location_of_ZOR>528.305,871.809,0</The_Location_of_ZOR>
        <The_Shape_of_ZOR>1</The_Shape_of_ZOR>
        <The_Length_of_ZOR>1000</The_Length_of_ZOR>
        <The_Width_of_ZOR>6.5</The_Width_of_ZOR>
        <The_Location_of_ZOF>525.055,871.809,0</The_Location_of_ZOF>
        <The_Shape_of_ZOF>1</The_Shape_of_ZOF>
        <The_Length_of_ZOF>1000</The_Length_of_ZOF>
        <The_Width_of_ZOF>13</The_Width_of_ZOF>
        <The_Number_of_Received_Message_Nodes_ZOR>22</The_Number_of_Received_Message_Nodes_ZOR>
        <The_Number_of_Received_Message_Nodes_ZOF>35</The_Number_of_Received_Message_Nodes_ZOF>
        <The_Max_Hops>3</The_Max_Hops>
        <The_Max_Delay_Time>24.156</The_Max_Delay_Time>
        <The_Number_of_Nodes_Which_Passing_Through_ZOR>49</The_Number_of_Nodes_Which_Passing_Through_ZOR>
        <The_Number_of_Nodes_Which_Passing_Through_ZOF>61</The_Number_of_Nodes_Which_Passing_Through_ZOF>
        <The_Packet_Delivery_Ratio>0.44898</The_Packet_Delivery_Ratio>
        <The_Efficiency>4.64667e-08</The_Efficiency>
    </Network_Identification_Number>
    <Network_Identification_Number ID="14">
        <Network_Created_by>226</Network_Created_by>
        <Network_Creating_Time>300.3</Network_Creating_Time>
        <Network_Time_to_live>220.48</Network_Time_to_live>
        <The_Location_of_ZOR>1521.7,161.125,0</The_Location_of_ZOR>
        <The_Shape_of_ZOR>1</The_Shape_of_ZOR>
        <The_Length_of_ZOR>1000</The_Length_of_ZOR>
        <The_Width_of_ZOR>6.5</The_Width_of_ZOR>
        <The_Location_of_ZOF>1524.95,161.125,0</The_Location_of_ZOF>
        <The_Shape_of_ZOF>1</The_Shape_of_ZOF>
        <The_Length_of_ZOF>1000</The_Length_of_ZOF>
        <The_Width_of_ZOF>13</The_Width_of_ZOF>
        <The_Number_of_Received_Message_Nodes_ZOR>10</The_Number_of_Received_Message_Nodes_ZOR>
        <The_Number_of_Received_Message_Nodes_ZOF>16</The_Number_of_Received_Message_Nodes_ZOF>
        <The_Max_Hops>4</The_Max_Hops>
        <The_Max_Delay_Time>24.8655</The_Max_Delay_Time>
        <The_Number_of_Nodes_Which_Passing_Through_ZOR>31</The_Number_of_Nodes_Which_Passing_Through_ZOR>
        <The_Number_of_Nodes_Which_Passing_Through_ZOF>47</The_Number_of_Nodes_Which_Passing_Through_ZOF>
        <The_Packet_Delivery_Ratio>0.322581</The_Packet_Delivery_Ratio>
        <The_Efficiency>4.32435e-08</The_Efficiency>
    </Network_Identification_Number>
    <Network_Identification_Number ID="15">
        <Network_Created_by>214</Network_Created_by>
        <Network_Creating_Time>300.3</Network_Creating_Time>
        <Network_Time_to_live>78.5154</Network_Time_to_live>
        <The_Location_of_ZOR>1495.96,521.705,0</The_Location_of_ZOR>
        <The_Shape_of_ZOR>1</The_Shape_of_ZOR>
        <The_Length_of_ZOR>1000</The_Length_of_ZOR>
        <The_Width_of_ZOR>6.5</The_Width_of_ZOR>
        <The_Location_of_ZOF>1495.96,524.955,0</The_Location_of_ZOF>
        <The_Shape_of_ZOF>1</The_Shape_of_ZOF>
        <The_Length_of_ZOF>1000</The_Length_of_ZOF>
        <The_Width_of_ZOF>13</The_Width_of_ZOF>
        <The_Number_of_Received_Message_Nodes_ZOR>1</The_Number_of_Received_Message_Nodes_ZOR>
        <The_Number_of_Received_Message_Nodes_ZOF>3</The_Number_of_Received_Message_Nodes_ZOF>
        <The_Max_Hops>1</The_Max_Hops>
        <The_Max_Delay_Time>42.2546</The_Max_Delay_Time>
        <The_Number_of_Nodes_Which_Passing_Through_ZOR>27</The_Number_of_Nodes_Which_Passing_Through_ZOR>
        <The_Number_of_Nodes_Which_Passing_Through_ZOF>34</The_Number_of_Nodes_Which_Passing_Through_ZOF>
        <The_Packet_Delivery_Ratio>0.037037</The_Packet_Delivery_Ratio>
        <The_Efficiency>7.30435e-10</The_Efficiency>
    </Network_Identification_Number>
    <Network_Identification_Number ID="16">
        <Network_Created_by>202</Network_Created_by>
        <Network_Creating_Time>300.3</Network_Creating_Time>
        <Network_Time_to_live>159.327</Network_Time_to_live>
        <The_Location_of_ZOR>1521.6,657.184,0</The_Location_of_ZOR>
        <The_Shape_of_ZOR>1</The_Shape_of_ZOR>
        <The_Length_of_ZOR>1000</The_Length_of_ZOR>
        <The_Width_of_ZOR>6.5</The_Width_of_ZOR>
        <The_Location_of_ZOF>1524.85,657.184,0</The_Location_of_ZOF>
        <The_Shape_of_ZOF>1</The_Shape_of_ZOF>
        <The_Length_of_ZOF>1000</The_Length_of_ZOF>
        <The_Width_of_ZOF>13</The_Width_of_ZOF>
        <The_Number_of_Received_Message_Nodes_ZOR>14</The_Number_of_Received_Message_Nodes_ZOR>
        <The_Number_of_Received_Message_Nodes_ZOF>17</The_Number_of_Received_Message_Nodes_ZOF>
        <The_Max_Hops>5</The_Max_Hops>
        <The_Max_Delay_Time>24.5873</The_Max_Delay_Time>
        <The_Number_of_Nodes_Which_Passing_Through_ZOR>40</The_Number_of_Nodes_Which_Passing_Through_ZOR>
        <The_Number_of_Nodes_Which_Passing_Through_ZOF>56</The_Number_of_Nodes_Which_Passing_Through_ZOF>
        <The_Packet_Delivery_Ratio>0.35</The_Packet_Delivery_Ratio>
        <The_Efficiency>5.93124e-08</The_Efficiency>
    </Network_Identification_Number>
    <Network_Identification_Number ID="17">
        <Network_Created_by>178</Network_Created_by>
        <Network_Creating_Time>300.3</Network_Creating_Time>
        <Network_Time_to_live>113.539</Network_Time_to_live>
        <The_Location_of_ZOR>1019.98,526.23,0</The_Location_of_ZOR>
        <The_Shape_of_ZOR>1</The_Shape_of_ZOR>
        <The_Length_of_ZOR>1000</The_Length_of_ZOR>
        <The_Width_of_ZOR>1000</The_Width_of_ZOR>
        <The_Location_of_ZOF>1019.98,526.23,0</The_Location_of_ZOF>
        <The_Shape_of_ZOF>1</The_Shape_of_ZOF>
        <The_Length_of_ZOF>1000</The_Length_of_ZOF>
        <The_Width_of_ZOF>1000</The_Width_of_ZOF>
        <The_Number_of_Received_Message_Nodes_ZOR>19</The_Number_of_Received_Message_Nodes_ZOR>
        <The_Number_of_Received_Message_Nodes_ZOF>19</The_Number_of_Received_Message_Nodes_ZOF>
        <The_Max_Hops>2</The_Max_Hops>
        <The_Max_Delay_Time>43.2546</The_Max_Delay_Time>
        <The_Number_of_Nodes_Which_Passing_Through_ZOR>101</The_Number_of_Nodes_Which_Passing_Through_ZOR>
        <The_Number_of_Nodes_Which_Passing_Through_ZOF>101</The_Number_of_Nodes_Which_Passing_Through_ZOF>
        <The_Packet_Delivery_Ratio>0.188119</The_Packet_Delivery_Ratio>
        <The_Efficiency>4.14201e-09</The_Efficiency>
    </Network_Identification_Number>
    <Network_Identification_Number ID="18">
        <Network_Created_by>139</Network_Created_by>
        <Network_Creating_Time>300.3</Network_Creating_Time>
        <Network_Time_to_live>169.151</Network_Time_to_live>
        <The_Location_of_ZOR>1521.7,705.702,0</The_Location_of_ZOR>
        <The_Shape_of_ZOR>1</The_Shape_of_ZOR>
        <The_Length_of_ZOR>1000</The_Length_of_ZOR>
        <The_Width_of_ZOR>6.5</The_Width_of_ZOR>
        <The_Location_of_ZOF>1524.95,705.702,0</The_Location_of_ZOF>
        <The_Shape_of_ZOF>1</The_Shape_of_ZOF>
        <The_Length_of_ZOF>1000</The_Length_of_ZOF>
        <The_Width_of_ZOF>13</The_Width_of_ZOF>
        <The_Number_of_Received_Message_Nodes_ZOR>17</The_Number_of_Received_Message_Nodes_ZOR>
        <The_Number_of_Received_Message_Nodes_ZOF>18</The_Number_of_Received_Message_Nodes_ZOF>
        <The_Max_Hops>4</The_Max_Hops>
        <The_Max_Delay_Time>22.9544</The_Max_Delay_Time>
        <The_Number_of_Nodes_Which_Passing_Through_ZOR>43</The_Number_of_Nodes_Which_Passing_Through_ZOR>
        <The_Number_of_Nodes_Which_Passing_Through_ZOF>63</The_Number_of_Nodes_Which_Passing_Through_ZOF>
        <The_Packet_Delivery_Ratio>0.395349</The_Packet_Delivery_Ratio>
        <The_Efficiency>5.74107e-08</The_Efficiency>
    </Network_Identification_Number>
    <Network_Identification_Number ID="19">
        <Network_Created_by>131</Network_Created_by>
        <Network_Creating_Time>300.3</Network_Creating_Time>
        <Network_Time_to_live>239.792</Network_Time_to_live>
        <The_Location_of_ZOR>1019.98,1026.23,0</The_Location_of_ZOR>
        <The_Shape_of_ZOR>1</The_Shape_of_ZOR>
        <The_Length_of_ZOR>1000</The_Length_of_ZOR>
        <The_Width_of_ZOR>1000</The_Width_of_ZOR>
        <The_Location_of_ZOF>1019.98,1026.23,0</The_Location_of_ZOF>
        <The_Shape_of_ZOF>1</The_Shape_of_ZOF>
        <The_Length_of_ZOF>1000</The_Length_of_ZOF>
        <The_Width_of_ZOF>1000</The_Width_of_ZOF>
        <The_Number_of_Received_Message_Nodes_ZOR>66</The_Number_of_Received_Message_Nodes_ZOR>
        <The_Number_of_Received_Message_Nodes_ZOF>66</The_Number_of_Received_Message_Nodes_ZOF>
        <The_Max_Hops>8</The_Max_Hops>
        <The_Max_Delay_Time>43.2543</The_Max_Delay_Time>
        <The_Number_of_Nodes_Which_Passing_Through_ZOR>157</The_Number_of_Nodes_Which_Passing_Through_ZOR>
        <The_Number_of_Nodes_Which_Passing_Through_ZOF>157</The_Number_of_Nodes_Which_Passing_Through_ZOF>
        <The_Packet_Delivery_Ratio>0.420382</The_Packet_Delivery_Ratio>
        <The_Efficiency>3.70242e-08</The_Efficiency>
    </Network_Identification_Number>
    <Network_Identification_Number ID="20">
        <Network_Created_by>130</Network_Created_by>
        <Network_Creating_Time>300.3</Network_Creating_Time>
        <Network_Time_to_live>123.416</Network_Time_to_live>
        <The_Location_of_ZOR>1054.33,1528.39,0</The_Location_of_ZOR>
        <The_Shape_of_ZOR>1</The_Shape_of_ZOR>
        <The_Length_of_ZOR>1000</The_Length_of_ZOR>
        <The_Width_of_ZOR>6.5</The_Width_of_ZOR>
        <The_Location_of_ZOF>1054.33,1525.14,0</The_Location_of_ZOF>
        <The_Shape_of_ZOF>1</The_Shape_of_ZOF>
        <The_Length_of_ZOF>1000</The_Length_of_ZOF>
        <The_Width_of_ZOF>13</The_Width_of_ZOF>
        <The_Number_of_Received_Message_Nodes_ZOR>6</The_Number_of_Received_Message_Nodes_ZOR>
        <The_Number_of_Received_Message_Nodes_ZOF>8</The_Number_of_Received_Message_Nodes_ZOF>
        <The_Max_Hops>1</The_Max_Hops>
        <The_Max_Delay_Time>43.1637</The_Max_Delay_Time>
        <The_Number_of_Nodes_Which_Passing_Through_ZOR>36</The_Number_of_Nodes_Which_Passing_Through_ZOR>
        <The_Number_of_Nodes_Which_Passing_Through_ZOF>44</The_Number_of_Nodes_Which_Passing_Through_ZOF>
        <The_Packet_Delivery_Ratio>0.166667</The_Packet_Delivery_Ratio>
        <The_Efficiency>3.21772e-09</The_Efficiency>
    </Network_Identification_Number>
    <Network_Identification_Number ID="21">
        <Network_Created_by>121</Network_Created_by>
        <Network_Creating_Time>300.3</Network_Creating_Time>
        <Network_Time_to_live>131.076</Network_Time_to_live>
        <The_Location_of_ZOR>1043.84,1028.3,0</The_Location_of_ZOR>
        <The_Shape_of_ZOR>1</The_Shape_of_ZOR>
        <The_Length_of_ZOR>1000</The_Length_of_ZOR>
        <The_Width_of_ZOR>6.5</The_Width_of_ZOR>
        <The_Location_of_ZOF>1043.84,1025.05,0</The_Location_of_ZOF>
        <The_Shape_of_ZOF>1</The_Shape_of_ZOF>
        <The_Length_of_ZOF>1000</The_Length_of_ZOF>
        <The_Width_of_ZOF>13</The_Width_of_ZOF>
        <The_Number_of_Received_Message_Nodes_ZOR>17</The_Number_of_Received_Message_Nodes_ZOR>
        <The_Number_of_Received_Message_Nodes_ZOF>22</The_Number_of_Received_Message_Nodes_ZOF>
        <The_Max_Hops>2</The_Max_Hops>
        <The_Max_Delay_Time>43.2547</The_Max_Delay_Time>
        <The_Number_of_Nodes_Which_Passing_Through_ZOR>41</The_Number_of_Nodes_Which_Passing_Through_ZOR>
        <The_Number_of_Nodes_Which_Passing_Through_ZOF>51</The_Number_of_Nodes_Which_Passing_Through_ZOF>
        <The_Packet_Delivery_Ratio>0.414634</The_Packet_Delivery_Ratio>
        <The_Efficiency>1.59765e-08</The_Efficiency>
    </Network_Identification_Number>
    <Network_Identification_Number ID="22">
        <Network_Created_by>114</Network_Created_by>
        <Network_Creating_Time>300.3</Network_Creating_Time>
        <Network_Time_to_live>116.379</Network_Time_to_live>
        <The_Location_of_ZOR>1051.35,1028.3,0</The_Location_of_ZOR>
        <The_Shape_of_ZOR>1</The_Shape_of_ZOR>
        <The_Length_of_ZOR>1000</The_Length_of_ZOR>
        <The_Width_of_ZOR>6.5</The_Width_of_ZOR>
        <The_Location_of_ZOF>1051.35,1025.05,0</The_Location_of_ZOF>
        <The_Shape_of_ZOF>1</The_Shape_of_ZOF>
        <The_Length_of_ZOF>1000</The_Length_of_ZOF>
        <The_Width_of_ZOF>13</The_Width_of_ZOF>
        <The_Number_of_Received_Message_Nodes_ZOR>18</The_Number_of_Received_Message_Nodes_ZOR>
        <The_Number_of_Received_Message_Nodes_ZOF>23</The_Number_of_Received_Message_Nodes_ZOF>
        <The_Max_Hops>3</The_Max_Hops>
        <The_Max_Delay_Time>43.2543</The_Max_Delay_Time>
        <The_Number_of_Nodes_Which_Passing_Through_ZOR>41</The_Number_of_Nodes_Which_Passing_Through_ZOR>
        <The_Number_of_Nodes_Which_Passing_Through_ZOF>51</The_Number_of_Nodes_Which_Passing_Through_ZOF>
        <The_Packet_Delivery_Ratio>0.439024</The_Packet_Delivery_Ratio>
        <The_Efficiency>2.53746e-08</The_Efficiency>
    </Network_Identification_Number>
    <Network_Identification_Number ID="23">
        <Network_Created_by>109</Network_Created_by>
        <Network_Creating_Time>300.3</Network_Creating_Time>
        <Network_Time_to_live>220.546</Network_Time_to_live>
        <The_Location_of_ZOR>1054.85,1528.31,0</The_Location_of_ZOR>
        <The_Shape_of_ZOR>1</The_Shape_of_ZOR>
        <The_Length_of_ZOR>1000</The_Length_of_ZOR>
        <The_Width_of_ZOR>6.5</The_Width_of_ZOR>
        <The_Location_of_ZOF>1054.85,1525.06,0</The_Location_of_ZOF>
        <The_Shape_of_ZOF>1</The_Shape_of_ZOF>
        <The_Length_of_ZOF>1000</The_Length_of_ZOF>
        <The_Width_of_ZOF>13</The_Width_of_ZOF>
        <The_Number_of_Received_Message_Nodes_ZOR>10</The_Number_of_Received_Message_Nodes_ZOR>
        <The_Number_of_Received_Message_Nodes_ZOF>20</The_Number_of_Received_Message_Nodes_ZOF>
        <The_Max_Hops>3</The_Max_Hops>
        <The_Max_Delay_Time>43.2544</The_Max_Delay_Time>
        <The_Number_of_Nodes_Which_Passing_Through_ZOR>58</The_Number_of_Nodes_Which_Passing_Through_ZOR>
        <The_Number_of_Nodes_Which_Passing_Through_ZOF>67</The_Number_of_Nodes_Which_Passing_Through_ZOF>
        <The_Packet_Delivery_Ratio>0.172414</The_Packet_Delivery_Ratio>
        <The_Efficiency>9.9651e-09</The_Efficiency>
    </Network_Identification_Number>
    <Network_Identification_Number ID="24">
        <Network_Created_by>107</Network_Created_by>
        <Network_Creating_Time>300.3</Network_Creating_Time>
        <Network_Time_to_live>184.656</Network_Time_to_live>
        <The_Location_of_ZOR>1519.97,1526.23,0</The_Location_of_ZOR>
        <The_Shape_of_ZOR>1</The_Shape_of_ZOR>
        <The_Length_of_ZOR>1000</The_Length_of_ZOR>
        <The_Width_of_ZOR>1000</The_Width_of_ZOR>
        <The_Location_of_ZOF>1519.97,1526.23,0</The_Location_of_ZOF>
        <The_Shape_of_ZOF>1</The_Shape_of_ZOF>
        <The_Length_of_ZOF>1000</The_Length_of_ZOF>
        <The_Width_of_ZOF>1000</The_Width_of_ZOF>
        <The_Number_of_Received_Message_Nodes_ZOR>67</The_Number_of_Received_Message_Nodes_ZOR>
        <The_Number_of_Received_Message_Nodes_ZOF>67</The_Number_of_Received_Message_Nodes_ZOF>
        <The_Max_Hops>3</The_Max_Hops>
        <The_Max_Delay_Time>43.2546</The_Max_Delay_Time>
        <The_Number_of_Nodes_Which_Passing_Through_ZOR>103</The_Number_of_Nodes_Which_Passing_Through_ZOR>
        <The_Number_of_Nodes_Which_Passing_Through_ZOF>103</The_Number_of_Nodes_Which_Passing_Through_ZOF>
        <The_Packet_Delivery_Ratio>0.650485</The_Packet_Delivery_Ratio>
        <The_Efficiency>2.14836e-08</The_Efficiency>
    </Network_Identification_Number>
    <Network_Identification_Number ID="25">
        <Network_Created_by>97</Network_Created_by>
        <Network_Creating_Time>300.3</Network_Creating_Time>
        <Network_Time_to_live>131.298</Network_Time_to_live>
        <The_Location_of_ZOR>1519.97,1026.23,0</The_Location_of_ZOR>
        <The_Shape_of_ZOR>1</The_Shape_of_ZOR>
        <The_Length_of_ZOR>1000</The_Length_of_ZOR>
        <The_Width_of_ZOR>1000</The_Width_of_ZOR>
        <The_Location_of_ZOF>1519.97,1026.23,0</The_Location_of_ZOF>
        <The_Shape_of_ZOF>1</The_Shape_of_ZOF>
        <The_Length_of_ZOF>1000</The_Length_of_ZOF>
        <The_Width_of_ZOF>1000</The_Width_of_ZOF>
        <The_Number_of_Received_Message_Nodes_ZOR>56</The_Number_of_Received_Message_Nodes_ZOR>
        <The_Number_of_Received_Message_Nodes_ZOF>56</The_Number_of_Received_Message_Nodes_ZOF>
        <The_Max_Hops>3</The_Max_Hops>
        <The_Max_Delay_Time>43.2545</The_Max_Delay_Time>
        <The_Number_of_Nodes_Which_Passing_Through_ZOR>94</The_Number_of_Nodes_Which_Passing_Through_ZOR>
        <The_Number_of_Nodes_Which_Passing_Through_ZOF>94</The_Number_of_Nodes_Which_Passing_Through_ZOF>
        <The_Packet_Delivery_Ratio>0.595745</The_Packet_Delivery_Ratio>
        <The_Efficiency>1.96757e-08</The_Efficiency>
    </Network_Identification_Number>
    <Network_Identification_Number ID="26">
        <Network_Created_by>88</Network_Created_by>
        <Network_Creating_Time>300.3</Network_Creating_Time>
        <Network_Time_to_live>108.601</Network_Time_to_live>
        <The_Location_of_ZOR>1042.45,1028.39,0</The_Location_of_ZOR>
        <The_Shape_of_ZOR>1</The_Shape_of_ZOR>
        <The_Length_of_ZOR>1000</The_Length_of_ZOR>
        <The_Width_of_ZOR>6.5</The_Width_of_ZOR>
        <The_Location_of_ZOF>1042.45,1025.14,0</The_Location_of_ZOF>
        <The_Shape_of_ZOF>1</The_Shape_of_ZOF>
        <The_Length_of_ZOF>1000</The_Length_of_ZOF>
        <The_Width_of_ZOF>13</The_Width_of_ZOF>
        <The_Number_of_Received_Message_Nodes_ZOR>6</The_Number_of_Received_Message_Nodes_ZOR>
        <The_Number_of_Received_Message_Nodes_ZOF>8</The_Number_of_Received_Message_Nodes_ZOF>
        <The_Max_Hops>2</The_Max_Hops>
        <The_Max_Delay_Time>40.9545</The_Max_Delay_Time>
        <The_Number_of_Nodes_Which_Passing_Through_ZOR>38</The_Number_of_Nodes_Which_Passing_Through_ZOR>
        <The_Number_of_Nodes_Which_Passing_Through_ZOF>49</The_Number_of_Nodes_Which_Passing_Through_ZOF>
        <The_Packet_Delivery_Ratio>0.157895</The_Packet_Delivery_Ratio>
        <The_Efficiency>6.42562e-09</The_Efficiency>
    </Network_Identification_Number>
    <Network_Identification_Number ID="27">
        <Network_Created_by>83</Network_Created_by>
        <Network_Creating_Time>300.3</Network_Creating_Time>
        <Network_Time_to_live>141.638</Network_Time_to_live>
        <The_Location_of_ZOR>530.02,1023.77,0</The_Location_of_ZOR>
        <The_Shape_of_ZOR>1</The_Shape_of_ZOR>
        <The_Length_of_ZOR>1000</The_Length_of_ZOR>
        <The_Width_of_ZOR>1000</The_Width_of_ZOR>
        <The_Location_of_ZOF>530.02,1023.77,0</The_Location_of_ZOF>
        <The_Shape_of_ZOF>1</The_Shape_of_ZOF>
        <The_Length_of_ZOF>1000</The_Length_of_ZOF>
        <The_Width_of_ZOF>1000</The_Width_of_ZOF>
        <The_Number_of_Received_Message_Nodes_ZOR>41</The_Number_of_Received_Message_Nodes_ZOR>
        <The_Number_of_Received_Message_Nodes_ZOF>41</The_Number_of_Received_Message_Nodes_ZOF>
        <The_Max_Hops>4</The_Max_Hops>
        <The_Max_Delay_Time>43.2543</The_Max_Delay_Time>
        <The_Number_of_Nodes_Which_Passing_Through_ZOR>110</The_Number_of_Nodes_Which_Passing_Through_ZOR>
        <The_Number_of_Nodes_Which_Passing_Through_ZOF>110</The_Number_of_Nodes_Which_Passing_Through_ZOF>
        <The_Packet_Delivery_Ratio>0.372727</The_Packet_Delivery_Ratio>
        <The_Efficiency>1.64135e-08</The_Efficiency>
    </Network_Identification_Number>
    <Network_Identification_Number ID="28">
        <Network_Created_by>77</Network_Created_by>
        <Network_Creating_Time>300.3</Network_Creating_Time>
        <Network_Time_to_live>78.0408</Network_Time_to_live>
        <The_Location_of_ZOR>610.277,1028.3,0</The_Location_of_ZOR>
        <The_Shape_of_ZOR>1</The_Shape_of_ZOR>
        <The_Length_of_ZOR>1000</The_Length_of_ZOR>
        <The_Width_of_ZOR>6.5</The_Width_of_ZOR>
        <The_Location_of_ZOF>610.277,1025.05,0</The_Location_of_ZOF>
        <The_Shape_of_ZOF>1</The_Shape_of_ZOF>
        <The_Length_of_ZOF>1000</The_Length_of_ZOF>
        <The_Width_of_ZOF>13</The_Width_of_ZOF>
        <The_Number_of_Received_Message_Nodes_ZOR>5</The_Number_of_Received_Message_Nodes_ZOR>
        <The_Number_of_Received_Message_Nodes_ZOF>8</The_Number_of_Received_Message_Nodes_ZOF>
        <The_Max_Hops>2</The_Max_Hops>
        <The_Max_Delay_Time>26.4669</The_Max_Delay_Time>
        <The_Number_of_Nodes_Which_Passing_Through_ZOR>32</The_Number_of_Nodes_Which_Passing_Through_ZOR>
        <The_Number_of_Nodes_Which_Passing_Through_ZOF>50</The_Number_of_Nodes_Which_Passing_Through_ZOF>
        <The_Packet_Delivery_Ratio>0.15625</The_Packet_Delivery_Ratio>
        <The_Efficiency>9.83932e-09</The_Efficiency>
    </Network_Identification_Number>
    <Network_Identification_Number ID="29">
        <Network_Created_by>62</Network_Created_by>
        <Network_Creating_Time>300.3</Network_Creating_Time>
        <Network_Time_to_live>77.5068</Network_Time_to_live>
        <The_Location_of_ZOR>993.149,1021.7,0</The_Location_of_ZOR>
        <The_Shape_of_ZOR>1</The_Shape_of_ZOR>
        <The_Length_of_ZOR>1000</The_Length_of_ZOR>
        <The_Width_of_ZOR>6.5</The_Width_of_ZOR>
        <The_Location_of_ZOF>993.149,1024.95,0</The_Location_of_ZOF>
        <The_Shape_of_ZOF>1</The_Shape_of_ZOF>
        <The_Length_of_ZOF>1000</The_Length_of_ZOF>
        <The_Width_of_ZOF>13</The_Width_of_ZOF>
        <The_Number_of_Received_Message_Nodes_ZOR>5</The_Number_of_Received_Message_Nodes_ZOR>
        <The_Number_of_Received_Message_Nodes_ZOF>10</The_Number_of_Received_Message_Nodes_ZOF>
        <The_Max_Hops>1</The_Max_Hops>
        <The_Max_Delay_Time>43.2548</The_Max_Delay_Time>
        <The_Number_of_Nodes_Which_Passing_Through_ZOR>33</The_Number_of_Nodes_Which_Passing_Through_ZOR>
        <The_Number_of_Nodes_Which_Passing_Through_ZOF>47</The_Number_of_Nodes_Which_Passing_Through_ZOF>
        <The_Packet_Delivery_Ratio>0.151515</The_Packet_Delivery_Ratio>
        <The_Efficiency>2.91904e-09</The_Efficiency>
    </Network_Identification_Number>
    <Network_Identification_Number ID="30">
        <Network_Created_by>59</Network_Created_by>
        <Network_Creating_Time>300.3</Network_Creating_Time>
        <Network_Time_to_live>144.624</Network_Time_to_live>
        <The_Location_of_ZOR>530.02,523.77,0</The_Location_of_ZOR>
        <The_Shape_of_ZOR>1</The_Shape_of_ZOR>
        <The_Length_of_ZOR>1000</The_Length_of_ZOR>
        <The_Width_of_ZOR>1000</The_Width_of_ZOR>
        <The_Location_of_ZOF>530.02,523.77,0</The_Location_of_ZOF>
        <The_Shape_of_ZOF>1</The_Shape_of_ZOF>
        <The_Length_of_ZOF>1000</The_Length_of_ZOF>
        <The_Width_of_ZOF>1000</The_Width_of_ZOF>
        <The_Number_of_Received_Message_Nodes_ZOR>36</The_Number_of_Received_Message_Nodes_ZOR>
        <The_Number_of_Received_Message_Nodes_ZOF>36</The_Number_of_Received_Message_Nodes_ZOF>
        <The_Max_Hops>3</The_Max_Hops>
        <The_Max_Delay_Time>43.2543</The_Max_Delay_Time>
        <The_Number_of_Nodes_Which_Passing_Through_ZOR>106</The_Number_of_Nodes_Which_Passing_Through_ZOR>
        <The_Number_of_Nodes_Which_Passing_Through_ZOF>106</The_Number_of_Nodes_Which_Passing_Through_ZOF>
        <The_Packet_Delivery_Ratio>0.339623</The_Packet_Delivery_Ratio>
        <The_Efficiency>1.12168e-08</The_Efficiency>
    </Network_Identification_Number>
    <Network_Identification_Number ID="31">
        <Network_Created_by>27</Network_Created_by>
        <Network_Creating_Time>300.3</Network_Creating_Time>
        <Network_Time_to_live>104.776</Network_Time_to_live>
        <The_Location_of_ZOR>530.02,1023.77,0</The_Location_of_ZOR>
        <The_Shape_of_ZOR>1</The_Shape_of_ZOR>
        <The_Length_of_ZOR>1000</The_Length_of_ZOR>
        <The_Width_of_ZOR>1000</The_Width_of_ZOR>
        <The_Location_of_ZOF>530.02,1023.77,0</The_Location_of_ZOF>
        <The_Shape_of_ZOF>1</The_Shape_of_ZOF>
        <The_Length_of_ZOF>1000</The_Length_of_ZOF>
        <The_Width_of_ZOF>1000</The_Width_of_ZOF>
        <The_Number_of_Received_Message_Nodes_ZOR>28</The_Number_of_Received_Message_Nodes_ZOR>
        <The_Number_of_Received_Message_Nodes_ZOF>28</The_Number_of_Received_Message_Nodes_ZOF>
        <The_Max_Hops>2</The_Max_Hops>
        <The_Max_Delay_Time>43.2545</The_Max_Delay_Time>
        <The_Number_of_Nodes_Which_Passing_Through_ZOR>96</The_Number_of_Nodes_Which_Passing_Through_ZOR>
        <The_Number_of_Nodes_Which_Passing_Through_ZOF>96</The_Number_of_Nodes_Which_Passing_Through_ZOF>
        <The_Packet_Delivery_Ratio>0.291667</The_Packet_Delivery_Ratio>
        <The_Efficiency>6.42194e-09</The_Efficiency>
    </Network_Identification_Number>
    <Network_Identification_Number ID="32">
        <Network_Created_by>26</Network_Created_by>
        <Network_Creating_Time>300.3</Network_Creating_Time>
        <Network_Time_to_live>236.143</Network_Time_to_live>
        <The_Location_of_ZOR>1638.16,1521.61,0</The_Location_of_ZOR>
        <The_Shape_of_ZOR>1</The_Shape_of_ZOR>
        <The_Length_of_ZOR>1000</The_Length_of_ZOR>
        <The_Width_of_ZOR>6.5</The_Width_of_ZOR>
        <The_Location_of_ZOF>1638.16,1524.86,0</The_Location_of_ZOF>
        <The_Shape_of_ZOF>1</The_Shape_of_ZOF>
        <The_Length_of_ZOF>1000</The_Length_of_ZOF>
        <The_Width_of_ZOF>13</The_Width_of_ZOF>
        <The_Number_of_Received_Message_Nodes_ZOR>5</The_Number_of_Received_Message_Nodes_ZOR>
        <The_Number_of_Received_Message_Nodes_ZOF>8</The_Number_of_Received_Message_Nodes_ZOF>
        <The_Max_Hops>4</The_Max_Hops>
        <The_Max_Delay_Time>21.6681</The_Max_Delay_Time>
        <The_Number_of_Nodes_Which_Passing_Through_ZOR>42</The_Number_of_Nodes_Which_Passing_Through_ZOR>
        <The_Number_of_Nodes_Which_Passing_Through_ZOF>57</The_Number_of_Nodes_Which_Passing_Through_ZOF>
        <The_Packet_Delivery_Ratio>0.119048</The_Packet_Delivery_Ratio>
        <The_Efficiency>1.83138e-08</The_Efficiency>
    </Network_Identification_Number>
    <Network_Identification_Number ID="33">
        <Network_Created_by>21</Network_Created_by>
        <Network_Creating_Time>300.3</Network_Creating_Time>
        <Network_Time_to_live>232.095</Network_Time_to_live>
        <The_Location_of_ZOR>1019.98,1026.23,0</The_Location_of_ZOR>
        <The_Shape_of_ZOR>1</The_Shape_of_ZOR>
        <The_Length_of_ZOR>1000</The_Length_of_ZOR>
        <The_Width_of_ZOR>1000</The_Width_of_ZOR>
        <The_Location_of_ZOF>1019.98,1026.23,0</The_Location_of_ZOF>
        <The_Shape_of_ZOF>1</The_Shape_of_ZOF>
        <The_Length_of_ZOF>1000</The_Length_of_ZOF>
        <The_Width_of_ZOF>1000</The_Width_of_ZOF>
        <The_Number_of_Received_Message_Nodes_ZOR>67</The_Number_of_Received_Message_Nodes_ZOR>
        <The_Number_of_Received_Message_Nodes_ZOF>67</The_Number_of_Received_Message_Nodes_ZOF>
        <The_Max_Hops>6</The_Max_Hops>
        <The_Max_Delay_Time>43.2546</The_Max_Delay_Time>
        <The_Number_of_Nodes_Which_Passing_Through_ZOR>154</The_Number_of_Nodes_Which_Passing_Through_ZOR>
        <The_Number_of_Nodes_Which_Passing_Through_ZOF>154</The_Number_of_Nodes_Which_Passing_Through_ZOF>
        <The_Packet_Delivery_Ratio>0.435065</The_Packet_Delivery_Ratio>
        <The_Efficiency>2.87378e-08</The_Efficiency>
    </Network_Identification_Number>
    <Network_Identification_Number ID="34">
        <Network_Created_by>14</Network_Created_by>
        <Network_Creating_Time>300.3</Network_Creating_Time>
        <Network_Time_to_live>163.005</Network_Time_to_live>
        <The_Location_of_ZOR>1528.3,1877.83,0</The_Location_of_ZOR>
        <The_Shape_of_ZOR>1</The_Shape_of_ZOR>
        <The_Length_of_ZOR>1000</The_Length_of_ZOR>
        <The_Width_of_ZOR>6.5</The_Width_of_ZOR>
        <The_Location_of_ZOF>1525.05,1877.83,0</The_Location_of_ZOF>
        <The_Shape_of_ZOF>1</The_Shape_of_ZOF>
        <The_Length_of_ZOF>1000</The_Length_of_ZOF>
        <The_Width_of_ZOF>13</The_Width_of_ZOF>
        <The_Number_of_Received_Message_Nodes_ZOR>17</The_Number_of_Received_Message_Nodes_ZOR>
        <The_Number_of_Received_Message_Nodes_ZOF>21</The_Number_of_Received_Message_Nodes_ZOF>
        <The_Max_Hops>4</The_Max_Hops>
        <The_Max_Delay_Time>24.8719</The_Max_Delay_Time>
        <The_Number_of_Nodes_Which_Passing_Through_ZOR>32</The_Number_of_Nodes_Which_Passing_Through_ZOR>
        <The_Number_of_Nodes_Which_Passing_Through_ZOF>41</The_Number_of_Nodes_Which_Passing_Through_ZOF>
        <The_Packet_Delivery_Ratio>0.53125</The_Packet_Delivery_Ratio>
        <The_Efficiency>7.11981e-08</The_Efficiency>
    </Network_Identification_Number>
    <Network_Identification_Number ID="35">
        <Network_Created_by>112</Network_Created_by>
        <Network_Creating_Time>300.4</Network_Creating_Time>
        <Network_Time_to_live>153.787</Network_Time_to_live>
        <The_Location_of_ZOR>869.965,1021.7,0</The_Location_of_ZOR>
        <The_Shape_of_ZOR>1</The_Shape_of_ZOR>
        <The_Length_of_ZOR>1000</The_Length_of_ZOR>
        <The_Width_of_ZOR>6.5</The_Width_of_ZOR>
        <The_Location_of_ZOF>869.965,1024.95,0</The_Location_of_ZOF>
        <The_Shape_of_ZOF>1</The_Shape_of_ZOF>
        <The_Length_of_ZOF>1000</The_Length_of_ZOF>
        <The_Width_of_ZOF>13</The_Width_of_ZOF>
        <The_Number_of_Received_Message_Nodes_ZOR>21</The_Number_of_Received_Message_Nodes_ZOR>
        <The_Number_of_Received_Message_Nodes_ZOF>32</The_Number_of_Received_Message_Nodes_ZOF>
        <The_Max_Hops>4</The_Max_Hops>
        <The_Max_Delay_Time>23.8545</The_Max_Delay_Time>
        <The_Number_of_Nodes_Which_Passing_Through_ZOR>50</The_Number_of_Nodes_Which_Passing_Through_ZOR>
        <The_Number_of_Nodes_Which_Passing_Through_ZOF>61</The_Number_of_Nodes_Which_Passing_Through_ZOF>
        <The_Packet_Delivery_Ratio>0.42</The_Packet_Delivery_Ratio>
        <The_Efficiency>5.86892e-08</The_Efficiency>
    </Network_Identification_Number>
    <Network_Identification_Number ID="36">
        <Network_Created_by>65</Network_Created_by>
        <Network_Creating_Time>300.4</Network_Creating_Time>
        <Network_Time_to_live>63.3339</Network_Time_to_live>
        <The_Location_of_ZOR>1030.02,523.77,0</The_Location_of_ZOR>
        <The_Shape_of_ZOR>1</The_Shape_of_ZOR>
        <The_Length_of_ZOR>1000</The_Length_of_ZOR>
        <The_Width_of_ZOR>1000</The_Width_of_ZOR>
        <The_Location_of_ZOF>1030.02,523.77,0</The_Location_of_ZOF>
        <The_Shape_of_ZOF>1</The_Shape_of_ZOF>
        <The_Length_of_ZOF>1000</The_Length_of_ZOF>
        <The_Width_of_ZOF>1000</The_Width_of_ZOF>
        <The_Number_of_Received_Message_Nodes_ZOR>11</The_Number_of_Received_Message_Nodes_ZOR>
        <The_Number_of_Received_Message_Nodes_ZOF>11</The_Number_of_Received_Message_Nodes_ZOF>
        <The_Max_Hops>1</The_Max_Hops>
        <The_Max_Delay_Time>43.2543</The_Max_Delay_Time>
        <The_Number_of_Nodes_Which_Passing_Through_ZOR>76</The_Number_of_Nodes_Which_Passing_Through_ZOR>
        <The_Number_of_Nodes_Which_Passing_Through_ZOF>76</The_Number_of_Nodes_Which_Passing_Through_ZOF>
        <The_Packet_Delivery_Ratio>0.144737</The_Packet_Delivery_Ratio>
        <The_Efficiency>1.59342e-09</The_Efficiency>
    </Network_Identification_Number>
    <Network_Identification_Number ID="37">
        <Network_Created_by>45</Network_Created_by>
        <Network_Creating_Time>300.4</Network_Creating_Time>
        <Network_Time_to_live>124.796</Network_Time_to_live>
        <The_Location_of_ZOR>528.305,1882,0</The_Location_of_ZOR>
        <The_Shape_of_ZOR>1</The_Shape_of_ZOR>
        <The_Length_of_ZOR>1000</The_Length_of_ZOR>
        <The_Width_of_ZOR>6.5</The_Width_of_ZOR>
        <The_Location_of_ZOF>525.055,1882,0</The_Location_of_ZOF>
        <The_Shape_of_ZOF>1</The_Shape_of_ZOF>
        <The_Length_of_ZOF>1000</The_Length_of_ZOF>
        <The_Width_of_ZOF>13</The_Width_of_ZOF>
        <The_Number_of_Received_Message_Nodes_ZOR>15</The_Number_of_Received_Message_Nodes_ZOR>
        <The_Number_of_Received_Message_Nodes_ZOF>24</The_Number_of_Received_Message_Nodes_ZOF>
        <The_Max_Hops>3</The_Max_Hops>
        <The_Max_Delay_Time>24.389</The_Max_Delay_Time>
        <The_Number_of_Nodes_Which_Passing_Through_ZOR>22</The_Number_of_Nodes_Which_Passing_Through_ZOR>
        <The_Number_of_Nodes_Which_Passing_Through_ZOF>30</The_Number_of_Nodes_Which_Passing_Through_ZOF>
        <The_Packet_Delivery_Ratio>0.681818</The_Packet_Delivery_Ratio>
        <The_Efficiency>6.98899e-08</The_Efficiency>
    </Network_Identification_Number>
    <Network_Identification_Number ID="38">
        <Network_Created_by>305</Network_Created_by>
        <Network_Creating_Time>301.1</Network_Creating_Time>
        <Network_Time_to_live>236.863</Network_Time_to_live>
        <The_Location_of_ZOR>-57.4175,528.295,0</The_Location_of_ZOR>
        <The_Shape_of_ZOR>1</The_Shape_of_ZOR>
        <The_Length_of_ZOR>1000</The_Length_of_ZOR>
        <The_Width_of_ZOR>6.5</The_Width_of_ZOR>
        <The_Location_of_ZOF>-57.4175,525.045,0</The_Location_of_ZOF>
        <The_Shape_of_ZOF>1</The_Shape_of_ZOF>
        <The_Length_of_ZOF>1000</The_Length_of_ZOF>
        <The_Width_of_ZOF>13</The_Width_of_ZOF>
        <The_Number_of_Received_Message_Nodes_ZOR>13</The_Number_of_Received_Message_Nodes_ZOR>
        <The_Number_of_Received_Message_Nodes_ZOF>15</The_Number_of_Received_Message_Nodes_ZOF>
        <The_Max_Hops>3</The_Max_Hops>
        <The_Max_Delay_Time>25.7706</The_Max_Delay_Time>
        <The_Number_of_Nodes_Which_Passing_Through_ZOR>16</The_Number_of_Nodes_Which_Passing_Through_ZOR>
        <The_Number_of_Nodes_Which_Passing_Through_ZOF>26</The_Number_of_Nodes_Which_Passing_Through_ZOF>
        <The_Packet_Delivery_Ratio>0.8125</The_Packet_Delivery_Ratio>
        <The_Efficiency>7.88205e-08</The_Efficiency>
    </Network_Identification_Number>
    <Network_Identification_Number ID="39">
        <Network_Created_by>304</Network_Created_by>
        <Network_Creating_Time>301.1</Network_Creating_Time>
        <Network_Time_to_live>89.2487</Network_Time_to_live>
        <The_Location_of_ZOR>-40.7378,528.295,0</The_Location_of_ZOR>
        <The_Shape_of_ZOR>1</The_Shape_of_ZOR>
        <The_Length_of_ZOR>1000</The_Length_of_ZOR>
        <The_Width_of_ZOR>6.5</The_Width_of_ZOR>
        <The_Location_of_ZOF>-40.7378,525.045,0</The_Location_of_ZOF>
        <The_Shape_of_ZOF>1</The_Shape_of_ZOF>
        <The_Length_of_ZOF>1000</The_Length_of_ZOF>
        <The_Width_of_ZOF>13</The_Width_of_ZOF>
        <The_Number_of_Received_Message_Nodes_ZOR>8</The_Number_of_Received_Message_Nodes_ZOR>
        <The_Number_of_Received_Message_Nodes_ZOF>9</The_Number_of_Received_Message_Nodes_ZOF>
        <The_Max_Hops>2</The_Max_Hops>
        <The_Max_Delay_Time>21.6591</The_Max_Delay_Time>
        <The_Number_of_Nodes_Which_Passing_Through_ZOR>9</The_Number_of_Nodes_Which_Passing_Through_ZOR>
        <The_Number_of_Nodes_Which_Passing_Through_ZOF>16</The_Number_of_Nodes_Which_Passing_Through_ZOF>
        <The_Packet_Delivery_Ratio>0.888889</The_Packet_Delivery_Ratio>
        <The_Efficiency>6.83999e-08</The_Efficiency>
    </Network_Identification_Number>
    <Network_Identification_Number ID="40">
        <Network_Created_by>280</Network_Created_by>
        <Network_Creating_Time>301.2</Network_Creating_Time>
        <Network_Time_to_live>121.017</Network_Time_to_live>
        <The_Location_of_ZOR>519.98,526.23,0</The_Location_of_ZOR>
        <The_Shape_of_ZOR>1</The_Shape_of_ZOR>
        <The_Length_of_ZOR>1000</The_Length_of_ZOR>
        <The_Width_of_ZOR>1000</The_Width_of_ZOR>
        <The_Location_of_ZOF>519.98,526.23,0</The_Location_of_ZOF>
        <The_Shape_of_ZOF>1</The_Shape_of_ZOF>
        <The_Length_of_ZOF>1000</The_Length_of_ZOF>
        <The_Width_of_ZOF>1000</The_Width_of_ZOF>
        <The_Number_of_Received_Message_Nodes_ZOR>23</The_Number_of_Received_Message_Nodes_ZOR>
        <The_Number_of_Received_Message_Nodes_ZOF>23</The_Number_of_Received_Message_Nodes_ZOF>
        <The_Max_Hops>2</The_Max_Hops>
        <The_Max_Delay_Time>43.2545</The_Max_Delay_Time>
        <The_Number_of_Nodes_Which_Passing_Through_ZOR>91</The_Number_of_Nodes_Which_Passing_Through_ZOR>
        <The_Number_of_Nodes_Which_Passing_Through_ZOF>91</The_Number_of_Nodes_Which_Passing_Through_ZOF>
        <The_Packet_Delivery_Ratio>0.252747</The_Packet_Delivery_Ratio>
        <The_Efficiency>5.565e-09</The_Efficiency>
    </Network_Identification_Number>
    <Network_Identification_Number ID="41">
        <Network_Created_by>311</Network_Created_by>
        <Network_Creating_Time>305.5</Network_Creating_Time>
        <Network_Time_to_live>117.78</Network_Time_to_live>
        <The_Location_of_ZOR>2077.38,1021.61,0</The_Location_of_ZOR>
        <The_Shape_of_ZOR>1</The_Shape_of_ZOR>
        <The_Length_of_ZOR>1000</The_Length_of_ZOR>
        <The_Width_of_ZOR>6.5</The_Width_of_ZOR>
        <The_Location_of_ZOF>2077.38,1024.86,0</The_Location_of_ZOF>
        <The_Shape_of_ZOF>1</The_Shape_of_ZOF>
        <The_Length_of_ZOF>1000</The_Length_of_ZOF>
        <The_Width_of_ZOF>13</The_Width_of_ZOF>
        <The_Number_of_Received_Message_Nodes_ZOR>3</The_Number_of_Received_Message_Nodes_ZOR>
        <The_Number_of_Received_Message_Nodes_ZOF>3</The_Number_of_Received_Message_Nodes_ZOF>
        <The_Max_Hops>3</The_Max_Hops>
        <The_Max_Delay_Time>21.6983</The_Max_Delay_Time>
        <The_Number_of_Nodes_Which_Passing_Through_ZOR>5</The_Number_of_Nodes_Which_Passing_Through_ZOR>
        <The_Number_of_Nodes_Which_Passing_Through_ZOF>13</The_Number_of_Nodes_Which_Passing_Through_ZOF>
        <The_Packet_Delivery_Ratio>0.6</The_Packet_Delivery_Ratio>
        <The_Efficiency>6.91297e-08</The_Efficiency>
    </Network_Identification_Number>
    <Network_Identification_Number ID="42">
        <Network_Created_by>40</Network_Created_by>
        <Network_Creating_Time>305.6</Network_Creating_Time>
        <Network_Time_to_live>90.0326</Network_Time_to_live>
        <The_Location_of_ZOR>1521.6,409.163,0</The_Location_of_ZOR>
        <The_Shape_of_ZOR>1</The_Shape_of_ZOR>
        <The_Length_of_ZOR>1000</The_Length_of_ZOR>
        <The_Width_of_ZOR>6.5</The_Width_of_ZOR>
        <The_Location_of_ZOF>1524.85,409.163,0</The_Location_of_ZOF>
        <The_Shape_of_ZOF>1</The_Shape_of_ZOF>
        <The_Length_of_ZOF>1000</The_Length_of_ZOF>
        <The_Width_of_ZOF>13</The_Width_of_ZOF>
        <The_Number_of_Received_Message_Nodes_ZOR>5</The_Number_of_Received_Message_Nodes_ZOR>
        <The_Number_of_Received_Message_Nodes_ZOF>5</The_Number_of_Received_Message_Nodes_ZOF>
        <The_Max_Hops>3</The_Max_Hops>
        <The_Max_Delay_Time>21.6578</The_Max_Delay_Time>
        <The_Number_of_Nodes_Which_Passing_Through_ZOR>19</The_Number_of_Nodes_Which_Passing_Through_ZOR>
        <The_Number_of_Nodes_Which_Passing_Through_ZOF>25</The_Number_of_Nodes_Which_Passing_Through_ZOF>
        <The_Packet_Delivery_Ratio>0.263158</The_Packet_Delivery_Ratio>
        <The_Efficiency>3.03768e-08</The_Efficiency>
    </Network_Identification_Number>
    <Network_Identification_Number ID="43">
        <Network_Created_by>309</Network_Created_by>
        <Network_Creating_Time>305.7</Network_Creating_Time>
        <Network_Time_to_live>156.664</Network_Time_to_live>
        <The_Location_of_ZOR>1028.3,2046.39,0</The_Location_of_ZOR>
        <The_Shape_of_ZOR>1</The_Shape_of_ZOR>
        <The_Length_of_ZOR>1000</The_Length_of_ZOR>
        <The_Width_of_ZOR>6.5</The_Width_of_ZOR>
        <The_Location_of_ZOF>1025.05,2046.39,0</The_Location_of_ZOF>
        <The_Shape_of_ZOF>1</The_Shape_of_ZOF>
        <The_Length_of_ZOF>1000</The_Length_of_ZOF>
        <The_Width_of_ZOF>13</The_Width_of_ZOF>
        <The_Number_of_Received_Message_Nodes_ZOR>12</The_Number_of_Received_Message_Nodes_ZOR>
        <The_Number_of_Received_Message_Nodes_ZOF>14</The_Number_of_Received_Message_Nodes_ZOF>
        <The_Max_Hops>2</The_Max_Hops>
        <The_Max_Delay_Time>21.6626</The_Max_Delay_Time>
        <The_Number_of_Nodes_Which_Passing_Through_ZOR>14</The_Number_of_Nodes_Which_Passing_Through_ZOR>
        <The_Number_of_Nodes_Which_Passing_Through_ZOF>19</The_Number_of_Nodes_Which_Passing_Through_ZOF>
        <The_Packet_Delivery_Ratio>0.857143</The_Packet_Delivery_Ratio>
        <The_Efficiency>6.59465e-08</The_Efficiency>
    </Network_Identification_Number>
    <Network_Identification_Number ID="44">
        <Network_Created_by>303</Network_Created_by>
        <Network_Creating_Time>305.7</Network_Creating_Time>
        <Network_Time_to_live>134.128</Network_Time_to_live>
        <The_Location_of_ZOR>1028.3,2017.78,0</The_Location_of_ZOR>
        <The_Shape_of_ZOR>1</The_Shape_of_ZOR>
        <The_Length_of_ZOR>1000</The_Length_of_ZOR>
        <The_Width_of_ZOR>6.5</The_Width_of_ZOR>
        <The_Location_of_ZOF>1025.05,2017.78,0</The_Location_of_ZOF>
        <The_Shape_of_ZOF>1</The_Shape_of_ZOF>
        <The_Length_of_ZOF>1000</The_Length_of_ZOF>
        <The_Width_of_ZOF>13</The_Width_of_ZOF>
        <The_Number_of_Received_Message_Nodes_ZOR>11</The_Number_of_Received_Message_Nodes_ZOR>
        <The_Number_of_Received_Message_Nodes_ZOF>16</The_Number_of_Received_Message_Nodes_ZOF>
        <The_Max_Hops>3</The_Max_Hops>
        <The_Max_Delay_Time>21.6739</The_Max_Delay_Time>
        <The_Number_of_Nodes_Which_Passing_Through_ZOR>24</The_Number_of_Nodes_Which_Passing_Through_ZOR>
        <The_Number_of_Nodes_Which_Passing_Through_ZOF>27</The_Number_of_Nodes_Which_Passing_Through_ZOF>
        <The_Packet_Delivery_Ratio>0.458333</The_Packet_Delivery_Ratio>
        <The_Efficiency>5.28669e-08</The_Efficiency>
    </Network_Identification_Number>
    <Network_Identification_Number ID="45">
        <Network_Created_by>8</Network_Created_by>
        <Network_Creating_Time>305.8</Network_Creating_Time>
        <Network_Time_to_live>212.641</Network_Time_to_live>
        <The_Location_of_ZOR>1532.88,1521.69,0</The_Location_of_ZOR>
        <The_Shape_of_ZOR>1</The_Shape_of_ZOR>
        <The_Length_of_ZOR>1000</The_Length_of_ZOR>
        <The_Width_of_ZOR>6.5</The_Width_of_ZOR>
        <The_Location_of_ZOF>1532.88,1524.94,0</The_Location_of_ZOF>
        <The_Shape_of_ZOF>1</The_Shape_of_ZOF>
        <The_Length_of_ZOF>1000</The_Length_of_ZOF>
        <The_Width_of_ZOF>13</The_Width_of_ZOF>
        <The_Number_of_Received_Message_Nodes_ZOR>11</The_Number_of_Received_Message_Nodes_ZOR>
        <The_Number_of_Received_Message_Nodes_ZOF>22</The_Number_of_Received_Message_Nodes_ZOF>
        <The_Max_Hops>4</The_Max_Hops>
        <The_Max_Delay_Time>21.6546</The_Max_Delay_Time>
        <The_Number_of_Nodes_Which_Passing_Through_ZOR>42</The_Number_of_Nodes_Which_Passing_Through_ZOR>
        <The_Number_of_Nodes_Which_Passing_Through_ZOF>57</The_Number_of_Nodes_Which_Passing_Through_ZOF>
        <The_Packet_Delivery_Ratio>0.261905</The_Packet_Delivery_Ratio>
        <The_Efficiency>4.03155e-08</The_Efficiency>
    </Network_Identification_Number>
    <Network_Identification_Number ID="46">
        <Network_Created_by>211</Network_Created_by>
        <Network_Creating_Time>310.5</Network_Creating_Time>
        <Network_Time_to_live>143.421</Network_Time_to_live>
        <The_Location_of_ZOR>1019.98,1526.23,0</The_Location_of_ZOR>
        <The_Shape_of_ZOR>1</The_Shape_of_ZOR>
        <The_Length_of_ZOR>1000</The_Length_of_ZOR>
        <The_Width_of_ZOR>1000</The_Width_of_ZOR>
        <The_Location_of_ZOF>1019.98,1526.23,0</The_Location_of_ZOF>
        <The_Shape_of_ZOF>1</The_Shape_of_ZOF>
        <The_Length_of_ZOF>1000</The_Length_of_ZOF>
        <The_Width_of_ZOF>1000</The_Width_of_ZOF>
        <The_Number_of_Received_Message_Nodes_ZOR>40</The_Number_of_Received_Message_Nodes_ZOR>
        <The_Number_of_Received_Message_Nodes_ZOF>40</The_Number_of_Received_Message_Nodes_ZOF>
        <The_Max_Hops>3</The_Max_Hops>
        <The_Max_Delay_Time>43.2544</The_Max_Delay_Time>
        <The_Number_of_Nodes_Which_Passing_Through_ZOR>106</The_Number_of_Nodes_Which_Passing_Through_ZOR>
        <The_Number_of_Nodes_Which_Passing_Through_ZOF>106</The_Number_of_Nodes_Which_Passing_Through_ZOF>
        <The_Packet_Delivery_Ratio>0.377358</The_Packet_Delivery_Ratio>
        <The_Efficiency>1.24631e-08</The_Efficiency>
    </Network_Identification_Number>
    <Network_Identification_Number ID="47">
        <Network_Created_by>210</Network_Created_by>
        <Network_Creating_Time>310.5</Network_Creating_Time>
        <Network_Time_to_live>101.534</Network_Time_to_live>
        <The_Location_of_ZOR>489.517,1528.31,0</The_Location_of_ZOR>
        <The_Shape_of_ZOR>1</The_Shape_of_ZOR>
        <The_Length_of_ZOR>1000</The_Length_of_ZOR>
        <The_Width_of_ZOR>6.5</The_Width_of_ZOR>
        <The_Location_of_ZOF>489.517,1525.06,0</The_Location_of_ZOF>
        <The_Shape_of_ZOF>1</The_Shape_of_ZOF>
        <The_Length_of_ZOF>1000</The_Length_of_ZOF>
        <The_Width_of_ZOF>13</The_Width_of_ZOF>
        <The_Number_of_Received_Message_Nodes_ZOR>2</The_Number_of_Received_Message_Nodes_ZOR>
        <The_Number_of_Received_Message_Nodes_ZOF>2</The_Number_of_Received_Message_Nodes_ZOF>
        <The_Max_Hops>2</The_Max_Hops>
        <The_Max_Delay_Time>21.6568</The_Max_Delay_Time>
        <The_Number_of_Nodes_Which_Passing_Through_ZOR>26</The_Number_of_Nodes_Which_Passing_Through_ZOR>
        <The_Number_of_Nodes_Which_Passing_Through_ZOF>33</The_Number_of_Nodes_Which_Passing_Through_ZOF>
        <The_Packet_Delivery_Ratio>0.0769231</The_Packet_Delivery_Ratio>
        <The_Efficiency>5.91984e-09</The_Efficiency>
    </Network_Identification_Number>
    <Network_Identification_Number ID="48">
        <Network_Created_by>129</Network_Created_by>
        <Network_Creating_Time>310.5</Network_Creating_Time>
        <Network_Time_to_live>134.051</Network_Time_to_live>
        <The_Location_of_ZOR>1021.71,968.336,0</The_Location_of_ZOR>
        <The_Shape_of_ZOR>1</The_Shape_of_ZOR>
        <The_Length_of_ZOR>1000</The_Length_of_ZOR>
        <The_Width_of_ZOR>6.5</The_Width_of_ZOR>
        <The_Location_of_ZOF>1024.95,968.336,0</The_Location_of_ZOF>
        <The_Shape_of_ZOF>1</The_Shape_of_ZOF>
        <The_Length_of_ZOF>1000</The_Length_of_ZOF>
        <The_Width_of_ZOF>13</The_Width_of_ZOF>
        <The_Number_of_Received_Message_Nodes_ZOR>6</The_Number_of_Received_Message_Nodes_ZOR>
        <The_Number_of_Received_Message_Nodes_ZOF>9</The_Number_of_Received_Message_Nodes_ZOF>
        <The_Max_Hops>2</The_Max_Hops>
        <The_Max_Delay_Time>21.6664</The_Max_Delay_Time>
        <The_Number_of_Nodes_Which_Passing_Through_ZOR>34</The_Number_of_Nodes_Which_Passing_Through_ZOR>
        <The_Number_of_Nodes_Which_Passing_Through_ZOF>43</The_Number_of_Nodes_Which_Passing_Through_ZOF>
        <The_Packet_Delivery_Ratio>0.176471</The_Packet_Delivery_Ratio>
        <The_Efficiency>1.35748e-08</The_Efficiency>
    </Network_Identification_Number>
    <Network_Identification_Number ID="49">
        <Network_Created_by>319</Network_Created_by>
        <Network_Creating_Time>318.6</Network_Creating_Time>
        <Network_Time_to_live>195</Network_Time_to_live>
        <The_Location_of_ZOR>518.55,1525,0</The_Location_of_ZOR>
        <The_Shape_of_ZOR>1</The_Shape_of_ZOR>
        <The_Length_of_ZOR>1000</The_Length_of_ZOR>
        <The_Width_of_ZOR>1000</The_Width_of_ZOR>
        <The_Location_of_ZOF>518.55,1525,0</The_Location_of_ZOF>
        <The_Shape_of_ZOF>1</The_Shape_of_ZOF>
        <The_Length_of_ZOF>1000</The_Length_of_ZOF>
        <The_Width_of_ZOF>1000</The_Width_of_ZOF>
        <The_Number_of_Received_Message_Nodes_ZOR>63</The_Number_of_Received_Message_Nodes_ZOR>
        <The_Number_of_Received_Message_Nodes_ZOF>63</The_Number_of_Received_Message_Nodes_ZOF>
        <The_Max_Hops>4</The_Max_Hops>
        <The_Max_Delay_Time>21.6869</The_Max_Delay_Time>
        <The_Number_of_Nodes_Which_Passing_Through_ZOR>90</The_Number_of_Nodes_Which_Passing_Through_ZOR>
        <The_Number_of_Nodes_Which_Passing_Through_ZOF>90</The_Number_of_Nodes_Which_Passing_Through_ZOF>
        <The_Packet_Delivery_Ratio>0.7</The_Packet_Delivery_Ratio>
        <The_Efficiency>6.14811e-08</The_Efficiency>
    </Network_Identification_Number>
</Protocol>
